WARNING: A restricted method in java.lang.System has been called
WARNING: java.lang.System::load has been called by io.netty.util.internal.NativeLibraryUtil in an unnamed module (file:/home/codespace/.cache/firebase/emulators/firebase-database-emulator-v4.11.2.jar)
WARNING: Use --enable-native-access=ALL-UNNAMED to avoid a warning for callers in this module
WARNING: Restricted methods will be blocked in a future release unless native access is enabled

WARNING: A terminally deprecated method in sun.misc.Unsafe has been called
WARNING: sun.misc.Unsafe::objectFieldOffset has been called by akka.util.Unsafe (file:/home/codespace/.cache/firebase/emulators/firebase-database-emulator-v4.11.2.jar)
WARNING: Please consider reporting this to the maintainers of class akka.util.Unsafe
WARNING: sun.misc.Unsafe::objectFieldOffset will be removed in a future release
13:30:08.691 [NamespaceSystem-akka.actor.default-dispatcher-5] INFO akka.event.slf4j.Slf4jLogger - Slf4jLogger started
13:30:09.227 [main] INFO com.firebase.server.forge.App$ - Listening at 127.0.0.1:9000
13:30:12.557 [NamespaceSystem-akka.actor.default-dispatcher-5] INFO com.firebase.core.namespace.NamespaceActor - site-amm-test-default-rtdb successfully activated FBKV (SurveyIdle(0)) wait: 212ms, init: 0ms
13:30:12.667 [NamespaceSystem-blocking-namespace-operation-dispatcher-7] ERROR com.firebase.core.namespace.rules.util.ValidationContext - invalid path (users.manage) found while validating ruleset (thread: NamespaceSystem-blocking-namespace-operation-dispatcher-7)
com.firebase.core.namespace.rules.util.ExpressionValidationException: String can't contain ".", "#", "$", "/", "[", or "]"
	at com.firebase.core.namespace.rules.ast.Helpers$.validationError(Helpers.scala:29)
	at com.firebase.core.namespace.rules.util.ValidationContext.maybeValidateStringLiteralAsPath(ValidationContext.scala:59)
	at com.firebase.core.namespace.rules.ast.StringLiteral.validate(Literals.scala:51)
	at com.firebase.core.namespace.rules.ast.members.data.Child$.validate(Child.scala:15)
	at com.firebase.core.namespace.rules.ast.FunctionCall.validate(FunctionCall.scala:32)
	at com.firebase.core.namespace.rules.ast.PropertyGet.validate(PropertyGet.scala:77)
	at com.firebase.core.namespace.rules.ast.FunctionCall.validate(FunctionCall.scala:23)
	at com.firebase.core.namespace.rules.ast.Equals.validate(EqualityOperators.scala:51)
	at com.firebase.core.namespace.rules.ast.Or.validate(LogicalOperators.scala:54)
	at com.firebase.core.namespace.rules.ast.Or.validate(LogicalOperators.scala:54)
	at com.firebase.core.namespace.rules.ast.And.validate(LogicalOperators.scala:25)
	at com.firebase.core.namespace.rules.tree.RuleExpression.validate(RuleExpression.scala:76)
	at com.firebase.core.namespace.rules.tree.RuleNode.$anonfun$validateRule$1(RuleNode.scala:68)
	at com.firebase.core.namespace.rules.tree.RuleNode.$anonfun$validateRule$1$adapted(RuleNode.scala:68)
	at scala.Option.foreach(Option.scala:407)
	at com.firebase.core.namespace.rules.tree.RuleNode.validateRule(RuleNode.scala:68)
	at com.firebase.core.namespace.rules.tree.RuleNode.validateRule(RuleNode.scala:85)
	at com.firebase.core.namespace.rules.tree.RuleNode.$anonfun$validateRule$6(RuleNode.scala:81)
	at com.firebase.core.namespace.rules.tree.RuleNode.$anonfun$validateRule$6$adapted(RuleNode.scala:80)
	at scala.collection.IndexedSeqOptimized.foreach(IndexedSeqOptimized.scala:36)
	at scala.collection.IndexedSeqOptimized.foreach$(IndexedSeqOptimized.scala:33)
	at scala.collection.mutable.ArrayOps$ofRef.foreach(ArrayOps.scala:198)
	at com.firebase.core.namespace.rules.tree.RuleNode.validateRule(RuleNode.scala:80)
	at com.firebase.core.namespace.rules.tree.RuleNodeParser$.$anonfun$parse$1(RuleNodeParser.scala:38)
	at scala.util.DynamicVariable.withValue(DynamicVariable.scala:62)
	at com.firebase.core.namespace.rules.tree.RuleNodeParser$.parse(RuleNodeParser.scala:29)
	at com.firebase.core.namespace.NamespaceManager.parseUntrustedRules(NamespaceManager.scala:266)
	at com.firebase.core.namespace.NamespaceManager.validateRules(NamespaceManager.scala:288)
	at com.firebase.core.namespace.NamespaceActor.handleNewRules(NamespaceActor.scala:1801)
	at com.firebase.core.namespace.NamespaceActor.handleAllowedAdminMessage(NamespaceActor.scala:780)
	at com.firebase.core.namespace.NamespaceActor.handleAdminMessage(NamespaceActor.scala:771)
	at com.firebase.core.namespace.NamespaceActor.$anonfun$handleEnvelope$9(NamespaceActor.scala:689)
	at scala.concurrent.Future$.$anonfun$apply$1(Future.scala:659)
	at scala.util.Success.$anonfun$map$1(Try.scala:255)
	at scala.util.Success.map(Try.scala:213)
	at scala.concurrent.Future.$anonfun$map$1(Future.scala:292)
	at scala.concurrent.impl.Promise.liftedTree1$1(Promise.scala:33)
	at scala.concurrent.impl.Promise.$anonfun$transform$1(Promise.scala:33)
	at scala.concurrent.impl.CallbackRunnable.run(Promise.scala:64)
	at com.firebase.core.util.LoggingExecutionContextExecutor.$anonfun$execute$3(LoggingExecutionContextExecutor.scala:23)
	at scala.runtime.java8.JFunction0$mcV$sp.apply(JFunction0$mcV$sp.java:23)
	at com.firebase.core.util.LoggingExecutionContextExecutor.wrapExecution(LoggingExecutionContextExecutor.scala:29)
	at com.firebase.core.util.LoggingExecutionContextExecutor.$anonfun$execute$2(LoggingExecutionContextExecutor.scala:23)
	at akka.dispatch.TaskInvocation.run(AbstractDispatcher.scala:48)
	at akka.dispatch.ForkJoinExecutorConfigurator$AkkaForkJoinTask.exec(ForkJoinExecutorConfigurator.scala:48)
	at java.base/java.util.concurrent.ForkJoinTask.doExec(ForkJoinTask.java:511)
	at java.base/java.util.concurrent.ForkJoinPool$WorkQueue.topLevelExec(ForkJoinPool.java:1450)
	at java.base/java.util.concurrent.ForkJoinPool.runWorker(ForkJoinPool.java:2019)
	at java.base/java.util.concurrent.ForkJoinWorkerThread.run(ForkJoinWorkerThread.java:187)
13:30:12.670 [NamespaceSystem-blocking-namespace-operation-dispatcher-7] ERROR com.firebase.core.namespace.rules.util.ValidationContext - invalid path (users.manage) found while validating ruleset (thread: NamespaceSystem-blocking-namespace-operation-dispatcher-7)
com.firebase.core.namespace.rules.util.ExpressionValidationException: String can't contain ".", "#", "$", "/", "[", or "]"
	at com.firebase.core.namespace.rules.ast.Helpers$.validationError(Helpers.scala:29)
	at com.firebase.core.namespace.rules.util.ValidationContext.maybeValidateStringLiteralAsPath(ValidationContext.scala:59)
	at com.firebase.core.namespace.rules.ast.StringLiteral.validate(Literals.scala:51)
	at com.firebase.core.namespace.rules.ast.members.data.Child$.validate(Child.scala:15)
	at com.firebase.core.namespace.rules.ast.FunctionCall.validate(FunctionCall.scala:32)
	at com.firebase.core.namespace.rules.ast.PropertyGet.validate(PropertyGet.scala:77)
	at com.firebase.core.namespace.rules.ast.FunctionCall.validate(FunctionCall.scala:23)
	at com.firebase.core.namespace.rules.ast.Equals.validate(EqualityOperators.scala:51)
	at com.firebase.core.namespace.rules.ast.Or.validate(LogicalOperators.scala:54)
	at com.firebase.core.namespace.rules.ast.And.validate(LogicalOperators.scala:25)
	at com.firebase.core.namespace.rules.tree.RuleExpression.validate(RuleExpression.scala:76)
	at com.firebase.core.namespace.rules.tree.RuleNode.$anonfun$validateRule$2(RuleNode.scala:69)
	at com.firebase.core.namespace.rules.tree.RuleNode.$anonfun$validateRule$2$adapted(RuleNode.scala:69)
	at scala.Option.foreach(Option.scala:407)
	at com.firebase.core.namespace.rules.tree.RuleNode.validateRule(RuleNode.scala:69)
	at com.firebase.core.namespace.rules.tree.RuleNode.validateRule(RuleNode.scala:85)
	at com.firebase.core.namespace.rules.tree.RuleNode.$anonfun$validateRule$6(RuleNode.scala:81)
	at com.firebase.core.namespace.rules.tree.RuleNode.$anonfun$validateRule$6$adapted(RuleNode.scala:80)
	at scala.collection.IndexedSeqOptimized.foreach(IndexedSeqOptimized.scala:36)
	at scala.collection.IndexedSeqOptimized.foreach$(IndexedSeqOptimized.scala:33)
	at scala.collection.mutable.ArrayOps$ofRef.foreach(ArrayOps.scala:198)
	at com.firebase.core.namespace.rules.tree.RuleNode.validateRule(RuleNode.scala:80)
	at com.firebase.core.namespace.rules.tree.RuleNodeParser$.$anonfun$parse$1(RuleNodeParser.scala:38)
	at scala.util.DynamicVariable.withValue(DynamicVariable.scala:62)
	at com.firebase.core.namespace.rules.tree.RuleNodeParser$.parse(RuleNodeParser.scala:29)
	at com.firebase.core.namespace.NamespaceManager.parseUntrustedRules(NamespaceManager.scala:266)
	at com.firebase.core.namespace.NamespaceManager.validateRules(NamespaceManager.scala:288)
	at com.firebase.core.namespace.NamespaceActor.handleNewRules(NamespaceActor.scala:1801)
	at com.firebase.core.namespace.NamespaceActor.handleAllowedAdminMessage(NamespaceActor.scala:780)
	at com.firebase.core.namespace.NamespaceActor.handleAdminMessage(NamespaceActor.scala:771)
	at com.firebase.core.namespace.NamespaceActor.$anonfun$handleEnvelope$9(NamespaceActor.scala:689)
	at scala.concurrent.Future$.$anonfun$apply$1(Future.scala:659)
	at scala.util.Success.$anonfun$map$1(Try.scala:255)
	at scala.util.Success.map(Try.scala:213)
	at scala.concurrent.Future.$anonfun$map$1(Future.scala:292)
	at scala.concurrent.impl.Promise.liftedTree1$1(Promise.scala:33)
	at scala.concurrent.impl.Promise.$anonfun$transform$1(Promise.scala:33)
	at scala.concurrent.impl.CallbackRunnable.run(Promise.scala:64)
	at com.firebase.core.util.LoggingExecutionContextExecutor.$anonfun$execute$3(LoggingExecutionContextExecutor.scala:23)
	at scala.runtime.java8.JFunction0$mcV$sp.apply(JFunction0$mcV$sp.java:23)
	at com.firebase.core.util.LoggingExecutionContextExecutor.wrapExecution(LoggingExecutionContextExecutor.scala:29)
	at com.firebase.core.util.LoggingExecutionContextExecutor.$anonfun$execute$2(LoggingExecutionContextExecutor.scala:23)
	at akka.dispatch.TaskInvocation.run(AbstractDispatcher.scala:48)
	at akka.dispatch.ForkJoinExecutorConfigurator$AkkaForkJoinTask.exec(ForkJoinExecutorConfigurator.scala:48)
	at java.base/java.util.concurrent.ForkJoinTask.doExec(ForkJoinTask.java:511)
	at java.base/java.util.concurrent.ForkJoinPool$WorkQueue.topLevelExec(ForkJoinPool.java:1450)
	at java.base/java.util.concurrent.ForkJoinPool.runWorker(ForkJoinPool.java:2019)
	at java.base/java.util.concurrent.ForkJoinWorkerThread.run(ForkJoinWorkerThread.java:187)
13:30:12.676 [NamespaceSystem-blocking-namespace-operation-dispatcher-7] ERROR com.firebase.core.namespace.rules.util.ValidationContext - invalid path (users.manage) found while validating ruleset (thread: NamespaceSystem-blocking-namespace-operation-dispatcher-7)
com.firebase.core.namespace.rules.util.ExpressionValidationException: String can't contain ".", "#", "$", "/", "[", or "]"
	at com.firebase.core.namespace.rules.ast.Helpers$.validationError(Helpers.scala:29)
	at com.firebase.core.namespace.rules.util.ValidationContext.maybeValidateStringLiteralAsPath(ValidationContext.scala:59)
	at com.firebase.core.namespace.rules.ast.StringLiteral.validate(Literals.scala:51)
	at com.firebase.core.namespace.rules.ast.members.data.Child$.validate(Child.scala:15)
	at com.firebase.core.namespace.rules.ast.FunctionCall.validate(FunctionCall.scala:32)
	at com.firebase.core.namespace.rules.ast.PropertyGet.validate(PropertyGet.scala:77)
	at com.firebase.core.namespace.rules.ast.FunctionCall.validate(FunctionCall.scala:23)
	at com.firebase.core.namespace.rules.ast.Equals.validate(EqualityOperators.scala:51)
	at com.firebase.core.namespace.rules.ast.Or.validate(LogicalOperators.scala:54)
	at com.firebase.core.namespace.rules.ast.And.validate(LogicalOperators.scala:25)
	at com.firebase.core.namespace.rules.tree.RuleExpression.validate(RuleExpression.scala:76)
	at com.firebase.core.namespace.rules.tree.RuleNode.$anonfun$validateRule$1(RuleNode.scala:68)
	at com.firebase.core.namespace.rules.tree.RuleNode.$anonfun$validateRule$1$adapted(RuleNode.scala:68)
	at scala.Option.foreach(Option.scala:407)
	at com.firebase.core.namespace.rules.tree.RuleNode.validateRule(RuleNode.scala:68)
	at com.firebase.core.namespace.rules.tree.RuleNode.validateRule(RuleNode.scala:85)
	at com.firebase.core.namespace.rules.tree.RuleNode.$anonfun$validateRule$6(RuleNode.scala:81)
	at com.firebase.core.namespace.rules.tree.RuleNode.$anonfun$validateRule$6$adapted(RuleNode.scala:80)
	at scala.collection.IndexedSeqOptimized.foreach(IndexedSeqOptimized.scala:36)
	at scala.collection.IndexedSeqOptimized.foreach$(IndexedSeqOptimized.scala:33)
	at scala.collection.mutable.ArrayOps$ofRef.foreach(ArrayOps.scala:198)
	at com.firebase.core.namespace.rules.tree.RuleNode.validateRule(RuleNode.scala:80)
	at com.firebase.core.namespace.rules.tree.RuleNodeParser$.$anonfun$parse$1(RuleNodeParser.scala:38)
	at scala.util.DynamicVariable.withValue(DynamicVariable.scala:62)
	at com.firebase.core.namespace.rules.tree.RuleNodeParser$.parse(RuleNodeParser.scala:29)
	at com.firebase.core.namespace.NamespaceManager.parseUntrustedRules(NamespaceManager.scala:266)
	at com.firebase.core.namespace.NamespaceManager.validateRules(NamespaceManager.scala:288)
	at com.firebase.core.namespace.NamespaceActor.handleNewRules(NamespaceActor.scala:1801)
	at com.firebase.core.namespace.NamespaceActor.handleAllowedAdminMessage(NamespaceActor.scala:780)
	at com.firebase.core.namespace.NamespaceActor.handleAdminMessage(NamespaceActor.scala:771)
	at com.firebase.core.namespace.NamespaceActor.$anonfun$handleEnvelope$9(NamespaceActor.scala:689)
	at scala.concurrent.Future$.$anonfun$apply$1(Future.scala:659)
	at scala.util.Success.$anonfun$map$1(Try.scala:255)
	at scala.util.Success.map(Try.scala:213)
	at scala.concurrent.Future.$anonfun$map$1(Future.scala:292)
	at scala.concurrent.impl.Promise.liftedTree1$1(Promise.scala:33)
	at scala.concurrent.impl.Promise.$anonfun$transform$1(Promise.scala:33)
	at scala.concurrent.impl.CallbackRunnable.run(Promise.scala:64)
	at com.firebase.core.util.LoggingExecutionContextExecutor.$anonfun$execute$3(LoggingExecutionContextExecutor.scala:23)
	at scala.runtime.java8.JFunction0$mcV$sp.apply(JFunction0$mcV$sp.java:23)
	at com.firebase.core.util.LoggingExecutionContextExecutor.wrapExecution(LoggingExecutionContextExecutor.scala:29)
	at com.firebase.core.util.LoggingExecutionContextExecutor.$anonfun$execute$2(LoggingExecutionContextExecutor.scala:23)
	at akka.dispatch.TaskInvocation.run(AbstractDispatcher.scala:48)
	at akka.dispatch.ForkJoinExecutorConfigurator$AkkaForkJoinTask.exec(ForkJoinExecutorConfigurator.scala:48)
	at java.base/java.util.concurrent.ForkJoinTask.doExec(ForkJoinTask.java:511)
	at java.base/java.util.concurrent.ForkJoinPool$WorkQueue.topLevelExec(ForkJoinPool.java:1450)
	at java.base/java.util.concurrent.ForkJoinPool.runWorker(ForkJoinPool.java:2019)
	at java.base/java.util.concurrent.ForkJoinWorkerThread.run(ForkJoinWorkerThread.java:187)
13:30:12.678 [NamespaceSystem-blocking-namespace-operation-dispatcher-7] ERROR com.firebase.core.namespace.rules.util.ValidationContext - invalid path (users.manage) found while validating ruleset (thread: NamespaceSystem-blocking-namespace-operation-dispatcher-7)
com.firebase.core.namespace.rules.util.ExpressionValidationException: String can't contain ".", "#", "$", "/", "[", or "]"
	at com.firebase.core.namespace.rules.ast.Helpers$.validationError(Helpers.scala:29)
	at com.firebase.core.namespace.rules.util.ValidationContext.maybeValidateStringLiteralAsPath(ValidationContext.scala:59)
	at com.firebase.core.namespace.rules.ast.StringLiteral.validate(Literals.scala:51)
	at com.firebase.core.namespace.rules.ast.members.data.Child$.validate(Child.scala:15)
	at com.firebase.core.namespace.rules.ast.FunctionCall.validate(FunctionCall.scala:32)
	at com.firebase.core.namespace.rules.ast.PropertyGet.validate(PropertyGet.scala:77)
	at com.firebase.core.namespace.rules.ast.FunctionCall.validate(FunctionCall.scala:23)
	at com.firebase.core.namespace.rules.ast.Equals.validate(EqualityOperators.scala:51)
	at com.firebase.core.namespace.rules.ast.Or.validate(LogicalOperators.scala:54)
	at com.firebase.core.namespace.rules.ast.And.validate(LogicalOperators.scala:25)
	at com.firebase.core.namespace.rules.tree.RuleExpression.validate(RuleExpression.scala:76)
	at com.firebase.core.namespace.rules.tree.RuleNode.$anonfun$validateRule$2(RuleNode.scala:69)
	at com.firebase.core.namespace.rules.tree.RuleNode.$anonfun$validateRule$2$adapted(RuleNode.scala:69)
	at scala.Option.foreach(Option.scala:407)
	at com.firebase.core.namespace.rules.tree.RuleNode.validateRule(RuleNode.scala:69)
	at com.firebase.core.namespace.rules.tree.RuleNode.validateRule(RuleNode.scala:85)
	at com.firebase.core.namespace.rules.tree.RuleNode.$anonfun$validateRule$6(RuleNode.scala:81)
	at com.firebase.core.namespace.rules.tree.RuleNode.$anonfun$validateRule$6$adapted(RuleNode.scala:80)
	at scala.collection.IndexedSeqOptimized.foreach(IndexedSeqOptimized.scala:36)
	at scala.collection.IndexedSeqOptimized.foreach$(IndexedSeqOptimized.scala:33)
	at scala.collection.mutable.ArrayOps$ofRef.foreach(ArrayOps.scala:198)
	at com.firebase.core.namespace.rules.tree.RuleNode.validateRule(RuleNode.scala:80)
	at com.firebase.core.namespace.rules.tree.RuleNodeParser$.$anonfun$parse$1(RuleNodeParser.scala:38)
	at scala.util.DynamicVariable.withValue(DynamicVariable.scala:62)
	at com.firebase.core.namespace.rules.tree.RuleNodeParser$.parse(RuleNodeParser.scala:29)
	at com.firebase.core.namespace.NamespaceManager.parseUntrustedRules(NamespaceManager.scala:266)
	at com.firebase.core.namespace.NamespaceManager.validateRules(NamespaceManager.scala:288)
	at com.firebase.core.namespace.NamespaceActor.handleNewRules(NamespaceActor.scala:1801)
	at com.firebase.core.namespace.NamespaceActor.handleAllowedAdminMessage(NamespaceActor.scala:780)
	at com.firebase.core.namespace.NamespaceActor.handleAdminMessage(NamespaceActor.scala:771)
	at com.firebase.core.namespace.NamespaceActor.$anonfun$handleEnvelope$9(NamespaceActor.scala:689)
	at scala.concurrent.Future$.$anonfun$apply$1(Future.scala:659)
	at scala.util.Success.$anonfun$map$1(Try.scala:255)
	at scala.util.Success.map(Try.scala:213)
	at scala.concurrent.Future.$anonfun$map$1(Future.scala:292)
	at scala.concurrent.impl.Promise.liftedTree1$1(Promise.scala:33)
	at scala.concurrent.impl.Promise.$anonfun$transform$1(Promise.scala:33)
	at scala.concurrent.impl.CallbackRunnable.run(Promise.scala:64)
	at com.firebase.core.util.LoggingExecutionContextExecutor.$anonfun$execute$3(LoggingExecutionContextExecutor.scala:23)
	at scala.runtime.java8.JFunction0$mcV$sp.apply(JFunction0$mcV$sp.java:23)
	at com.firebase.core.util.LoggingExecutionContextExecutor.wrapExecution(LoggingExecutionContextExecutor.scala:29)
	at com.firebase.core.util.LoggingExecutionContextExecutor.$anonfun$execute$2(LoggingExecutionContextExecutor.scala:23)
	at akka.dispatch.TaskInvocation.run(AbstractDispatcher.scala:48)
	at akka.dispatch.ForkJoinExecutorConfigurator$AkkaForkJoinTask.exec(ForkJoinExecutorConfigurator.scala:48)
	at java.base/java.util.concurrent.ForkJoinTask.doExec(ForkJoinTask.java:511)
	at java.base/java.util.concurrent.ForkJoinPool$WorkQueue.topLevelExec(ForkJoinPool.java:1450)
	at java.base/java.util.concurrent.ForkJoinPool.runWorker(ForkJoinPool.java:2019)
	at java.base/java.util.concurrent.ForkJoinWorkerThread.run(ForkJoinWorkerThread.java:187)
13:30:12.680 [NamespaceSystem-blocking-namespace-operation-dispatcher-7] ERROR com.firebase.core.namespace.rules.util.ValidationContext - invalid path (audit.read) found while validating ruleset (thread: NamespaceSystem-blocking-namespace-operation-dispatcher-7)
com.firebase.core.namespace.rules.util.ExpressionValidationException: String can't contain ".", "#", "$", "/", "[", or "]"
	at com.firebase.core.namespace.rules.ast.Helpers$.validationError(Helpers.scala:29)
	at com.firebase.core.namespace.rules.util.ValidationContext.maybeValidateStringLiteralAsPath(ValidationContext.scala:59)
	at com.firebase.core.namespace.rules.ast.StringLiteral.validate(Literals.scala:51)
	at com.firebase.core.namespace.rules.ast.members.data.Child$.validate(Child.scala:15)
	at com.firebase.core.namespace.rules.ast.FunctionCall.validate(FunctionCall.scala:32)
	at com.firebase.core.namespace.rules.ast.PropertyGet.validate(PropertyGet.scala:77)
	at com.firebase.core.namespace.rules.ast.FunctionCall.validate(FunctionCall.scala:23)
	at com.firebase.core.namespace.rules.ast.Equals.validate(EqualityOperators.scala:51)
	at com.firebase.core.namespace.rules.ast.Or.validate(LogicalOperators.scala:54)
	at com.firebase.core.namespace.rules.ast.And.validate(LogicalOperators.scala:25)
	at com.firebase.core.namespace.rules.tree.RuleExpression.validate(RuleExpression.scala:76)
	at com.firebase.core.namespace.rules.tree.RuleNode.$anonfun$validateRule$1(RuleNode.scala:68)
	at com.firebase.core.namespace.rules.tree.RuleNode.$anonfun$validateRule$1$adapted(RuleNode.scala:68)
	at scala.Option.foreach(Option.scala:407)
	at com.firebase.core.namespace.rules.tree.RuleNode.validateRule(RuleNode.scala:68)
	at com.firebase.core.namespace.rules.tree.RuleNode.$anonfun$validateRule$6(RuleNode.scala:81)
	at com.firebase.core.namespace.rules.tree.RuleNode.$anonfun$validateRule$6$adapted(RuleNode.scala:80)
	at scala.collection.IndexedSeqOptimized.foreach(IndexedSeqOptimized.scala:36)
	at scala.collection.IndexedSeqOptimized.foreach$(IndexedSeqOptimized.scala:33)
	at scala.collection.mutable.ArrayOps$ofRef.foreach(ArrayOps.scala:198)
	at com.firebase.core.namespace.rules.tree.RuleNode.validateRule(RuleNode.scala:80)
	at com.firebase.core.namespace.rules.tree.RuleNodeParser$.$anonfun$parse$1(RuleNodeParser.scala:38)
	at scala.util.DynamicVariable.withValue(DynamicVariable.scala:62)
	at com.firebase.core.namespace.rules.tree.RuleNodeParser$.parse(RuleNodeParser.scala:29)
	at com.firebase.core.namespace.NamespaceManager.parseUntrustedRules(NamespaceManager.scala:266)
	at com.firebase.core.namespace.NamespaceManager.validateRules(NamespaceManager.scala:288)
	at com.firebase.core.namespace.NamespaceActor.handleNewRules(NamespaceActor.scala:1801)
	at com.firebase.core.namespace.NamespaceActor.handleAllowedAdminMessage(NamespaceActor.scala:780)
	at com.firebase.core.namespace.NamespaceActor.handleAdminMessage(NamespaceActor.scala:771)
	at com.firebase.core.namespace.NamespaceActor.$anonfun$handleEnvelope$9(NamespaceActor.scala:689)
	at scala.concurrent.Future$.$anonfun$apply$1(Future.scala:659)
	at scala.util.Success.$anonfun$map$1(Try.scala:255)
	at scala.util.Success.map(Try.scala:213)
	at scala.concurrent.Future.$anonfun$map$1(Future.scala:292)
	at scala.concurrent.impl.Promise.liftedTree1$1(Promise.scala:33)
	at scala.concurrent.impl.Promise.$anonfun$transform$1(Promise.scala:33)
	at scala.concurrent.impl.CallbackRunnable.run(Promise.scala:64)
	at com.firebase.core.util.LoggingExecutionContextExecutor.$anonfun$execute$3(LoggingExecutionContextExecutor.scala:23)
	at scala.runtime.java8.JFunction0$mcV$sp.apply(JFunction0$mcV$sp.java:23)
	at com.firebase.core.util.LoggingExecutionContextExecutor.wrapExecution(LoggingExecutionContextExecutor.scala:29)
	at com.firebase.core.util.LoggingExecutionContextExecutor.$anonfun$execute$2(LoggingExecutionContextExecutor.scala:23)
	at akka.dispatch.TaskInvocation.run(AbstractDispatcher.scala:48)
	at akka.dispatch.ForkJoinExecutorConfigurator$AkkaForkJoinTask.exec(ForkJoinExecutorConfigurator.scala:48)
	at java.base/java.util.concurrent.ForkJoinTask.doExec(ForkJoinTask.java:511)
	at java.base/java.util.concurrent.ForkJoinPool$WorkQueue.topLevelExec(ForkJoinPool.java:1450)
	at java.base/java.util.concurrent.ForkJoinPool.runWorker(ForkJoinPool.java:2019)
	at java.base/java.util.concurrent.ForkJoinWorkerThread.run(ForkJoinWorkerThread.java:187)
13:30:12.690 [NamespaceSystem-blocking-namespace-operation-dispatcher-7] ERROR com.firebase.core.namespace.rules.util.ValidationContext - invalid path (settings.manage) found while validating ruleset (thread: NamespaceSystem-blocking-namespace-operation-dispatcher-7)
com.firebase.core.namespace.rules.util.ExpressionValidationException: String can't contain ".", "#", "$", "/", "[", or "]"
	at com.firebase.core.namespace.rules.ast.Helpers$.validationError(Helpers.scala:29)
	at com.firebase.core.namespace.rules.util.ValidationContext.maybeValidateStringLiteralAsPath(ValidationContext.scala:59)
	at com.firebase.core.namespace.rules.ast.StringLiteral.validate(Literals.scala:51)
	at com.firebase.core.namespace.rules.ast.members.data.Child$.validate(Child.scala:15)
	at com.firebase.core.namespace.rules.ast.FunctionCall.validate(FunctionCall.scala:32)
	at com.firebase.core.namespace.rules.ast.PropertyGet.validate(PropertyGet.scala:77)
	at com.firebase.core.namespace.rules.ast.FunctionCall.validate(FunctionCall.scala:23)
	at com.firebase.core.namespace.rules.ast.Equals.validate(EqualityOperators.scala:51)
	at com.firebase.core.namespace.rules.ast.Or.validate(LogicalOperators.scala:54)
	at com.firebase.core.namespace.rules.ast.And.validate(LogicalOperators.scala:25)
	at com.firebase.core.namespace.rules.tree.RuleExpression.validate(RuleExpression.scala:76)
	at com.firebase.core.namespace.rules.tree.RuleNode.$anonfun$validateRule$2(RuleNode.scala:69)
	at com.firebase.core.namespace.rules.tree.RuleNode.$anonfun$validateRule$2$adapted(RuleNode.scala:69)
	at scala.Option.foreach(Option.scala:407)
	at com.firebase.core.namespace.rules.tree.RuleNode.validateRule(RuleNode.scala:69)
	at com.firebase.core.namespace.rules.tree.RuleNode.$anonfun$validateRule$6(RuleNode.scala:81)
	at com.firebase.core.namespace.rules.tree.RuleNode.$anonfun$validateRule$6$adapted(RuleNode.scala:80)
	at scala.collection.IndexedSeqOptimized.foreach(IndexedSeqOptimized.scala:36)
	at scala.collection.IndexedSeqOptimized.foreach$(IndexedSeqOptimized.scala:33)
	at scala.collection.mutable.ArrayOps$ofRef.foreach(ArrayOps.scala:198)
	at com.firebase.core.namespace.rules.tree.RuleNode.validateRule(RuleNode.scala:80)
	at com.firebase.core.namespace.rules.tree.RuleNodeParser$.$anonfun$parse$1(RuleNodeParser.scala:38)
	at scala.util.DynamicVariable.withValue(DynamicVariable.scala:62)
	at com.firebase.core.namespace.rules.tree.RuleNodeParser$.parse(RuleNodeParser.scala:29)
	at com.firebase.core.namespace.NamespaceManager.parseUntrustedRules(NamespaceManager.scala:266)
	at com.firebase.core.namespace.NamespaceManager.validateRules(NamespaceManager.scala:288)
	at com.firebase.core.namespace.NamespaceActor.handleNewRules(NamespaceActor.scala:1801)
	at com.firebase.core.namespace.NamespaceActor.handleAllowedAdminMessage(NamespaceActor.scala:780)
	at com.firebase.core.namespace.NamespaceActor.handleAdminMessage(NamespaceActor.scala:771)
	at com.firebase.core.namespace.NamespaceActor.$anonfun$handleEnvelope$9(NamespaceActor.scala:689)
	at scala.concurrent.Future$.$anonfun$apply$1(Future.scala:659)
	at scala.util.Success.$anonfun$map$1(Try.scala:255)
	at scala.util.Success.map(Try.scala:213)
	at scala.concurrent.Future.$anonfun$map$1(Future.scala:292)
	at scala.concurrent.impl.Promise.liftedTree1$1(Promise.scala:33)
	at scala.concurrent.impl.Promise.$anonfun$transform$1(Promise.scala:33)
	at scala.concurrent.impl.CallbackRunnable.run(Promise.scala:64)
	at com.firebase.core.util.LoggingExecutionContextExecutor.$anonfun$execute$3(LoggingExecutionContextExecutor.scala:23)
	at scala.runtime.java8.JFunction0$mcV$sp.apply(JFunction0$mcV$sp.java:23)
	at com.firebase.core.util.LoggingExecutionContextExecutor.wrapExecution(LoggingExecutionContextExecutor.scala:29)
	at com.firebase.core.util.LoggingExecutionContextExecutor.$anonfun$execute$2(LoggingExecutionContextExecutor.scala:23)
	at akka.dispatch.TaskInvocation.run(AbstractDispatcher.scala:48)
	at akka.dispatch.ForkJoinExecutorConfigurator$AkkaForkJoinTask.exec(ForkJoinExecutorConfigurator.scala:48)
	at java.base/java.util.concurrent.ForkJoinTask.doExec(ForkJoinTask.java:511)
	at java.base/java.util.concurrent.ForkJoinPool$WorkQueue.topLevelExec(ForkJoinPool.java:1450)
	at java.base/java.util.concurrent.ForkJoinPool.runWorker(ForkJoinPool.java:2019)
	at java.base/java.util.concurrent.ForkJoinWorkerThread.run(ForkJoinWorkerThread.java:187)
13:30:12.697 [NamespaceSystem-blocking-namespace-operation-dispatcher-7] ERROR com.firebase.core.namespace.rules.util.ValidationContext - invalid path (settings.manage) found while validating ruleset (thread: NamespaceSystem-blocking-namespace-operation-dispatcher-7)
com.firebase.core.namespace.rules.util.ExpressionValidationException: String can't contain ".", "#", "$", "/", "[", or "]"
	at com.firebase.core.namespace.rules.ast.Helpers$.validationError(Helpers.scala:29)
	at com.firebase.core.namespace.rules.util.ValidationContext.maybeValidateStringLiteralAsPath(ValidationContext.scala:59)
	at com.firebase.core.namespace.rules.ast.StringLiteral.validate(Literals.scala:51)
	at com.firebase.core.namespace.rules.ast.members.data.Child$.validate(Child.scala:15)
	at com.firebase.core.namespace.rules.ast.FunctionCall.validate(FunctionCall.scala:32)
	at com.firebase.core.namespace.rules.ast.PropertyGet.validate(PropertyGet.scala:77)
	at com.firebase.core.namespace.rules.ast.FunctionCall.validate(FunctionCall.scala:23)
	at com.firebase.core.namespace.rules.ast.Equals.validate(EqualityOperators.scala:51)
	at com.firebase.core.namespace.rules.ast.Or.validate(LogicalOperators.scala:54)
	at com.firebase.core.namespace.rules.ast.And.validate(LogicalOperators.scala:25)
	at com.firebase.core.namespace.rules.tree.RuleExpression.validate(RuleExpression.scala:76)
	at com.firebase.core.namespace.rules.tree.RuleNode.$anonfun$validateRule$1(RuleNode.scala:68)
	at com.firebase.core.namespace.rules.tree.RuleNode.$anonfun$validateRule$1$adapted(RuleNode.scala:68)
	at scala.Option.foreach(Option.scala:407)
	at com.firebase.core.namespace.rules.tree.RuleNode.validateRule(RuleNode.scala:68)
	at com.firebase.core.namespace.rules.tree.RuleNode.$anonfun$validateRule$6(RuleNode.scala:81)
	at com.firebase.core.namespace.rules.tree.RuleNode.$anonfun$validateRule$6$adapted(RuleNode.scala:80)
	at scala.collection.IndexedSeqOptimized.foreach(IndexedSeqOptimized.scala:36)
	at scala.collection.IndexedSeqOptimized.foreach$(IndexedSeqOptimized.scala:33)
	at scala.collection.mutable.ArrayOps$ofRef.foreach(ArrayOps.scala:198)
	at com.firebase.core.namespace.rules.tree.RuleNode.validateRule(RuleNode.scala:80)
	at com.firebase.core.namespace.rules.tree.RuleNodeParser$.$anonfun$parse$1(RuleNodeParser.scala:38)
	at scala.util.DynamicVariable.withValue(DynamicVariable.scala:62)
	at com.firebase.core.namespace.rules.tree.RuleNodeParser$.parse(RuleNodeParser.scala:29)
	at com.firebase.core.namespace.NamespaceManager.parseUntrustedRules(NamespaceManager.scala:266)
	at com.firebase.core.namespace.NamespaceManager.validateRules(NamespaceManager.scala:288)
	at com.firebase.core.namespace.NamespaceActor.handleNewRules(NamespaceActor.scala:1801)
	at com.firebase.core.namespace.NamespaceActor.handleAllowedAdminMessage(NamespaceActor.scala:780)
	at com.firebase.core.namespace.NamespaceActor.handleAdminMessage(NamespaceActor.scala:771)
	at com.firebase.core.namespace.NamespaceActor.$anonfun$handleEnvelope$9(NamespaceActor.scala:689)
	at scala.concurrent.Future$.$anonfun$apply$1(Future.scala:659)
	at scala.util.Success.$anonfun$map$1(Try.scala:255)
	at scala.util.Success.map(Try.scala:213)
	at scala.concurrent.Future.$anonfun$map$1(Future.scala:292)
	at scala.concurrent.impl.Promise.liftedTree1$1(Promise.scala:33)
	at scala.concurrent.impl.Promise.$anonfun$transform$1(Promise.scala:33)
	at scala.concurrent.impl.CallbackRunnable.run(Promise.scala:64)
	at com.firebase.core.util.LoggingExecutionContextExecutor.$anonfun$execute$3(LoggingExecutionContextExecutor.scala:23)
	at scala.runtime.java8.JFunction0$mcV$sp.apply(JFunction0$mcV$sp.java:23)
	at com.firebase.core.util.LoggingExecutionContextExecutor.wrapExecution(LoggingExecutionContextExecutor.scala:29)
	at com.firebase.core.util.LoggingExecutionContextExecutor.$anonfun$execute$2(LoggingExecutionContextExecutor.scala:23)
	at akka.dispatch.TaskInvocation.run(AbstractDispatcher.scala:48)
	at akka.dispatch.ForkJoinExecutorConfigurator$AkkaForkJoinTask.exec(ForkJoinExecutorConfigurator.scala:48)
	at java.base/java.util.concurrent.ForkJoinTask.doExec(ForkJoinTask.java:511)
	at java.base/java.util.concurrent.ForkJoinPool$WorkQueue.topLevelExec(ForkJoinPool.java:1450)
	at java.base/java.util.concurrent.ForkJoinPool.runWorker(ForkJoinPool.java:2019)
	at java.base/java.util.concurrent.ForkJoinWorkerThread.run(ForkJoinWorkerThread.java:187)
13:30:12.701 [NamespaceSystem-blocking-namespace-operation-dispatcher-7] ERROR com.firebase.core.namespace.rules.util.ValidationContext - invalid path (roles.manage) found while validating ruleset (thread: NamespaceSystem-blocking-namespace-operation-dispatcher-7)
com.firebase.core.namespace.rules.util.ExpressionValidationException: String can't contain ".", "#", "$", "/", "[", or "]"
	at com.firebase.core.namespace.rules.ast.Helpers$.validationError(Helpers.scala:29)
	at com.firebase.core.namespace.rules.util.ValidationContext.maybeValidateStringLiteralAsPath(ValidationContext.scala:59)
	at com.firebase.core.namespace.rules.ast.StringLiteral.validate(Literals.scala:51)
	at com.firebase.core.namespace.rules.ast.members.data.Child$.validate(Child.scala:15)
	at com.firebase.core.namespace.rules.ast.FunctionCall.validate(FunctionCall.scala:32)
	at com.firebase.core.namespace.rules.ast.PropertyGet.validate(PropertyGet.scala:77)
	at com.firebase.core.namespace.rules.ast.FunctionCall.validate(FunctionCall.scala:23)
	at com.firebase.core.namespace.rules.ast.Equals.validate(EqualityOperators.scala:51)
	at com.firebase.core.namespace.rules.ast.Or.validate(LogicalOperators.scala:54)
	at com.firebase.core.namespace.rules.ast.And.validate(LogicalOperators.scala:25)
	at com.firebase.core.namespace.rules.tree.RuleExpression.validate(RuleExpression.scala:76)
	at com.firebase.core.namespace.rules.tree.RuleNode.$anonfun$validateRule$2(RuleNode.scala:69)
	at com.firebase.core.namespace.rules.tree.RuleNode.$anonfun$validateRule$2$adapted(RuleNode.scala:69)
	at scala.Option.foreach(Option.scala:407)
	at com.firebase.core.namespace.rules.tree.RuleNode.validateRule(RuleNode.scala:69)
	at com.firebase.core.namespace.rules.tree.RuleNode.$anonfun$validateRule$6(RuleNode.scala:81)
	at com.firebase.core.namespace.rules.tree.RuleNode.$anonfun$validateRule$6$adapted(RuleNode.scala:80)
	at scala.collection.IndexedSeqOptimized.foreach(IndexedSeqOptimized.scala:36)
	at scala.collection.IndexedSeqOptimized.foreach$(IndexedSeqOptimized.scala:33)
	at scala.collection.mutable.ArrayOps$ofRef.foreach(ArrayOps.scala:198)
	at com.firebase.core.namespace.rules.tree.RuleNode.validateRule(RuleNode.scala:80)
	at com.firebase.core.namespace.rules.tree.RuleNodeParser$.$anonfun$parse$1(RuleNodeParser.scala:38)
	at scala.util.DynamicVariable.withValue(DynamicVariable.scala:62)
	at com.firebase.core.namespace.rules.tree.RuleNodeParser$.parse(RuleNodeParser.scala:29)
	at com.firebase.core.namespace.NamespaceManager.parseUntrustedRules(NamespaceManager.scala:266)
	at com.firebase.core.namespace.NamespaceManager.validateRules(NamespaceManager.scala:288)
	at com.firebase.core.namespace.NamespaceActor.handleNewRules(NamespaceActor.scala:1801)
	at com.firebase.core.namespace.NamespaceActor.handleAllowedAdminMessage(NamespaceActor.scala:780)
	at com.firebase.core.namespace.NamespaceActor.handleAdminMessage(NamespaceActor.scala:771)
	at com.firebase.core.namespace.NamespaceActor.$anonfun$handleEnvelope$9(NamespaceActor.scala:689)
	at scala.concurrent.Future$.$anonfun$apply$1(Future.scala:659)
	at scala.util.Success.$anonfun$map$1(Try.scala:255)
	at scala.util.Success.map(Try.scala:213)
	at scala.concurrent.Future.$anonfun$map$1(Future.scala:292)
	at scala.concurrent.impl.Promise.liftedTree1$1(Promise.scala:33)
	at scala.concurrent.impl.Promise.$anonfun$transform$1(Promise.scala:33)
	at scala.concurrent.impl.CallbackRunnable.run(Promise.scala:64)
	at com.firebase.core.util.LoggingExecutionContextExecutor.$anonfun$execute$3(LoggingExecutionContextExecutor.scala:23)
	at scala.runtime.java8.JFunction0$mcV$sp.apply(JFunction0$mcV$sp.java:23)
	at com.firebase.core.util.LoggingExecutionContextExecutor.wrapExecution(LoggingExecutionContextExecutor.scala:29)
	at com.firebase.core.util.LoggingExecutionContextExecutor.$anonfun$execute$2(LoggingExecutionContextExecutor.scala:23)
	at akka.dispatch.TaskInvocation.run(AbstractDispatcher.scala:48)
	at akka.dispatch.ForkJoinExecutorConfigurator$AkkaForkJoinTask.exec(ForkJoinExecutorConfigurator.scala:48)
	at java.base/java.util.concurrent.ForkJoinTask.doExec(ForkJoinTask.java:511)
	at java.base/java.util.concurrent.ForkJoinPool$WorkQueue.topLevelExec(ForkJoinPool.java:1450)
	at java.base/java.util.concurrent.ForkJoinPool.runWorker(ForkJoinPool.java:2019)
	at java.base/java.util.concurrent.ForkJoinWorkerThread.run(ForkJoinWorkerThread.java:187)
13:30:12.710 [NamespaceSystem-blocking-namespace-operation-dispatcher-7] ERROR com.firebase.core.namespace.rules.util.ValidationContext - invalid path (roles.manage) found while validating ruleset (thread: NamespaceSystem-blocking-namespace-operation-dispatcher-7)
com.firebase.core.namespace.rules.util.ExpressionValidationException: String can't contain ".", "#", "$", "/", "[", or "]"
	at com.firebase.core.namespace.rules.ast.Helpers$.validationError(Helpers.scala:29)
	at com.firebase.core.namespace.rules.util.ValidationContext.maybeValidateStringLiteralAsPath(ValidationContext.scala:59)
	at com.firebase.core.namespace.rules.ast.StringLiteral.validate(Literals.scala:51)
	at com.firebase.core.namespace.rules.ast.members.data.Child$.validate(Child.scala:15)
	at com.firebase.core.namespace.rules.ast.FunctionCall.validate(FunctionCall.scala:32)
	at com.firebase.core.namespace.rules.ast.PropertyGet.validate(PropertyGet.scala:77)
	at com.firebase.core.namespace.rules.ast.FunctionCall.validate(FunctionCall.scala:23)
	at com.firebase.core.namespace.rules.ast.Equals.validate(EqualityOperators.scala:51)
	at com.firebase.core.namespace.rules.ast.Or.validate(LogicalOperators.scala:54)
	at com.firebase.core.namespace.rules.ast.And.validate(LogicalOperators.scala:25)
	at com.firebase.core.namespace.rules.tree.RuleExpression.validate(RuleExpression.scala:76)
	at com.firebase.core.namespace.rules.tree.RuleNode.$anonfun$validateRule$2(RuleNode.scala:69)
	at com.firebase.core.namespace.rules.tree.RuleNode.$anonfun$validateRule$2$adapted(RuleNode.scala:69)
	at scala.Option.foreach(Option.scala:407)
	at com.firebase.core.namespace.rules.tree.RuleNode.validateRule(RuleNode.scala:69)
	at com.firebase.core.namespace.rules.tree.RuleNode.$anonfun$validateRule$6(RuleNode.scala:81)
	at com.firebase.core.namespace.rules.tree.RuleNode.$anonfun$validateRule$6$adapted(RuleNode.scala:80)
	at scala.collection.IndexedSeqOptimized.foreach(IndexedSeqOptimized.scala:36)
	at scala.collection.IndexedSeqOptimized.foreach$(IndexedSeqOptimized.scala:33)
	at scala.collection.mutable.ArrayOps$ofRef.foreach(ArrayOps.scala:198)
	at com.firebase.core.namespace.rules.tree.RuleNode.validateRule(RuleNode.scala:80)
	at com.firebase.core.namespace.rules.tree.RuleNodeParser$.$anonfun$parse$1(RuleNodeParser.scala:38)
	at scala.util.DynamicVariable.withValue(DynamicVariable.scala:62)
	at com.firebase.core.namespace.rules.tree.RuleNodeParser$.parse(RuleNodeParser.scala:29)
	at com.firebase.core.namespace.NamespaceManager.parseUntrustedRules(NamespaceManager.scala:266)
	at com.firebase.core.namespace.NamespaceManager.validateRules(NamespaceManager.scala:288)
	at com.firebase.core.namespace.NamespaceActor.handleNewRules(NamespaceActor.scala:1801)
	at com.firebase.core.namespace.NamespaceActor.handleAllowedAdminMessage(NamespaceActor.scala:780)
	at com.firebase.core.namespace.NamespaceActor.handleAdminMessage(NamespaceActor.scala:771)
	at com.firebase.core.namespace.NamespaceActor.$anonfun$handleEnvelope$9(NamespaceActor.scala:689)
	at scala.concurrent.Future$.$anonfun$apply$1(Future.scala:659)
	at scala.util.Success.$anonfun$map$1(Try.scala:255)
	at scala.util.Success.map(Try.scala:213)
	at scala.concurrent.Future.$anonfun$map$1(Future.scala:292)
	at scala.concurrent.impl.Promise.liftedTree1$1(Promise.scala:33)
	at scala.concurrent.impl.Promise.$anonfun$transform$1(Promise.scala:33)
	at scala.concurrent.impl.CallbackRunnable.run(Promise.scala:64)
	at com.firebase.core.util.LoggingExecutionContextExecutor.$anonfun$execute$3(LoggingExecutionContextExecutor.scala:23)
	at scala.runtime.java8.JFunction0$mcV$sp.apply(JFunction0$mcV$sp.java:23)
	at com.firebase.core.util.LoggingExecutionContextExecutor.wrapExecution(LoggingExecutionContextExecutor.scala:29)
	at com.firebase.core.util.LoggingExecutionContextExecutor.$anonfun$execute$2(LoggingExecutionContextExecutor.scala:23)
	at akka.dispatch.TaskInvocation.run(AbstractDispatcher.scala:48)
	at akka.dispatch.ForkJoinExecutorConfigurator$AkkaForkJoinTask.exec(ForkJoinExecutorConfigurator.scala:48)
	at java.base/java.util.concurrent.ForkJoinTask.doExec(ForkJoinTask.java:511)
	at java.base/java.util.concurrent.ForkJoinPool$WorkQueue.topLevelExec(ForkJoinPool.java:1450)
	at java.base/java.util.concurrent.ForkJoinPool.runWorker(ForkJoinPool.java:2019)
	at java.base/java.util.concurrent.ForkJoinWorkerThread.run(ForkJoinWorkerThread.java:187)
13:30:12.716 [NamespaceSystem-blocking-namespace-operation-dispatcher-7] ERROR com.firebase.core.namespace.rules.util.ValidationContext - invalid path (roles.manage) found while validating ruleset (thread: NamespaceSystem-blocking-namespace-operation-dispatcher-7)
com.firebase.core.namespace.rules.util.ExpressionValidationException: String can't contain ".", "#", "$", "/", "[", or "]"
	at com.firebase.core.namespace.rules.ast.Helpers$.validationError(Helpers.scala:29)
	at com.firebase.core.namespace.rules.util.ValidationContext.maybeValidateStringLiteralAsPath(ValidationContext.scala:59)
	at com.firebase.core.namespace.rules.ast.StringLiteral.validate(Literals.scala:51)
	at com.firebase.core.namespace.rules.ast.members.data.Child$.validate(Child.scala:15)
	at com.firebase.core.namespace.rules.ast.FunctionCall.validate(FunctionCall.scala:32)
	at com.firebase.core.namespace.rules.ast.PropertyGet.validate(PropertyGet.scala:77)
	at com.firebase.core.namespace.rules.ast.FunctionCall.validate(FunctionCall.scala:23)
	at com.firebase.core.namespace.rules.ast.Equals.validate(EqualityOperators.scala:51)
	at com.firebase.core.namespace.rules.ast.Or.validate(LogicalOperators.scala:54)
	at com.firebase.core.namespace.rules.ast.And.validate(LogicalOperators.scala:25)
	at com.firebase.core.namespace.rules.tree.RuleExpression.validate(RuleExpression.scala:76)
	at com.firebase.core.namespace.rules.tree.RuleNode.$anonfun$validateRule$2(RuleNode.scala:69)
	at com.firebase.core.namespace.rules.tree.RuleNode.$anonfun$validateRule$2$adapted(RuleNode.scala:69)
	at scala.Option.foreach(Option.scala:407)
	at com.firebase.core.namespace.rules.tree.RuleNode.validateRule(RuleNode.scala:69)
	at com.firebase.core.namespace.rules.tree.RuleNode.$anonfun$validateRule$6(RuleNode.scala:81)
	at com.firebase.core.namespace.rules.tree.RuleNode.$anonfun$validateRule$6$adapted(RuleNode.scala:80)
	at scala.collection.IndexedSeqOptimized.foreach(IndexedSeqOptimized.scala:36)
	at scala.collection.IndexedSeqOptimized.foreach$(IndexedSeqOptimized.scala:33)
	at scala.collection.mutable.ArrayOps$ofRef.foreach(ArrayOps.scala:198)
	at com.firebase.core.namespace.rules.tree.RuleNode.validateRule(RuleNode.scala:80)
	at com.firebase.core.namespace.rules.tree.RuleNodeParser$.$anonfun$parse$1(RuleNodeParser.scala:38)
	at scala.util.DynamicVariable.withValue(DynamicVariable.scala:62)
	at com.firebase.core.namespace.rules.tree.RuleNodeParser$.parse(RuleNodeParser.scala:29)
	at com.firebase.core.namespace.NamespaceManager.parseUntrustedRules(NamespaceManager.scala:266)
	at com.firebase.core.namespace.NamespaceManager.validateRules(NamespaceManager.scala:288)
	at com.firebase.core.namespace.NamespaceActor.handleNewRules(NamespaceActor.scala:1801)
	at com.firebase.core.namespace.NamespaceActor.handleAllowedAdminMessage(NamespaceActor.scala:780)
	at com.firebase.core.namespace.NamespaceActor.handleAdminMessage(NamespaceActor.scala:771)
	at com.firebase.core.namespace.NamespaceActor.$anonfun$handleEnvelope$9(NamespaceActor.scala:689)
	at scala.concurrent.Future$.$anonfun$apply$1(Future.scala:659)
	at scala.util.Success.$anonfun$map$1(Try.scala:255)
	at scala.util.Success.map(Try.scala:213)
	at scala.concurrent.Future.$anonfun$map$1(Future.scala:292)
	at scala.concurrent.impl.Promise.liftedTree1$1(Promise.scala:33)
	at scala.concurrent.impl.Promise.$anonfun$transform$1(Promise.scala:33)
	at scala.concurrent.impl.CallbackRunnable.run(Promise.scala:64)
	at com.firebase.core.util.LoggingExecutionContextExecutor.$anonfun$execute$3(LoggingExecutionContextExecutor.scala:23)
	at scala.runtime.java8.JFunction0$mcV$sp.apply(JFunction0$mcV$sp.java:23)
	at com.firebase.core.util.LoggingExecutionContextExecutor.wrapExecution(LoggingExecutionContextExecutor.scala:29)
	at com.firebase.core.util.LoggingExecutionContextExecutor.$anonfun$execute$2(LoggingExecutionContextExecutor.scala:23)
	at akka.dispatch.TaskInvocation.run(AbstractDispatcher.scala:48)
	at akka.dispatch.ForkJoinExecutorConfigurator$AkkaForkJoinTask.exec(ForkJoinExecutorConfigurator.scala:48)
	at java.base/java.util.concurrent.ForkJoinTask.doExec(ForkJoinTask.java:511)
	at java.base/java.util.concurrent.ForkJoinPool$WorkQueue.topLevelExec(ForkJoinPool.java:1450)
	at java.base/java.util.concurrent.ForkJoinPool.runWorker(ForkJoinPool.java:2019)
	at java.base/java.util.concurrent.ForkJoinWorkerThread.run(ForkJoinWorkerThread.java:187)
13:30:12.719 [NamespaceSystem-blocking-namespace-operation-dispatcher-7] ERROR com.firebase.core.namespace.rules.util.ValidationContext - invalid path (rh.read) found while validating ruleset (thread: NamespaceSystem-blocking-namespace-operation-dispatcher-7)
com.firebase.core.namespace.rules.util.ExpressionValidationException: String can't contain ".", "#", "$", "/", "[", or "]"
	at com.firebase.core.namespace.rules.ast.Helpers$.validationError(Helpers.scala:29)
	at com.firebase.core.namespace.rules.util.ValidationContext.maybeValidateStringLiteralAsPath(ValidationContext.scala:59)
	at com.firebase.core.namespace.rules.ast.StringLiteral.validate(Literals.scala:51)
	at com.firebase.core.namespace.rules.ast.members.data.Child$.validate(Child.scala:15)
	at com.firebase.core.namespace.rules.ast.FunctionCall.validate(FunctionCall.scala:32)
	at com.firebase.core.namespace.rules.ast.PropertyGet.validate(PropertyGet.scala:77)
	at com.firebase.core.namespace.rules.ast.FunctionCall.validate(FunctionCall.scala:23)
	at com.firebase.core.namespace.rules.ast.Equals.validate(EqualityOperators.scala:51)
	at com.firebase.core.namespace.rules.ast.Or.validate(LogicalOperators.scala:53)
	at com.firebase.core.namespace.rules.ast.And.validate(LogicalOperators.scala:25)
	at com.firebase.core.namespace.rules.tree.RuleExpression.validate(RuleExpression.scala:76)
	at com.firebase.core.namespace.rules.tree.RuleNode.$anonfun$validateRule$1(RuleNode.scala:68)
	at com.firebase.core.namespace.rules.tree.RuleNode.$anonfun$validateRule$1$adapted(RuleNode.scala:68)
	at scala.Option.foreach(Option.scala:407)
	at com.firebase.core.namespace.rules.tree.RuleNode.validateRule(RuleNode.scala:68)
	at com.firebase.core.namespace.rules.tree.RuleNode.validateRule(RuleNode.scala:85)
	at com.firebase.core.namespace.rules.tree.RuleNode.$anonfun$validateRule$6(RuleNode.scala:81)
	at com.firebase.core.namespace.rules.tree.RuleNode.$anonfun$validateRule$6$adapted(RuleNode.scala:80)
	at scala.collection.IndexedSeqOptimized.foreach(IndexedSeqOptimized.scala:36)
	at scala.collection.IndexedSeqOptimized.foreach$(IndexedSeqOptimized.scala:33)
	at scala.collection.mutable.ArrayOps$ofRef.foreach(ArrayOps.scala:198)
	at com.firebase.core.namespace.rules.tree.RuleNode.validateRule(RuleNode.scala:80)
	at com.firebase.core.namespace.rules.tree.RuleNodeParser$.$anonfun$parse$1(RuleNodeParser.scala:38)
	at scala.util.DynamicVariable.withValue(DynamicVariable.scala:62)
	at com.firebase.core.namespace.rules.tree.RuleNodeParser$.parse(RuleNodeParser.scala:29)
	at com.firebase.core.namespace.NamespaceManager.parseUntrustedRules(NamespaceManager.scala:266)
	at com.firebase.core.namespace.NamespaceManager.validateRules(NamespaceManager.scala:288)
	at com.firebase.core.namespace.NamespaceActor.handleNewRules(NamespaceActor.scala:1801)
	at com.firebase.core.namespace.NamespaceActor.handleAllowedAdminMessage(NamespaceActor.scala:780)
	at com.firebase.core.namespace.NamespaceActor.handleAdminMessage(NamespaceActor.scala:771)
	at com.firebase.core.namespace.NamespaceActor.$anonfun$handleEnvelope$9(NamespaceActor.scala:689)
	at scala.concurrent.Future$.$anonfun$apply$1(Future.scala:659)
	at scala.util.Success.$anonfun$map$1(Try.scala:255)
	at scala.util.Success.map(Try.scala:213)
	at scala.concurrent.Future.$anonfun$map$1(Future.scala:292)
	at scala.concurrent.impl.Promise.liftedTree1$1(Promise.scala:33)
	at scala.concurrent.impl.Promise.$anonfun$transform$1(Promise.scala:33)
	at scala.concurrent.impl.CallbackRunnable.run(Promise.scala:64)
	at com.firebase.core.util.LoggingExecutionContextExecutor.$anonfun$execute$3(LoggingExecutionContextExecutor.scala:23)
	at scala.runtime.java8.JFunction0$mcV$sp.apply(JFunction0$mcV$sp.java:23)
	at com.firebase.core.util.LoggingExecutionContextExecutor.wrapExecution(LoggingExecutionContextExecutor.scala:29)
	at com.firebase.core.util.LoggingExecutionContextExecutor.$anonfun$execute$2(LoggingExecutionContextExecutor.scala:23)
	at akka.dispatch.TaskInvocation.run(AbstractDispatcher.scala:48)
	at akka.dispatch.ForkJoinExecutorConfigurator$AkkaForkJoinTask.exec(ForkJoinExecutorConfigurator.scala:48)
	at java.base/java.util.concurrent.ForkJoinTask.doExec(ForkJoinTask.java:511)
	at java.base/java.util.concurrent.ForkJoinPool$WorkQueue.topLevelExec(ForkJoinPool.java:1450)
	at java.base/java.util.concurrent.ForkJoinPool.runWorker(ForkJoinPool.java:2019)
	at java.base/java.util.concurrent.ForkJoinWorkerThread.run(ForkJoinWorkerThread.java:187)
13:30:12.724 [NamespaceSystem-blocking-namespace-operation-dispatcher-7] ERROR com.firebase.core.namespace.rules.util.ValidationContext - invalid path (rh.update) found while validating ruleset (thread: NamespaceSystem-blocking-namespace-operation-dispatcher-7)
com.firebase.core.namespace.rules.util.ExpressionValidationException: String can't contain ".", "#", "$", "/", "[", or "]"
	at com.firebase.core.namespace.rules.ast.Helpers$.validationError(Helpers.scala:29)
	at com.firebase.core.namespace.rules.util.ValidationContext.maybeValidateStringLiteralAsPath(ValidationContext.scala:59)
	at com.firebase.core.namespace.rules.ast.StringLiteral.validate(Literals.scala:51)
	at com.firebase.core.namespace.rules.ast.members.data.Child$.validate(Child.scala:15)
	at com.firebase.core.namespace.rules.ast.FunctionCall.validate(FunctionCall.scala:32)
	at com.firebase.core.namespace.rules.ast.PropertyGet.validate(PropertyGet.scala:77)
	at com.firebase.core.namespace.rules.ast.FunctionCall.validate(FunctionCall.scala:23)
	at com.firebase.core.namespace.rules.ast.Equals.validate(EqualityOperators.scala:51)
	at com.firebase.core.namespace.rules.ast.Or.validate(LogicalOperators.scala:53)
	at com.firebase.core.namespace.rules.ast.And.validate(LogicalOperators.scala:25)
	at com.firebase.core.namespace.rules.tree.RuleExpression.validate(RuleExpression.scala:76)
	at com.firebase.core.namespace.rules.tree.RuleNode.$anonfun$validateRule$2(RuleNode.scala:69)
	at com.firebase.core.namespace.rules.tree.RuleNode.$anonfun$validateRule$2$adapted(RuleNode.scala:69)
	at scala.Option.foreach(Option.scala:407)
	at com.firebase.core.namespace.rules.tree.RuleNode.validateRule(RuleNode.scala:69)
	at com.firebase.core.namespace.rules.tree.RuleNode.validateRule(RuleNode.scala:85)
	at com.firebase.core.namespace.rules.tree.RuleNode.$anonfun$validateRule$6(RuleNode.scala:81)
	at com.firebase.core.namespace.rules.tree.RuleNode.$anonfun$validateRule$6$adapted(RuleNode.scala:80)
	at scala.collection.IndexedSeqOptimized.foreach(IndexedSeqOptimized.scala:36)
	at scala.collection.IndexedSeqOptimized.foreach$(IndexedSeqOptimized.scala:33)
	at scala.collection.mutable.ArrayOps$ofRef.foreach(ArrayOps.scala:198)
	at com.firebase.core.namespace.rules.tree.RuleNode.validateRule(RuleNode.scala:80)
	at com.firebase.core.namespace.rules.tree.RuleNodeParser$.$anonfun$parse$1(RuleNodeParser.scala:38)
	at scala.util.DynamicVariable.withValue(DynamicVariable.scala:62)
	at com.firebase.core.namespace.rules.tree.RuleNodeParser$.parse(RuleNodeParser.scala:29)
	at com.firebase.core.namespace.NamespaceManager.parseUntrustedRules(NamespaceManager.scala:266)
	at com.firebase.core.namespace.NamespaceManager.validateRules(NamespaceManager.scala:288)
	at com.firebase.core.namespace.NamespaceActor.handleNewRules(NamespaceActor.scala:1801)
	at com.firebase.core.namespace.NamespaceActor.handleAllowedAdminMessage(NamespaceActor.scala:780)
	at com.firebase.core.namespace.NamespaceActor.handleAdminMessage(NamespaceActor.scala:771)
	at com.firebase.core.namespace.NamespaceActor.$anonfun$handleEnvelope$9(NamespaceActor.scala:689)
	at scala.concurrent.Future$.$anonfun$apply$1(Future.scala:659)
	at scala.util.Success.$anonfun$map$1(Try.scala:255)
	at scala.util.Success.map(Try.scala:213)
	at scala.concurrent.Future.$anonfun$map$1(Future.scala:292)
	at scala.concurrent.impl.Promise.liftedTree1$1(Promise.scala:33)
	at scala.concurrent.impl.Promise.$anonfun$transform$1(Promise.scala:33)
	at scala.concurrent.impl.CallbackRunnable.run(Promise.scala:64)
	at com.firebase.core.util.LoggingExecutionContextExecutor.$anonfun$execute$3(LoggingExecutionContextExecutor.scala:23)
	at scala.runtime.java8.JFunction0$mcV$sp.apply(JFunction0$mcV$sp.java:23)
	at com.firebase.core.util.LoggingExecutionContextExecutor.wrapExecution(LoggingExecutionContextExecutor.scala:29)
	at com.firebase.core.util.LoggingExecutionContextExecutor.$anonfun$execute$2(LoggingExecutionContextExecutor.scala:23)
	at akka.dispatch.TaskInvocation.run(AbstractDispatcher.scala:48)
	at akka.dispatch.ForkJoinExecutorConfigurator$AkkaForkJoinTask.exec(ForkJoinExecutorConfigurator.scala:48)
	at java.base/java.util.concurrent.ForkJoinTask.doExec(ForkJoinTask.java:511)
	at java.base/java.util.concurrent.ForkJoinPool$WorkQueue.topLevelExec(ForkJoinPool.java:1450)
	at java.base/java.util.concurrent.ForkJoinPool.runWorker(ForkJoinPool.java:2019)
	at java.base/java.util.concurrent.ForkJoinWorkerThread.run(ForkJoinWorkerThread.java:187)
13:30:12.732 [NamespaceSystem-blocking-namespace-operation-dispatcher-7] ERROR com.firebase.core.namespace.rules.util.ValidationContext - invalid path (rh.read) found while validating ruleset (thread: NamespaceSystem-blocking-namespace-operation-dispatcher-7)
com.firebase.core.namespace.rules.util.ExpressionValidationException: String can't contain ".", "#", "$", "/", "[", or "]"
	at com.firebase.core.namespace.rules.ast.Helpers$.validationError(Helpers.scala:29)
	at com.firebase.core.namespace.rules.util.ValidationContext.maybeValidateStringLiteralAsPath(ValidationContext.scala:59)
	at com.firebase.core.namespace.rules.ast.StringLiteral.validate(Literals.scala:51)
	at com.firebase.core.namespace.rules.ast.members.data.Child$.validate(Child.scala:15)
	at com.firebase.core.namespace.rules.ast.FunctionCall.validate(FunctionCall.scala:32)
	at com.firebase.core.namespace.rules.ast.PropertyGet.validate(PropertyGet.scala:77)
	at com.firebase.core.namespace.rules.ast.FunctionCall.validate(FunctionCall.scala:23)
	at com.firebase.core.namespace.rules.ast.Equals.validate(EqualityOperators.scala:51)
	at com.firebase.core.namespace.rules.ast.Or.validate(LogicalOperators.scala:53)
	at com.firebase.core.namespace.rules.ast.And.validate(LogicalOperators.scala:25)
	at com.firebase.core.namespace.rules.tree.RuleExpression.validate(RuleExpression.scala:76)
	at com.firebase.core.namespace.rules.tree.RuleNode.$anonfun$validateRule$1(RuleNode.scala:68)
	at com.firebase.core.namespace.rules.tree.RuleNode.$anonfun$validateRule$1$adapted(RuleNode.scala:68)
	at scala.Option.foreach(Option.scala:407)
	at com.firebase.core.namespace.rules.tree.RuleNode.validateRule(RuleNode.scala:68)
	at com.firebase.core.namespace.rules.tree.RuleNode.$anonfun$validateRule$6(RuleNode.scala:81)
	at com.firebase.core.namespace.rules.tree.RuleNode.$anonfun$validateRule$6$adapted(RuleNode.scala:80)
	at scala.collection.IndexedSeqOptimized.foreach(IndexedSeqOptimized.scala:36)
	at scala.collection.IndexedSeqOptimized.foreach$(IndexedSeqOptimized.scala:33)
	at scala.collection.mutable.ArrayOps$ofRef.foreach(ArrayOps.scala:198)
	at com.firebase.core.namespace.rules.tree.RuleNode.validateRule(RuleNode.scala:80)
	at com.firebase.core.namespace.rules.tree.RuleNode.validateRule(RuleNode.scala:85)
	at com.firebase.core.namespace.rules.tree.RuleNode.$anonfun$validateRule$6(RuleNode.scala:81)
	at com.firebase.core.namespace.rules.tree.RuleNode.$anonfun$validateRule$6$adapted(RuleNode.scala:80)
	at scala.collection.IndexedSeqOptimized.foreach(IndexedSeqOptimized.scala:36)
	at scala.collection.IndexedSeqOptimized.foreach$(IndexedSeqOptimized.scala:33)
	at scala.collection.mutable.ArrayOps$ofRef.foreach(ArrayOps.scala:198)
	at com.firebase.core.namespace.rules.tree.RuleNode.validateRule(RuleNode.scala:80)
	at com.firebase.core.namespace.rules.tree.RuleNodeParser$.$anonfun$parse$1(RuleNodeParser.scala:38)
	at scala.util.DynamicVariable.withValue(DynamicVariable.scala:62)
	at com.firebase.core.namespace.rules.tree.RuleNodeParser$.parse(RuleNodeParser.scala:29)
	at com.firebase.core.namespace.NamespaceManager.parseUntrustedRules(NamespaceManager.scala:266)
	at com.firebase.core.namespace.NamespaceManager.validateRules(NamespaceManager.scala:288)
	at com.firebase.core.namespace.NamespaceActor.handleNewRules(NamespaceActor.scala:1801)
	at com.firebase.core.namespace.NamespaceActor.handleAllowedAdminMessage(NamespaceActor.scala:780)
	at com.firebase.core.namespace.NamespaceActor.handleAdminMessage(NamespaceActor.scala:771)
	at com.firebase.core.namespace.NamespaceActor.$anonfun$handleEnvelope$9(NamespaceActor.scala:689)
	at scala.concurrent.Future$.$anonfun$apply$1(Future.scala:659)
	at scala.util.Success.$anonfun$map$1(Try.scala:255)
	at scala.util.Success.map(Try.scala:213)
	at scala.concurrent.Future.$anonfun$map$1(Future.scala:292)
	at scala.concurrent.impl.Promise.liftedTree1$1(Promise.scala:33)
	at scala.concurrent.impl.Promise.$anonfun$transform$1(Promise.scala:33)
	at scala.concurrent.impl.CallbackRunnable.run(Promise.scala:64)
	at com.firebase.core.util.LoggingExecutionContextExecutor.$anonfun$execute$3(LoggingExecutionContextExecutor.scala:23)
	at scala.runtime.java8.JFunction0$mcV$sp.apply(JFunction0$mcV$sp.java:23)
	at com.firebase.core.util.LoggingExecutionContextExecutor.wrapExecution(LoggingExecutionContextExecutor.scala:29)
	at com.firebase.core.util.LoggingExecutionContextExecutor.$anonfun$execute$2(LoggingExecutionContextExecutor.scala:23)
	at akka.dispatch.TaskInvocation.run(AbstractDispatcher.scala:48)
	at akka.dispatch.ForkJoinExecutorConfigurator$AkkaForkJoinTask.exec(ForkJoinExecutorConfigurator.scala:48)
	at java.base/java.util.concurrent.ForkJoinTask.doExec(ForkJoinTask.java:511)
	at java.base/java.util.concurrent.ForkJoinPool$WorkQueue.topLevelExec(ForkJoinPool.java:1450)
	at java.base/java.util.concurrent.ForkJoinPool.runWorker(ForkJoinPool.java:2019)
	at java.base/java.util.concurrent.ForkJoinWorkerThread.run(ForkJoinWorkerThread.java:187)
13:30:12.740 [NamespaceSystem-blocking-namespace-operation-dispatcher-7] ERROR com.firebase.core.namespace.rules.util.ValidationContext - invalid path (attendance.read) found while validating ruleset (thread: NamespaceSystem-blocking-namespace-operation-dispatcher-7)
com.firebase.core.namespace.rules.util.ExpressionValidationException: String can't contain ".", "#", "$", "/", "[", or "]"
	at com.firebase.core.namespace.rules.ast.Helpers$.validationError(Helpers.scala:29)
	at com.firebase.core.namespace.rules.util.ValidationContext.maybeValidateStringLiteralAsPath(ValidationContext.scala:59)
	at com.firebase.core.namespace.rules.ast.StringLiteral.validate(Literals.scala:51)
	at com.firebase.core.namespace.rules.ast.members.data.Child$.validate(Child.scala:15)
	at com.firebase.core.namespace.rules.ast.FunctionCall.validate(FunctionCall.scala:32)
	at com.firebase.core.namespace.rules.ast.PropertyGet.validate(PropertyGet.scala:77)
	at com.firebase.core.namespace.rules.ast.FunctionCall.validate(FunctionCall.scala:23)
	at com.firebase.core.namespace.rules.ast.Equals.validate(EqualityOperators.scala:51)
	at com.firebase.core.namespace.rules.ast.Or.validate(LogicalOperators.scala:53)
	at com.firebase.core.namespace.rules.ast.Or.validate(LogicalOperators.scala:54)
	at com.firebase.core.namespace.rules.ast.And.validate(LogicalOperators.scala:25)
	at com.firebase.core.namespace.rules.tree.RuleExpression.validate(RuleExpression.scala:76)
	at com.firebase.core.namespace.rules.tree.RuleNode.$anonfun$validateRule$1(RuleNode.scala:68)
	at com.firebase.core.namespace.rules.tree.RuleNode.$anonfun$validateRule$1$adapted(RuleNode.scala:68)
	at scala.Option.foreach(Option.scala:407)
	at com.firebase.core.namespace.rules.tree.RuleNode.validateRule(RuleNode.scala:68)
	at com.firebase.core.namespace.rules.tree.RuleNode.validateRule(RuleNode.scala:85)
	at com.firebase.core.namespace.rules.tree.RuleNode.$anonfun$validateRule$6(RuleNode.scala:81)
	at com.firebase.core.namespace.rules.tree.RuleNode.$anonfun$validateRule$6$adapted(RuleNode.scala:80)
	at scala.collection.IndexedSeqOptimized.foreach(IndexedSeqOptimized.scala:36)
	at scala.collection.IndexedSeqOptimized.foreach$(IndexedSeqOptimized.scala:33)
	at scala.collection.mutable.ArrayOps$ofRef.foreach(ArrayOps.scala:198)
	at com.firebase.core.namespace.rules.tree.RuleNode.validateRule(RuleNode.scala:80)
	at com.firebase.core.namespace.rules.tree.RuleNodeParser$.$anonfun$parse$1(RuleNodeParser.scala:38)
	at scala.util.DynamicVariable.withValue(DynamicVariable.scala:62)
	at com.firebase.core.namespace.rules.tree.RuleNodeParser$.parse(RuleNodeParser.scala:29)
	at com.firebase.core.namespace.NamespaceManager.parseUntrustedRules(NamespaceManager.scala:266)
	at com.firebase.core.namespace.NamespaceManager.validateRules(NamespaceManager.scala:288)
	at com.firebase.core.namespace.NamespaceActor.handleNewRules(NamespaceActor.scala:1801)
	at com.firebase.core.namespace.NamespaceActor.handleAllowedAdminMessage(NamespaceActor.scala:780)
	at com.firebase.core.namespace.NamespaceActor.handleAdminMessage(NamespaceActor.scala:771)
	at com.firebase.core.namespace.NamespaceActor.$anonfun$handleEnvelope$9(NamespaceActor.scala:689)
	at scala.concurrent.Future$.$anonfun$apply$1(Future.scala:659)
	at scala.util.Success.$anonfun$map$1(Try.scala:255)
	at scala.util.Success.map(Try.scala:213)
	at scala.concurrent.Future.$anonfun$map$1(Future.scala:292)
	at scala.concurrent.impl.Promise.liftedTree1$1(Promise.scala:33)
	at scala.concurrent.impl.Promise.$anonfun$transform$1(Promise.scala:33)
	at scala.concurrent.impl.CallbackRunnable.run(Promise.scala:64)
	at com.firebase.core.util.LoggingExecutionContextExecutor.$anonfun$execute$3(LoggingExecutionContextExecutor.scala:23)
	at scala.runtime.java8.JFunction0$mcV$sp.apply(JFunction0$mcV$sp.java:23)
	at com.firebase.core.util.LoggingExecutionContextExecutor.wrapExecution(LoggingExecutionContextExecutor.scala:29)
	at com.firebase.core.util.LoggingExecutionContextExecutor.$anonfun$execute$2(LoggingExecutionContextExecutor.scala:23)
	at akka.dispatch.TaskInvocation.run(AbstractDispatcher.scala:48)
	at akka.dispatch.ForkJoinExecutorConfigurator$AkkaForkJoinTask.exec(ForkJoinExecutorConfigurator.scala:48)
	at java.base/java.util.concurrent.ForkJoinTask.doExec(ForkJoinTask.java:511)
	at java.base/java.util.concurrent.ForkJoinPool$WorkQueue.topLevelExec(ForkJoinPool.java:1450)
	at java.base/java.util.concurrent.ForkJoinPool.runWorker(ForkJoinPool.java:2019)
	at java.base/java.util.concurrent.ForkJoinWorkerThread.run(ForkJoinWorkerThread.java:187)
13:30:12.744 [NamespaceSystem-blocking-namespace-operation-dispatcher-7] ERROR com.firebase.core.namespace.rules.util.ValidationContext - invalid path (attendance.manage) found while validating ruleset (thread: NamespaceSystem-blocking-namespace-operation-dispatcher-7)
com.firebase.core.namespace.rules.util.ExpressionValidationException: String can't contain ".", "#", "$", "/", "[", or "]"
	at com.firebase.core.namespace.rules.ast.Helpers$.validationError(Helpers.scala:29)
	at com.firebase.core.namespace.rules.util.ValidationContext.maybeValidateStringLiteralAsPath(ValidationContext.scala:59)
	at com.firebase.core.namespace.rules.ast.StringLiteral.validate(Literals.scala:51)
	at com.firebase.core.namespace.rules.ast.members.data.Child$.validate(Child.scala:15)
	at com.firebase.core.namespace.rules.ast.FunctionCall.validate(FunctionCall.scala:32)
	at com.firebase.core.namespace.rules.ast.PropertyGet.validate(PropertyGet.scala:77)
	at com.firebase.core.namespace.rules.ast.FunctionCall.validate(FunctionCall.scala:23)
	at com.firebase.core.namespace.rules.ast.Equals.validate(EqualityOperators.scala:51)
	at com.firebase.core.namespace.rules.ast.Or.validate(LogicalOperators.scala:53)
	at com.firebase.core.namespace.rules.ast.And.validate(LogicalOperators.scala:25)
	at com.firebase.core.namespace.rules.tree.RuleExpression.validate(RuleExpression.scala:76)
	at com.firebase.core.namespace.rules.tree.RuleNode.$anonfun$validateRule$2(RuleNode.scala:69)
	at com.firebase.core.namespace.rules.tree.RuleNode.$anonfun$validateRule$2$adapted(RuleNode.scala:69)
	at scala.Option.foreach(Option.scala:407)
	at com.firebase.core.namespace.rules.tree.RuleNode.validateRule(RuleNode.scala:69)
	at com.firebase.core.namespace.rules.tree.RuleNode.validateRule(RuleNode.scala:85)
	at com.firebase.core.namespace.rules.tree.RuleNode.$anonfun$validateRule$6(RuleNode.scala:81)
	at com.firebase.core.namespace.rules.tree.RuleNode.$anonfun$validateRule$6$adapted(RuleNode.scala:80)
	at scala.collection.IndexedSeqOptimized.foreach(IndexedSeqOptimized.scala:36)
	at scala.collection.IndexedSeqOptimized.foreach$(IndexedSeqOptimized.scala:33)
	at scala.collection.mutable.ArrayOps$ofRef.foreach(ArrayOps.scala:198)
	at com.firebase.core.namespace.rules.tree.RuleNode.validateRule(RuleNode.scala:80)
	at com.firebase.core.namespace.rules.tree.RuleNodeParser$.$anonfun$parse$1(RuleNodeParser.scala:38)
	at scala.util.DynamicVariable.withValue(DynamicVariable.scala:62)
	at com.firebase.core.namespace.rules.tree.RuleNodeParser$.parse(RuleNodeParser.scala:29)
	at com.firebase.core.namespace.NamespaceManager.parseUntrustedRules(NamespaceManager.scala:266)
	at com.firebase.core.namespace.NamespaceManager.validateRules(NamespaceManager.scala:288)
	at com.firebase.core.namespace.NamespaceActor.handleNewRules(NamespaceActor.scala:1801)
	at com.firebase.core.namespace.NamespaceActor.handleAllowedAdminMessage(NamespaceActor.scala:780)
	at com.firebase.core.namespace.NamespaceActor.handleAdminMessage(NamespaceActor.scala:771)
	at com.firebase.core.namespace.NamespaceActor.$anonfun$handleEnvelope$9(NamespaceActor.scala:689)
	at scala.concurrent.Future$.$anonfun$apply$1(Future.scala:659)
	at scala.util.Success.$anonfun$map$1(Try.scala:255)
	at scala.util.Success.map(Try.scala:213)
	at scala.concurrent.Future.$anonfun$map$1(Future.scala:292)
	at scala.concurrent.impl.Promise.liftedTree1$1(Promise.scala:33)
	at scala.concurrent.impl.Promise.$anonfun$transform$1(Promise.scala:33)
	at scala.concurrent.impl.CallbackRunnable.run(Promise.scala:64)
	at com.firebase.core.util.LoggingExecutionContextExecutor.$anonfun$execute$3(LoggingExecutionContextExecutor.scala:23)
	at scala.runtime.java8.JFunction0$mcV$sp.apply(JFunction0$mcV$sp.java:23)
	at com.firebase.core.util.LoggingExecutionContextExecutor.wrapExecution(LoggingExecutionContextExecutor.scala:29)
	at com.firebase.core.util.LoggingExecutionContextExecutor.$anonfun$execute$2(LoggingExecutionContextExecutor.scala:23)
	at akka.dispatch.TaskInvocation.run(AbstractDispatcher.scala:48)
	at akka.dispatch.ForkJoinExecutorConfigurator$AkkaForkJoinTask.exec(ForkJoinExecutorConfigurator.scala:48)
	at java.base/java.util.concurrent.ForkJoinTask.doExec(ForkJoinTask.java:511)
	at java.base/java.util.concurrent.ForkJoinPool$WorkQueue.topLevelExec(ForkJoinPool.java:1450)
	at java.base/java.util.concurrent.ForkJoinPool.runWorker(ForkJoinPool.java:2019)
	at java.base/java.util.concurrent.ForkJoinWorkerThread.run(ForkJoinWorkerThread.java:187)
13:30:12.752 [NamespaceSystem-blocking-namespace-operation-dispatcher-7] ERROR com.firebase.core.namespace.rules.util.ValidationContext - invalid path (attendance.read) found while validating ruleset (thread: NamespaceSystem-blocking-namespace-operation-dispatcher-7)
com.firebase.core.namespace.rules.util.ExpressionValidationException: String can't contain ".", "#", "$", "/", "[", or "]"
	at com.firebase.core.namespace.rules.ast.Helpers$.validationError(Helpers.scala:29)
	at com.firebase.core.namespace.rules.util.ValidationContext.maybeValidateStringLiteralAsPath(ValidationContext.scala:59)
	at com.firebase.core.namespace.rules.ast.StringLiteral.validate(Literals.scala:51)
	at com.firebase.core.namespace.rules.ast.members.data.Child$.validate(Child.scala:15)
	at com.firebase.core.namespace.rules.ast.FunctionCall.validate(FunctionCall.scala:32)
	at com.firebase.core.namespace.rules.ast.PropertyGet.validate(PropertyGet.scala:77)
	at com.firebase.core.namespace.rules.ast.FunctionCall.validate(FunctionCall.scala:23)
	at com.firebase.core.namespace.rules.ast.Equals.validate(EqualityOperators.scala:51)
	at com.firebase.core.namespace.rules.ast.Or.validate(LogicalOperators.scala:53)
	at com.firebase.core.namespace.rules.ast.And.validate(LogicalOperators.scala:25)
	at com.firebase.core.namespace.rules.tree.RuleExpression.validate(RuleExpression.scala:76)
	at com.firebase.core.namespace.rules.tree.RuleNode.$anonfun$validateRule$1(RuleNode.scala:68)
	at com.firebase.core.namespace.rules.tree.RuleNode.$anonfun$validateRule$1$adapted(RuleNode.scala:68)
	at scala.Option.foreach(Option.scala:407)
	at com.firebase.core.namespace.rules.tree.RuleNode.validateRule(RuleNode.scala:68)
	at com.firebase.core.namespace.rules.tree.RuleNode.validateRule(RuleNode.scala:85)
	at com.firebase.core.namespace.rules.tree.RuleNode.$anonfun$validateRule$6(RuleNode.scala:81)
	at com.firebase.core.namespace.rules.tree.RuleNode.$anonfun$validateRule$6$adapted(RuleNode.scala:80)
	at scala.collection.IndexedSeqOptimized.foreach(IndexedSeqOptimized.scala:36)
	at scala.collection.IndexedSeqOptimized.foreach$(IndexedSeqOptimized.scala:33)
	at scala.collection.mutable.ArrayOps$ofRef.foreach(ArrayOps.scala:198)
	at com.firebase.core.namespace.rules.tree.RuleNode.validateRule(RuleNode.scala:80)
	at com.firebase.core.namespace.rules.tree.RuleNodeParser$.$anonfun$parse$1(RuleNodeParser.scala:38)
	at scala.util.DynamicVariable.withValue(DynamicVariable.scala:62)
	at com.firebase.core.namespace.rules.tree.RuleNodeParser$.parse(RuleNodeParser.scala:29)
	at com.firebase.core.namespace.NamespaceManager.parseUntrustedRules(NamespaceManager.scala:266)
	at com.firebase.core.namespace.NamespaceManager.validateRules(NamespaceManager.scala:288)
	at com.firebase.core.namespace.NamespaceActor.handleNewRules(NamespaceActor.scala:1801)
	at com.firebase.core.namespace.NamespaceActor.handleAllowedAdminMessage(NamespaceActor.scala:780)
	at com.firebase.core.namespace.NamespaceActor.handleAdminMessage(NamespaceActor.scala:771)
	at com.firebase.core.namespace.NamespaceActor.$anonfun$handleEnvelope$9(NamespaceActor.scala:689)
	at scala.concurrent.Future$.$anonfun$apply$1(Future.scala:659)
	at scala.util.Success.$anonfun$map$1(Try.scala:255)
	at scala.util.Success.map(Try.scala:213)
	at scala.concurrent.Future.$anonfun$map$1(Future.scala:292)
	at scala.concurrent.impl.Promise.liftedTree1$1(Promise.scala:33)
	at scala.concurrent.impl.Promise.$anonfun$transform$1(Promise.scala:33)
	at scala.concurrent.impl.CallbackRunnable.run(Promise.scala:64)
	at com.firebase.core.util.LoggingExecutionContextExecutor.$anonfun$execute$3(LoggingExecutionContextExecutor.scala:23)
	at scala.runtime.java8.JFunction0$mcV$sp.apply(JFunction0$mcV$sp.java:23)
	at com.firebase.core.util.LoggingExecutionContextExecutor.wrapExecution(LoggingExecutionContextExecutor.scala:29)
	at com.firebase.core.util.LoggingExecutionContextExecutor.$anonfun$execute$2(LoggingExecutionContextExecutor.scala:23)
	at akka.dispatch.TaskInvocation.run(AbstractDispatcher.scala:48)
	at akka.dispatch.ForkJoinExecutorConfigurator$AkkaForkJoinTask.exec(ForkJoinExecutorConfigurator.scala:48)
	at java.base/java.util.concurrent.ForkJoinTask.doExec(ForkJoinTask.java:511)
	at java.base/java.util.concurrent.ForkJoinPool$WorkQueue.topLevelExec(ForkJoinPool.java:1450)
	at java.base/java.util.concurrent.ForkJoinPool.runWorker(ForkJoinPool.java:2019)
	at java.base/java.util.concurrent.ForkJoinWorkerThread.run(ForkJoinWorkerThread.java:187)
13:30:12.756 [NamespaceSystem-blocking-namespace-operation-dispatcher-7] ERROR com.firebase.core.namespace.rules.util.ValidationContext - invalid path (attendance.manage) found while validating ruleset (thread: NamespaceSystem-blocking-namespace-operation-dispatcher-7)
com.firebase.core.namespace.rules.util.ExpressionValidationException: String can't contain ".", "#", "$", "/", "[", or "]"
	at com.firebase.core.namespace.rules.ast.Helpers$.validationError(Helpers.scala:29)
	at com.firebase.core.namespace.rules.util.ValidationContext.maybeValidateStringLiteralAsPath(ValidationContext.scala:59)
	at com.firebase.core.namespace.rules.ast.StringLiteral.validate(Literals.scala:51)
	at com.firebase.core.namespace.rules.ast.members.data.Child$.validate(Child.scala:15)
	at com.firebase.core.namespace.rules.ast.FunctionCall.validate(FunctionCall.scala:32)
	at com.firebase.core.namespace.rules.ast.PropertyGet.validate(PropertyGet.scala:77)
	at com.firebase.core.namespace.rules.ast.FunctionCall.validate(FunctionCall.scala:23)
	at com.firebase.core.namespace.rules.ast.Equals.validate(EqualityOperators.scala:51)
	at com.firebase.core.namespace.rules.ast.Or.validate(LogicalOperators.scala:53)
	at com.firebase.core.namespace.rules.ast.And.validate(LogicalOperators.scala:25)
	at com.firebase.core.namespace.rules.tree.RuleExpression.validate(RuleExpression.scala:76)
	at com.firebase.core.namespace.rules.tree.RuleNode.$anonfun$validateRule$2(RuleNode.scala:69)
	at com.firebase.core.namespace.rules.tree.RuleNode.$anonfun$validateRule$2$adapted(RuleNode.scala:69)
	at scala.Option.foreach(Option.scala:407)
	at com.firebase.core.namespace.rules.tree.RuleNode.validateRule(RuleNode.scala:69)
	at com.firebase.core.namespace.rules.tree.RuleNode.validateRule(RuleNode.scala:85)
	at com.firebase.core.namespace.rules.tree.RuleNode.$anonfun$validateRule$6(RuleNode.scala:81)
	at com.firebase.core.namespace.rules.tree.RuleNode.$anonfun$validateRule$6$adapted(RuleNode.scala:80)
	at scala.collection.IndexedSeqOptimized.foreach(IndexedSeqOptimized.scala:36)
	at scala.collection.IndexedSeqOptimized.foreach$(IndexedSeqOptimized.scala:33)
	at scala.collection.mutable.ArrayOps$ofRef.foreach(ArrayOps.scala:198)
	at com.firebase.core.namespace.rules.tree.RuleNode.validateRule(RuleNode.scala:80)
	at com.firebase.core.namespace.rules.tree.RuleNodeParser$.$anonfun$parse$1(RuleNodeParser.scala:38)
	at scala.util.DynamicVariable.withValue(DynamicVariable.scala:62)
	at com.firebase.core.namespace.rules.tree.RuleNodeParser$.parse(RuleNodeParser.scala:29)
	at com.firebase.core.namespace.NamespaceManager.parseUntrustedRules(NamespaceManager.scala:266)
	at com.firebase.core.namespace.NamespaceManager.validateRules(NamespaceManager.scala:288)
	at com.firebase.core.namespace.NamespaceActor.handleNewRules(NamespaceActor.scala:1801)
	at com.firebase.core.namespace.NamespaceActor.handleAllowedAdminMessage(NamespaceActor.scala:780)
	at com.firebase.core.namespace.NamespaceActor.handleAdminMessage(NamespaceActor.scala:771)
	at com.firebase.core.namespace.NamespaceActor.$anonfun$handleEnvelope$9(NamespaceActor.scala:689)
	at scala.concurrent.Future$.$anonfun$apply$1(Future.scala:659)
	at scala.util.Success.$anonfun$map$1(Try.scala:255)
	at scala.util.Success.map(Try.scala:213)
	at scala.concurrent.Future.$anonfun$map$1(Future.scala:292)
	at scala.concurrent.impl.Promise.liftedTree1$1(Promise.scala:33)
	at scala.concurrent.impl.Promise.$anonfun$transform$1(Promise.scala:33)
	at scala.concurrent.impl.CallbackRunnable.run(Promise.scala:64)
	at com.firebase.core.util.LoggingExecutionContextExecutor.$anonfun$execute$3(LoggingExecutionContextExecutor.scala:23)
	at scala.runtime.java8.JFunction0$mcV$sp.apply(JFunction0$mcV$sp.java:23)
	at com.firebase.core.util.LoggingExecutionContextExecutor.wrapExecution(LoggingExecutionContextExecutor.scala:29)
	at com.firebase.core.util.LoggingExecutionContextExecutor.$anonfun$execute$2(LoggingExecutionContextExecutor.scala:23)
	at akka.dispatch.TaskInvocation.run(AbstractDispatcher.scala:48)
	at akka.dispatch.ForkJoinExecutorConfigurator$AkkaForkJoinTask.exec(ForkJoinExecutorConfigurator.scala:48)
	at java.base/java.util.concurrent.ForkJoinTask.doExec(ForkJoinTask.java:511)
	at java.base/java.util.concurrent.ForkJoinPool$WorkQueue.topLevelExec(ForkJoinPool.java:1450)
	at java.base/java.util.concurrent.ForkJoinPool.runWorker(ForkJoinPool.java:2019)
	at java.base/java.util.concurrent.ForkJoinWorkerThread.run(ForkJoinWorkerThread.java:187)
13:30:12.757 [NamespaceSystem-blocking-namespace-operation-dispatcher-7] ERROR com.firebase.core.namespace.rules.util.ValidationContext - invalid path (events.read) found while validating ruleset (thread: NamespaceSystem-blocking-namespace-operation-dispatcher-7)
com.firebase.core.namespace.rules.util.ExpressionValidationException: String can't contain ".", "#", "$", "/", "[", or "]"
	at com.firebase.core.namespace.rules.ast.Helpers$.validationError(Helpers.scala:29)
	at com.firebase.core.namespace.rules.util.ValidationContext.maybeValidateStringLiteralAsPath(ValidationContext.scala:59)
	at com.firebase.core.namespace.rules.ast.StringLiteral.validate(Literals.scala:51)
	at com.firebase.core.namespace.rules.ast.members.data.Child$.validate(Child.scala:15)
	at com.firebase.core.namespace.rules.ast.FunctionCall.validate(FunctionCall.scala:32)
	at com.firebase.core.namespace.rules.ast.PropertyGet.validate(PropertyGet.scala:77)
	at com.firebase.core.namespace.rules.ast.FunctionCall.validate(FunctionCall.scala:23)
	at com.firebase.core.namespace.rules.ast.Equals.validate(EqualityOperators.scala:51)
	at com.firebase.core.namespace.rules.ast.Or.validate(LogicalOperators.scala:53)
	at com.firebase.core.namespace.rules.ast.And.validate(LogicalOperators.scala:25)
	at com.firebase.core.namespace.rules.ast.Or.validate(LogicalOperators.scala:54)
	at com.firebase.core.namespace.rules.tree.RuleExpression.validate(RuleExpression.scala:76)
	at com.firebase.core.namespace.rules.tree.RuleNode.$anonfun$validateRule$1(RuleNode.scala:68)
	at com.firebase.core.namespace.rules.tree.RuleNode.$anonfun$validateRule$1$adapted(RuleNode.scala:68)
	at scala.Option.foreach(Option.scala:407)
	at com.firebase.core.namespace.rules.tree.RuleNode.validateRule(RuleNode.scala:68)
	at com.firebase.core.namespace.rules.tree.RuleNode.validateRule(RuleNode.scala:85)
	at com.firebase.core.namespace.rules.tree.RuleNode.$anonfun$validateRule$6(RuleNode.scala:81)
	at com.firebase.core.namespace.rules.tree.RuleNode.$anonfun$validateRule$6$adapted(RuleNode.scala:80)
	at scala.collection.IndexedSeqOptimized.foreach(IndexedSeqOptimized.scala:36)
	at scala.collection.IndexedSeqOptimized.foreach$(IndexedSeqOptimized.scala:33)
	at scala.collection.mutable.ArrayOps$ofRef.foreach(ArrayOps.scala:198)
	at com.firebase.core.namespace.rules.tree.RuleNode.validateRule(RuleNode.scala:80)
	at com.firebase.core.namespace.rules.tree.RuleNodeParser$.$anonfun$parse$1(RuleNodeParser.scala:38)
	at scala.util.DynamicVariable.withValue(DynamicVariable.scala:62)
	at com.firebase.core.namespace.rules.tree.RuleNodeParser$.parse(RuleNodeParser.scala:29)
	at com.firebase.core.namespace.NamespaceManager.parseUntrustedRules(NamespaceManager.scala:266)
	at com.firebase.core.namespace.NamespaceManager.validateRules(NamespaceManager.scala:288)
	at com.firebase.core.namespace.NamespaceActor.handleNewRules(NamespaceActor.scala:1801)
	at com.firebase.core.namespace.NamespaceActor.handleAllowedAdminMessage(NamespaceActor.scala:780)
	at com.firebase.core.namespace.NamespaceActor.handleAdminMessage(NamespaceActor.scala:771)
	at com.firebase.core.namespace.NamespaceActor.$anonfun$handleEnvelope$9(NamespaceActor.scala:689)
	at scala.concurrent.Future$.$anonfun$apply$1(Future.scala:659)
	at scala.util.Success.$anonfun$map$1(Try.scala:255)
	at scala.util.Success.map(Try.scala:213)
	at scala.concurrent.Future.$anonfun$map$1(Future.scala:292)
	at scala.concurrent.impl.Promise.liftedTree1$1(Promise.scala:33)
	at scala.concurrent.impl.Promise.$anonfun$transform$1(Promise.scala:33)
	at scala.concurrent.impl.CallbackRunnable.run(Promise.scala:64)
	at com.firebase.core.util.LoggingExecutionContextExecutor.$anonfun$execute$3(LoggingExecutionContextExecutor.scala:23)
	at scala.runtime.java8.JFunction0$mcV$sp.apply(JFunction0$mcV$sp.java:23)
	at com.firebase.core.util.LoggingExecutionContextExecutor.wrapExecution(LoggingExecutionContextExecutor.scala:29)
	at com.firebase.core.util.LoggingExecutionContextExecutor.$anonfun$execute$2(LoggingExecutionContextExecutor.scala:23)
	at akka.dispatch.TaskInvocation.run(AbstractDispatcher.scala:48)
	at akka.dispatch.ForkJoinExecutorConfigurator$AkkaForkJoinTask.exec(ForkJoinExecutorConfigurator.scala:48)
	at java.base/java.util.concurrent.ForkJoinTask.doExec(ForkJoinTask.java:511)
	at java.base/java.util.concurrent.ForkJoinPool$WorkQueue.topLevelExec(ForkJoinPool.java:1450)
	at java.base/java.util.concurrent.ForkJoinPool.runWorker(ForkJoinPool.java:2019)
	at java.base/java.util.concurrent.ForkJoinWorkerThread.run(ForkJoinWorkerThread.java:187)
13:30:12.761 [NamespaceSystem-blocking-namespace-operation-dispatcher-7] ERROR com.firebase.core.namespace.rules.util.ValidationContext - invalid path (events.manage) found while validating ruleset (thread: NamespaceSystem-blocking-namespace-operation-dispatcher-7)
com.firebase.core.namespace.rules.util.ExpressionValidationException: String can't contain ".", "#", "$", "/", "[", or "]"
	at com.firebase.core.namespace.rules.ast.Helpers$.validationError(Helpers.scala:29)
	at com.firebase.core.namespace.rules.util.ValidationContext.maybeValidateStringLiteralAsPath(ValidationContext.scala:59)
	at com.firebase.core.namespace.rules.ast.StringLiteral.validate(Literals.scala:51)
	at com.firebase.core.namespace.rules.ast.members.data.Child$.validate(Child.scala:15)
	at com.firebase.core.namespace.rules.ast.FunctionCall.validate(FunctionCall.scala:32)
	at com.firebase.core.namespace.rules.ast.PropertyGet.validate(PropertyGet.scala:77)
	at com.firebase.core.namespace.rules.ast.FunctionCall.validate(FunctionCall.scala:23)
	at com.firebase.core.namespace.rules.ast.Equals.validate(EqualityOperators.scala:51)
	at com.firebase.core.namespace.rules.ast.Or.validate(LogicalOperators.scala:53)
	at com.firebase.core.namespace.rules.ast.And.validate(LogicalOperators.scala:25)
	at com.firebase.core.namespace.rules.tree.RuleExpression.validate(RuleExpression.scala:76)
	at com.firebase.core.namespace.rules.tree.RuleNode.$anonfun$validateRule$2(RuleNode.scala:69)
	at com.firebase.core.namespace.rules.tree.RuleNode.$anonfun$validateRule$2$adapted(RuleNode.scala:69)
	at scala.Option.foreach(Option.scala:407)
	at com.firebase.core.namespace.rules.tree.RuleNode.validateRule(RuleNode.scala:69)
	at com.firebase.core.namespace.rules.tree.RuleNode.validateRule(RuleNode.scala:85)
	at com.firebase.core.namespace.rules.tree.RuleNode.$anonfun$validateRule$6(RuleNode.scala:81)
	at com.firebase.core.namespace.rules.tree.RuleNode.$anonfun$validateRule$6$adapted(RuleNode.scala:80)
	at scala.collection.IndexedSeqOptimized.foreach(IndexedSeqOptimized.scala:36)
	at scala.collection.IndexedSeqOptimized.foreach$(IndexedSeqOptimized.scala:33)
	at scala.collection.mutable.ArrayOps$ofRef.foreach(ArrayOps.scala:198)
	at com.firebase.core.namespace.rules.tree.RuleNode.validateRule(RuleNode.scala:80)
	at com.firebase.core.namespace.rules.tree.RuleNodeParser$.$anonfun$parse$1(RuleNodeParser.scala:38)
	at scala.util.DynamicVariable.withValue(DynamicVariable.scala:62)
	at com.firebase.core.namespace.rules.tree.RuleNodeParser$.parse(RuleNodeParser.scala:29)
	at com.firebase.core.namespace.NamespaceManager.parseUntrustedRules(NamespaceManager.scala:266)
	at com.firebase.core.namespace.NamespaceManager.validateRules(NamespaceManager.scala:288)
	at com.firebase.core.namespace.NamespaceActor.handleNewRules(NamespaceActor.scala:1801)
	at com.firebase.core.namespace.NamespaceActor.handleAllowedAdminMessage(NamespaceActor.scala:780)
	at com.firebase.core.namespace.NamespaceActor.handleAdminMessage(NamespaceActor.scala:771)
	at com.firebase.core.namespace.NamespaceActor.$anonfun$handleEnvelope$9(NamespaceActor.scala:689)
	at scala.concurrent.Future$.$anonfun$apply$1(Future.scala:659)
	at scala.util.Success.$anonfun$map$1(Try.scala:255)
	at scala.util.Success.map(Try.scala:213)
	at scala.concurrent.Future.$anonfun$map$1(Future.scala:292)
	at scala.concurrent.impl.Promise.liftedTree1$1(Promise.scala:33)
	at scala.concurrent.impl.Promise.$anonfun$transform$1(Promise.scala:33)
	at scala.concurrent.impl.CallbackRunnable.run(Promise.scala:64)
	at com.firebase.core.util.LoggingExecutionContextExecutor.$anonfun$execute$3(LoggingExecutionContextExecutor.scala:23)
	at scala.runtime.java8.JFunction0$mcV$sp.apply(JFunction0$mcV$sp.java:23)
	at com.firebase.core.util.LoggingExecutionContextExecutor.wrapExecution(LoggingExecutionContextExecutor.scala:29)
	at com.firebase.core.util.LoggingExecutionContextExecutor.$anonfun$execute$2(LoggingExecutionContextExecutor.scala:23)
	at akka.dispatch.TaskInvocation.run(AbstractDispatcher.scala:48)
	at akka.dispatch.ForkJoinExecutorConfigurator$AkkaForkJoinTask.exec(ForkJoinExecutorConfigurator.scala:48)
	at java.base/java.util.concurrent.ForkJoinTask.doExec(ForkJoinTask.java:511)
	at java.base/java.util.concurrent.ForkJoinPool$WorkQueue.topLevelExec(ForkJoinPool.java:1450)
	at java.base/java.util.concurrent.ForkJoinPool.runWorker(ForkJoinPool.java:2019)
	at java.base/java.util.concurrent.ForkJoinWorkerThread.run(ForkJoinWorkerThread.java:187)
13:30:12.786 [NamespaceSystem-blocking-namespace-operation-dispatcher-7] INFO com.firebase.core.namespace.StateManager - Namespace site-amm-test-default-rtdb status Active to Active
13:30:12.818 [NamespaceSystem-blocking-namespace-operation-dispatcher-7] ERROR com.firebase.core.namespace.rules.util.ValidationContext - invalid path (users.manage) found while validating ruleset (thread: NamespaceSystem-blocking-namespace-operation-dispatcher-7)
com.firebase.core.namespace.rules.util.ExpressionValidationException: String can't contain ".", "#", "$", "/", "[", or "]"
	at com.firebase.core.namespace.rules.ast.Helpers$.validationError(Helpers.scala:29)
	at com.firebase.core.namespace.rules.util.ValidationContext.maybeValidateStringLiteralAsPath(ValidationContext.scala:59)
	at com.firebase.core.namespace.rules.ast.StringLiteral.validate(Literals.scala:51)
	at com.firebase.core.namespace.rules.ast.members.data.Child$.validate(Child.scala:15)
	at com.firebase.core.namespace.rules.ast.FunctionCall.validate(FunctionCall.scala:32)
	at com.firebase.core.namespace.rules.ast.PropertyGet.validate(PropertyGet.scala:77)
	at com.firebase.core.namespace.rules.ast.FunctionCall.validate(FunctionCall.scala:23)
	at com.firebase.core.namespace.rules.ast.Equals.validate(EqualityOperators.scala:51)
	at com.firebase.core.namespace.rules.ast.Or.validate(LogicalOperators.scala:54)
	at com.firebase.core.namespace.rules.ast.Or.validate(LogicalOperators.scala:54)
	at com.firebase.core.namespace.rules.ast.And.validate(LogicalOperators.scala:25)
	at com.firebase.core.namespace.rules.tree.RuleExpression.validate(RuleExpression.scala:76)
	at com.firebase.core.namespace.rules.tree.RuleNode.$anonfun$validateRule$1(RuleNode.scala:68)
	at com.firebase.core.namespace.rules.tree.RuleNode.$anonfun$validateRule$1$adapted(RuleNode.scala:68)
	at scala.Option.foreach(Option.scala:407)
	at com.firebase.core.namespace.rules.tree.RuleNode.validateRule(RuleNode.scala:68)
	at com.firebase.core.namespace.rules.tree.RuleNode.validateRule(RuleNode.scala:85)
	at com.firebase.core.namespace.rules.tree.RuleNode.$anonfun$validateRule$6(RuleNode.scala:81)
	at com.firebase.core.namespace.rules.tree.RuleNode.$anonfun$validateRule$6$adapted(RuleNode.scala:80)
	at scala.collection.IndexedSeqOptimized.foreach(IndexedSeqOptimized.scala:36)
	at scala.collection.IndexedSeqOptimized.foreach$(IndexedSeqOptimized.scala:33)
	at scala.collection.mutable.ArrayOps$ofRef.foreach(ArrayOps.scala:198)
	at com.firebase.core.namespace.rules.tree.RuleNode.validateRule(RuleNode.scala:80)
	at com.firebase.core.namespace.rules.tree.RuleNodeParser$.$anonfun$parse$1(RuleNodeParser.scala:38)
	at scala.util.DynamicVariable.withValue(DynamicVariable.scala:62)
	at com.firebase.core.namespace.rules.tree.RuleNodeParser$.parse(RuleNodeParser.scala:29)
	at com.firebase.core.namespace.NamespaceManager.parseUntrustedRules(NamespaceManager.scala:266)
	at com.firebase.core.namespace.NamespaceManager.updateRules(NamespaceManager.scala:310)
	at com.firebase.core.namespace.NamespaceActor.$anonfun$new$5(NamespaceActor.scala:1811)
	at com.firebase.core.namespace.NamespaceActor.$anonfun$new$5$adapted(NamespaceActor.scala:1807)
	at com.firebase.util.misc.MutableProvider.$anonfun$set$1(Provider.scala:28)
	at com.firebase.util.misc.MutableProvider.$anonfun$set$1$adapted(Provider.scala:27)
	at scala.collection.immutable.HashSet$HashSet1.foreach(HashSet.scala:330)
	at scala.collection.immutable.HashSet$HashTrieSet.foreach(HashSet.scala:1104)
	at com.firebase.util.misc.MutableProvider.set(Provider.scala:27)
	at com.firebase.core.namespace.NamespaceActor.persistMetadataResult(NamespaceActor.scala:1877)
	at com.firebase.core.namespace.NamespaceActor.$anonfun$handleNewRules$1(NamespaceActor.scala:1802)
	at com.firebase.util.result.package$Result.flatMap(package.scala:59)
	at com.firebase.util.result.package$Result.flatMap$(package.scala:57)
	at com.firebase.util.result.package$Value.flatMap(package.scala:203)
	at com.firebase.core.namespace.NamespaceActor.handleNewRules(NamespaceActor.scala:1801)
	at com.firebase.core.namespace.NamespaceActor.handleAllowedAdminMessage(NamespaceActor.scala:780)
	at com.firebase.core.namespace.NamespaceActor.handleAdminMessage(NamespaceActor.scala:771)
	at com.firebase.core.namespace.NamespaceActor.$anonfun$handleEnvelope$9(NamespaceActor.scala:689)
	at scala.concurrent.Future$.$anonfun$apply$1(Future.scala:659)
	at scala.util.Success.$anonfun$map$1(Try.scala:255)
	at scala.util.Success.map(Try.scala:213)
	at scala.concurrent.Future.$anonfun$map$1(Future.scala:292)
	at scala.concurrent.impl.Promise.liftedTree1$1(Promise.scala:33)
	at scala.concurrent.impl.Promise.$anonfun$transform$1(Promise.scala:33)
	at scala.concurrent.impl.CallbackRunnable.run(Promise.scala:64)
	at com.firebase.core.util.LoggingExecutionContextExecutor.$anonfun$execute$3(LoggingExecutionContextExecutor.scala:23)
	at scala.runtime.java8.JFunction0$mcV$sp.apply(JFunction0$mcV$sp.java:23)
	at com.firebase.core.util.LoggingExecutionContextExecutor.wrapExecution(LoggingExecutionContextExecutor.scala:29)
	at com.firebase.core.util.LoggingExecutionContextExecutor.$anonfun$execute$2(LoggingExecutionContextExecutor.scala:23)
	at akka.dispatch.TaskInvocation.run(AbstractDispatcher.scala:48)
	at akka.dispatch.ForkJoinExecutorConfigurator$AkkaForkJoinTask.exec(ForkJoinExecutorConfigurator.scala:48)
	at java.base/java.util.concurrent.ForkJoinTask.doExec(ForkJoinTask.java:511)
	at java.base/java.util.concurrent.ForkJoinPool$WorkQueue.topLevelExec(ForkJoinPool.java:1450)
	at java.base/java.util.concurrent.ForkJoinPool.runWorker(ForkJoinPool.java:2019)
	at java.base/java.util.concurrent.ForkJoinWorkerThread.run(ForkJoinWorkerThread.java:187)
13:30:12.819 [NamespaceSystem-blocking-namespace-operation-dispatcher-7] ERROR com.firebase.core.namespace.rules.util.ValidationContext - invalid path (users.manage) found while validating ruleset (thread: NamespaceSystem-blocking-namespace-operation-dispatcher-7)
com.firebase.core.namespace.rules.util.ExpressionValidationException: String can't contain ".", "#", "$", "/", "[", or "]"
	at com.firebase.core.namespace.rules.ast.Helpers$.validationError(Helpers.scala:29)
	at com.firebase.core.namespace.rules.util.ValidationContext.maybeValidateStringLiteralAsPath(ValidationContext.scala:59)
	at com.firebase.core.namespace.rules.ast.StringLiteral.validate(Literals.scala:51)
	at com.firebase.core.namespace.rules.ast.members.data.Child$.validate(Child.scala:15)
	at com.firebase.core.namespace.rules.ast.FunctionCall.validate(FunctionCall.scala:32)
	at com.firebase.core.namespace.rules.ast.PropertyGet.validate(PropertyGet.scala:77)
	at com.firebase.core.namespace.rules.ast.FunctionCall.validate(FunctionCall.scala:23)
	at com.firebase.core.namespace.rules.ast.Equals.validate(EqualityOperators.scala:51)
	at com.firebase.core.namespace.rules.ast.Or.validate(LogicalOperators.scala:54)
	at com.firebase.core.namespace.rules.ast.And.validate(LogicalOperators.scala:25)
	at com.firebase.core.namespace.rules.tree.RuleExpression.validate(RuleExpression.scala:76)
	at com.firebase.core.namespace.rules.tree.RuleNode.$anonfun$validateRule$2(RuleNode.scala:69)
	at com.firebase.core.namespace.rules.tree.RuleNode.$anonfun$validateRule$2$adapted(RuleNode.scala:69)
	at scala.Option.foreach(Option.scala:407)
	at com.firebase.core.namespace.rules.tree.RuleNode.validateRule(RuleNode.scala:69)
	at com.firebase.core.namespace.rules.tree.RuleNode.validateRule(RuleNode.scala:85)
	at com.firebase.core.namespace.rules.tree.RuleNode.$anonfun$validateRule$6(RuleNode.scala:81)
	at com.firebase.core.namespace.rules.tree.RuleNode.$anonfun$validateRule$6$adapted(RuleNode.scala:80)
	at scala.collection.IndexedSeqOptimized.foreach(IndexedSeqOptimized.scala:36)
	at scala.collection.IndexedSeqOptimized.foreach$(IndexedSeqOptimized.scala:33)
	at scala.collection.mutable.ArrayOps$ofRef.foreach(ArrayOps.scala:198)
	at com.firebase.core.namespace.rules.tree.RuleNode.validateRule(RuleNode.scala:80)
	at com.firebase.core.namespace.rules.tree.RuleNodeParser$.$anonfun$parse$1(RuleNodeParser.scala:38)
	at scala.util.DynamicVariable.withValue(DynamicVariable.scala:62)
	at com.firebase.core.namespace.rules.tree.RuleNodeParser$.parse(RuleNodeParser.scala:29)
	at com.firebase.core.namespace.NamespaceManager.parseUntrustedRules(NamespaceManager.scala:266)
	at com.firebase.core.namespace.NamespaceManager.updateRules(NamespaceManager.scala:310)
	at com.firebase.core.namespace.NamespaceActor.$anonfun$new$5(NamespaceActor.scala:1811)
	at com.firebase.core.namespace.NamespaceActor.$anonfun$new$5$adapted(NamespaceActor.scala:1807)
	at com.firebase.util.misc.MutableProvider.$anonfun$set$1(Provider.scala:28)
	at com.firebase.util.misc.MutableProvider.$anonfun$set$1$adapted(Provider.scala:27)
	at scala.collection.immutable.HashSet$HashSet1.foreach(HashSet.scala:330)
	at scala.collection.immutable.HashSet$HashTrieSet.foreach(HashSet.scala:1104)
	at com.firebase.util.misc.MutableProvider.set(Provider.scala:27)
	at com.firebase.core.namespace.NamespaceActor.persistMetadataResult(NamespaceActor.scala:1877)
	at com.firebase.core.namespace.NamespaceActor.$anonfun$handleNewRules$1(NamespaceActor.scala:1802)
	at com.firebase.util.result.package$Result.flatMap(package.scala:59)
	at com.firebase.util.result.package$Result.flatMap$(package.scala:57)
	at com.firebase.util.result.package$Value.flatMap(package.scala:203)
	at com.firebase.core.namespace.NamespaceActor.handleNewRules(NamespaceActor.scala:1801)
	at com.firebase.core.namespace.NamespaceActor.handleAllowedAdminMessage(NamespaceActor.scala:780)
	at com.firebase.core.namespace.NamespaceActor.handleAdminMessage(NamespaceActor.scala:771)
	at com.firebase.core.namespace.NamespaceActor.$anonfun$handleEnvelope$9(NamespaceActor.scala:689)
	at scala.concurrent.Future$.$anonfun$apply$1(Future.scala:659)
	at scala.util.Success.$anonfun$map$1(Try.scala:255)
	at scala.util.Success.map(Try.scala:213)
	at scala.concurrent.Future.$anonfun$map$1(Future.scala:292)
	at scala.concurrent.impl.Promise.liftedTree1$1(Promise.scala:33)
	at scala.concurrent.impl.Promise.$anonfun$transform$1(Promise.scala:33)
	at scala.concurrent.impl.CallbackRunnable.run(Promise.scala:64)
	at com.firebase.core.util.LoggingExecutionContextExecutor.$anonfun$execute$3(LoggingExecutionContextExecutor.scala:23)
	at scala.runtime.java8.JFunction0$mcV$sp.apply(JFunction0$mcV$sp.java:23)
	at com.firebase.core.util.LoggingExecutionContextExecutor.wrapExecution(LoggingExecutionContextExecutor.scala:29)
	at com.firebase.core.util.LoggingExecutionContextExecutor.$anonfun$execute$2(LoggingExecutionContextExecutor.scala:23)
	at akka.dispatch.TaskInvocation.run(AbstractDispatcher.scala:48)
	at akka.dispatch.ForkJoinExecutorConfigurator$AkkaForkJoinTask.exec(ForkJoinExecutorConfigurator.scala:48)
	at java.base/java.util.concurrent.ForkJoinTask.doExec(ForkJoinTask.java:511)
	at java.base/java.util.concurrent.ForkJoinPool$WorkQueue.topLevelExec(ForkJoinPool.java:1450)
	at java.base/java.util.concurrent.ForkJoinPool.runWorker(ForkJoinPool.java:2019)
	at java.base/java.util.concurrent.ForkJoinWorkerThread.run(ForkJoinWorkerThread.java:187)
13:30:12.821 [NamespaceSystem-blocking-namespace-operation-dispatcher-7] ERROR com.firebase.core.namespace.rules.util.ValidationContext - invalid path (users.manage) found while validating ruleset (thread: NamespaceSystem-blocking-namespace-operation-dispatcher-7)
com.firebase.core.namespace.rules.util.ExpressionValidationException: String can't contain ".", "#", "$", "/", "[", or "]"
	at com.firebase.core.namespace.rules.ast.Helpers$.validationError(Helpers.scala:29)
	at com.firebase.core.namespace.rules.util.ValidationContext.maybeValidateStringLiteralAsPath(ValidationContext.scala:59)
	at com.firebase.core.namespace.rules.ast.StringLiteral.validate(Literals.scala:51)
	at com.firebase.core.namespace.rules.ast.members.data.Child$.validate(Child.scala:15)
	at com.firebase.core.namespace.rules.ast.FunctionCall.validate(FunctionCall.scala:32)
	at com.firebase.core.namespace.rules.ast.PropertyGet.validate(PropertyGet.scala:77)
	at com.firebase.core.namespace.rules.ast.FunctionCall.validate(FunctionCall.scala:23)
	at com.firebase.core.namespace.rules.ast.Equals.validate(EqualityOperators.scala:51)
	at com.firebase.core.namespace.rules.ast.Or.validate(LogicalOperators.scala:54)
	at com.firebase.core.namespace.rules.ast.And.validate(LogicalOperators.scala:25)
	at com.firebase.core.namespace.rules.tree.RuleExpression.validate(RuleExpression.scala:76)
	at com.firebase.core.namespace.rules.tree.RuleNode.$anonfun$validateRule$1(RuleNode.scala:68)
	at com.firebase.core.namespace.rules.tree.RuleNode.$anonfun$validateRule$1$adapted(RuleNode.scala:68)
	at scala.Option.foreach(Option.scala:407)
	at com.firebase.core.namespace.rules.tree.RuleNode.validateRule(RuleNode.scala:68)
	at com.firebase.core.namespace.rules.tree.RuleNode.validateRule(RuleNode.scala:85)
	at com.firebase.core.namespace.rules.tree.RuleNode.$anonfun$validateRule$6(RuleNode.scala:81)
	at com.firebase.core.namespace.rules.tree.RuleNode.$anonfun$validateRule$6$adapted(RuleNode.scala:80)
	at scala.collection.IndexedSeqOptimized.foreach(IndexedSeqOptimized.scala:36)
	at scala.collection.IndexedSeqOptimized.foreach$(IndexedSeqOptimized.scala:33)
	at scala.collection.mutable.ArrayOps$ofRef.foreach(ArrayOps.scala:198)
	at com.firebase.core.namespace.rules.tree.RuleNode.validateRule(RuleNode.scala:80)
	at com.firebase.core.namespace.rules.tree.RuleNodeParser$.$anonfun$parse$1(RuleNodeParser.scala:38)
	at scala.util.DynamicVariable.withValue(DynamicVariable.scala:62)
	at com.firebase.core.namespace.rules.tree.RuleNodeParser$.parse(RuleNodeParser.scala:29)
	at com.firebase.core.namespace.NamespaceManager.parseUntrustedRules(NamespaceManager.scala:266)
	at com.firebase.core.namespace.NamespaceManager.updateRules(NamespaceManager.scala:310)
	at com.firebase.core.namespace.NamespaceActor.$anonfun$new$5(NamespaceActor.scala:1811)
	at com.firebase.core.namespace.NamespaceActor.$anonfun$new$5$adapted(NamespaceActor.scala:1807)
	at com.firebase.util.misc.MutableProvider.$anonfun$set$1(Provider.scala:28)
	at com.firebase.util.misc.MutableProvider.$anonfun$set$1$adapted(Provider.scala:27)
	at scala.collection.immutable.HashSet$HashSet1.foreach(HashSet.scala:330)
	at scala.collection.immutable.HashSet$HashTrieSet.foreach(HashSet.scala:1104)
	at com.firebase.util.misc.MutableProvider.set(Provider.scala:27)
	at com.firebase.core.namespace.NamespaceActor.persistMetadataResult(NamespaceActor.scala:1877)
	at com.firebase.core.namespace.NamespaceActor.$anonfun$handleNewRules$1(NamespaceActor.scala:1802)
	at com.firebase.util.result.package$Result.flatMap(package.scala:59)
	at com.firebase.util.result.package$Result.flatMap$(package.scala:57)
	at com.firebase.util.result.package$Value.flatMap(package.scala:203)
	at com.firebase.core.namespace.NamespaceActor.handleNewRules(NamespaceActor.scala:1801)
	at com.firebase.core.namespace.NamespaceActor.handleAllowedAdminMessage(NamespaceActor.scala:780)
	at com.firebase.core.namespace.NamespaceActor.handleAdminMessage(NamespaceActor.scala:771)
	at com.firebase.core.namespace.NamespaceActor.$anonfun$handleEnvelope$9(NamespaceActor.scala:689)
	at scala.concurrent.Future$.$anonfun$apply$1(Future.scala:659)
	at scala.util.Success.$anonfun$map$1(Try.scala:255)
	at scala.util.Success.map(Try.scala:213)
	at scala.concurrent.Future.$anonfun$map$1(Future.scala:292)
	at scala.concurrent.impl.Promise.liftedTree1$1(Promise.scala:33)
	at scala.concurrent.impl.Promise.$anonfun$transform$1(Promise.scala:33)
	at scala.concurrent.impl.CallbackRunnable.run(Promise.scala:64)
	at com.firebase.core.util.LoggingExecutionContextExecutor.$anonfun$execute$3(LoggingExecutionContextExecutor.scala:23)
	at scala.runtime.java8.JFunction0$mcV$sp.apply(JFunction0$mcV$sp.java:23)
	at com.firebase.core.util.LoggingExecutionContextExecutor.wrapExecution(LoggingExecutionContextExecutor.scala:29)
	at com.firebase.core.util.LoggingExecutionContextExecutor.$anonfun$execute$2(LoggingExecutionContextExecutor.scala:23)
	at akka.dispatch.TaskInvocation.run(AbstractDispatcher.scala:48)
	at akka.dispatch.ForkJoinExecutorConfigurator$AkkaForkJoinTask.exec(ForkJoinExecutorConfigurator.scala:48)
	at java.base/java.util.concurrent.ForkJoinTask.doExec(ForkJoinTask.java:511)
	at java.base/java.util.concurrent.ForkJoinPool$WorkQueue.topLevelExec(ForkJoinPool.java:1450)
	at java.base/java.util.concurrent.ForkJoinPool.runWorker(ForkJoinPool.java:2019)
	at java.base/java.util.concurrent.ForkJoinWorkerThread.run(ForkJoinWorkerThread.java:187)
13:30:12.822 [NamespaceSystem-blocking-namespace-operation-dispatcher-7] ERROR com.firebase.core.namespace.rules.util.ValidationContext - invalid path (users.manage) found while validating ruleset (thread: NamespaceSystem-blocking-namespace-operation-dispatcher-7)
com.firebase.core.namespace.rules.util.ExpressionValidationException: String can't contain ".", "#", "$", "/", "[", or "]"
	at com.firebase.core.namespace.rules.ast.Helpers$.validationError(Helpers.scala:29)
	at com.firebase.core.namespace.rules.util.ValidationContext.maybeValidateStringLiteralAsPath(ValidationContext.scala:59)
	at com.firebase.core.namespace.rules.ast.StringLiteral.validate(Literals.scala:51)
	at com.firebase.core.namespace.rules.ast.members.data.Child$.validate(Child.scala:15)
	at com.firebase.core.namespace.rules.ast.FunctionCall.validate(FunctionCall.scala:32)
	at com.firebase.core.namespace.rules.ast.PropertyGet.validate(PropertyGet.scala:77)
	at com.firebase.core.namespace.rules.ast.FunctionCall.validate(FunctionCall.scala:23)
	at com.firebase.core.namespace.rules.ast.Equals.validate(EqualityOperators.scala:51)
	at com.firebase.core.namespace.rules.ast.Or.validate(LogicalOperators.scala:54)
	at com.firebase.core.namespace.rules.ast.And.validate(LogicalOperators.scala:25)
	at com.firebase.core.namespace.rules.tree.RuleExpression.validate(RuleExpression.scala:76)
	at com.firebase.core.namespace.rules.tree.RuleNode.$anonfun$validateRule$2(RuleNode.scala:69)
	at com.firebase.core.namespace.rules.tree.RuleNode.$anonfun$validateRule$2$adapted(RuleNode.scala:69)
	at scala.Option.foreach(Option.scala:407)
	at com.firebase.core.namespace.rules.tree.RuleNode.validateRule(RuleNode.scala:69)
	at com.firebase.core.namespace.rules.tree.RuleNode.validateRule(RuleNode.scala:85)
	at com.firebase.core.namespace.rules.tree.RuleNode.$anonfun$validateRule$6(RuleNode.scala:81)
	at com.firebase.core.namespace.rules.tree.RuleNode.$anonfun$validateRule$6$adapted(RuleNode.scala:80)
	at scala.collection.IndexedSeqOptimized.foreach(IndexedSeqOptimized.scala:36)
	at scala.collection.IndexedSeqOptimized.foreach$(IndexedSeqOptimized.scala:33)
	at scala.collection.mutable.ArrayOps$ofRef.foreach(ArrayOps.scala:198)
	at com.firebase.core.namespace.rules.tree.RuleNode.validateRule(RuleNode.scala:80)
	at com.firebase.core.namespace.rules.tree.RuleNodeParser$.$anonfun$parse$1(RuleNodeParser.scala:38)
	at scala.util.DynamicVariable.withValue(DynamicVariable.scala:62)
	at com.firebase.core.namespace.rules.tree.RuleNodeParser$.parse(RuleNodeParser.scala:29)
	at com.firebase.core.namespace.NamespaceManager.parseUntrustedRules(NamespaceManager.scala:266)
	at com.firebase.core.namespace.NamespaceManager.updateRules(NamespaceManager.scala:310)
	at com.firebase.core.namespace.NamespaceActor.$anonfun$new$5(NamespaceActor.scala:1811)
	at com.firebase.core.namespace.NamespaceActor.$anonfun$new$5$adapted(NamespaceActor.scala:1807)
	at com.firebase.util.misc.MutableProvider.$anonfun$set$1(Provider.scala:28)
	at com.firebase.util.misc.MutableProvider.$anonfun$set$1$adapted(Provider.scala:27)
	at scala.collection.immutable.HashSet$HashSet1.foreach(HashSet.scala:330)
	at scala.collection.immutable.HashSet$HashTrieSet.foreach(HashSet.scala:1104)
	at com.firebase.util.misc.MutableProvider.set(Provider.scala:27)
	at com.firebase.core.namespace.NamespaceActor.persistMetadataResult(NamespaceActor.scala:1877)
	at com.firebase.core.namespace.NamespaceActor.$anonfun$handleNewRules$1(NamespaceActor.scala:1802)
	at com.firebase.util.result.package$Result.flatMap(package.scala:59)
	at com.firebase.util.result.package$Result.flatMap$(package.scala:57)
	at com.firebase.util.result.package$Value.flatMap(package.scala:203)
	at com.firebase.core.namespace.NamespaceActor.handleNewRules(NamespaceActor.scala:1801)
	at com.firebase.core.namespace.NamespaceActor.handleAllowedAdminMessage(NamespaceActor.scala:780)
	at com.firebase.core.namespace.NamespaceActor.handleAdminMessage(NamespaceActor.scala:771)
	at com.firebase.core.namespace.NamespaceActor.$anonfun$handleEnvelope$9(NamespaceActor.scala:689)
	at scala.concurrent.Future$.$anonfun$apply$1(Future.scala:659)
	at scala.util.Success.$anonfun$map$1(Try.scala:255)
	at scala.util.Success.map(Try.scala:213)
	at scala.concurrent.Future.$anonfun$map$1(Future.scala:292)
	at scala.concurrent.impl.Promise.liftedTree1$1(Promise.scala:33)
	at scala.concurrent.impl.Promise.$anonfun$transform$1(Promise.scala:33)
	at scala.concurrent.impl.CallbackRunnable.run(Promise.scala:64)
	at com.firebase.core.util.LoggingExecutionContextExecutor.$anonfun$execute$3(LoggingExecutionContextExecutor.scala:23)
	at scala.runtime.java8.JFunction0$mcV$sp.apply(JFunction0$mcV$sp.java:23)
	at com.firebase.core.util.LoggingExecutionContextExecutor.wrapExecution(LoggingExecutionContextExecutor.scala:29)
	at com.firebase.core.util.LoggingExecutionContextExecutor.$anonfun$execute$2(LoggingExecutionContextExecutor.scala:23)
	at akka.dispatch.TaskInvocation.run(AbstractDispatcher.scala:48)
	at akka.dispatch.ForkJoinExecutorConfigurator$AkkaForkJoinTask.exec(ForkJoinExecutorConfigurator.scala:48)
	at java.base/java.util.concurrent.ForkJoinTask.doExec(ForkJoinTask.java:511)
	at java.base/java.util.concurrent.ForkJoinPool$WorkQueue.topLevelExec(ForkJoinPool.java:1450)
	at java.base/java.util.concurrent.ForkJoinPool.runWorker(ForkJoinPool.java:2019)
	at java.base/java.util.concurrent.ForkJoinWorkerThread.run(ForkJoinWorkerThread.java:187)
13:30:12.823 [NamespaceSystem-blocking-namespace-operation-dispatcher-7] ERROR com.firebase.core.namespace.rules.util.ValidationContext - invalid path (audit.read) found while validating ruleset (thread: NamespaceSystem-blocking-namespace-operation-dispatcher-7)
com.firebase.core.namespace.rules.util.ExpressionValidationException: String can't contain ".", "#", "$", "/", "[", or "]"
	at com.firebase.core.namespace.rules.ast.Helpers$.validationError(Helpers.scala:29)
	at com.firebase.core.namespace.rules.util.ValidationContext.maybeValidateStringLiteralAsPath(ValidationContext.scala:59)
	at com.firebase.core.namespace.rules.ast.StringLiteral.validate(Literals.scala:51)
	at com.firebase.core.namespace.rules.ast.members.data.Child$.validate(Child.scala:15)
	at com.firebase.core.namespace.rules.ast.FunctionCall.validate(FunctionCall.scala:32)
	at com.firebase.core.namespace.rules.ast.PropertyGet.validate(PropertyGet.scala:77)
	at com.firebase.core.namespace.rules.ast.FunctionCall.validate(FunctionCall.scala:23)
	at com.firebase.core.namespace.rules.ast.Equals.validate(EqualityOperators.scala:51)
	at com.firebase.core.namespace.rules.ast.Or.validate(LogicalOperators.scala:54)
	at com.firebase.core.namespace.rules.ast.And.validate(LogicalOperators.scala:25)
	at com.firebase.core.namespace.rules.tree.RuleExpression.validate(RuleExpression.scala:76)
	at com.firebase.core.namespace.rules.tree.RuleNode.$anonfun$validateRule$1(RuleNode.scala:68)
	at com.firebase.core.namespace.rules.tree.RuleNode.$anonfun$validateRule$1$adapted(RuleNode.scala:68)
	at scala.Option.foreach(Option.scala:407)
	at com.firebase.core.namespace.rules.tree.RuleNode.validateRule(RuleNode.scala:68)
	at com.firebase.core.namespace.rules.tree.RuleNode.$anonfun$validateRule$6(RuleNode.scala:81)
	at com.firebase.core.namespace.rules.tree.RuleNode.$anonfun$validateRule$6$adapted(RuleNode.scala:80)
	at scala.collection.IndexedSeqOptimized.foreach(IndexedSeqOptimized.scala:36)
	at scala.collection.IndexedSeqOptimized.foreach$(IndexedSeqOptimized.scala:33)
	at scala.collection.mutable.ArrayOps$ofRef.foreach(ArrayOps.scala:198)
	at com.firebase.core.namespace.rules.tree.RuleNode.validateRule(RuleNode.scala:80)
	at com.firebase.core.namespace.rules.tree.RuleNodeParser$.$anonfun$parse$1(RuleNodeParser.scala:38)
	at scala.util.DynamicVariable.withValue(DynamicVariable.scala:62)
	at com.firebase.core.namespace.rules.tree.RuleNodeParser$.parse(RuleNodeParser.scala:29)
	at com.firebase.core.namespace.NamespaceManager.parseUntrustedRules(NamespaceManager.scala:266)
	at com.firebase.core.namespace.NamespaceManager.updateRules(NamespaceManager.scala:310)
	at com.firebase.core.namespace.NamespaceActor.$anonfun$new$5(NamespaceActor.scala:1811)
	at com.firebase.core.namespace.NamespaceActor.$anonfun$new$5$adapted(NamespaceActor.scala:1807)
	at com.firebase.util.misc.MutableProvider.$anonfun$set$1(Provider.scala:28)
	at com.firebase.util.misc.MutableProvider.$anonfun$set$1$adapted(Provider.scala:27)
	at scala.collection.immutable.HashSet$HashSet1.foreach(HashSet.scala:330)
	at scala.collection.immutable.HashSet$HashTrieSet.foreach(HashSet.scala:1104)
	at com.firebase.util.misc.MutableProvider.set(Provider.scala:27)
	at com.firebase.core.namespace.NamespaceActor.persistMetadataResult(NamespaceActor.scala:1877)
	at com.firebase.core.namespace.NamespaceActor.$anonfun$handleNewRules$1(NamespaceActor.scala:1802)
	at com.firebase.util.result.package$Result.flatMap(package.scala:59)
	at com.firebase.util.result.package$Result.flatMap$(package.scala:57)
	at com.firebase.util.result.package$Value.flatMap(package.scala:203)
	at com.firebase.core.namespace.NamespaceActor.handleNewRules(NamespaceActor.scala:1801)
	at com.firebase.core.namespace.NamespaceActor.handleAllowedAdminMessage(NamespaceActor.scala:780)
	at com.firebase.core.namespace.NamespaceActor.handleAdminMessage(NamespaceActor.scala:771)
	at com.firebase.core.namespace.NamespaceActor.$anonfun$handleEnvelope$9(NamespaceActor.scala:689)
	at scala.concurrent.Future$.$anonfun$apply$1(Future.scala:659)
	at scala.util.Success.$anonfun$map$1(Try.scala:255)
	at scala.util.Success.map(Try.scala:213)
	at scala.concurrent.Future.$anonfun$map$1(Future.scala:292)
	at scala.concurrent.impl.Promise.liftedTree1$1(Promise.scala:33)
	at scala.concurrent.impl.Promise.$anonfun$transform$1(Promise.scala:33)
	at scala.concurrent.impl.CallbackRunnable.run(Promise.scala:64)
	at com.firebase.core.util.LoggingExecutionContextExecutor.$anonfun$execute$3(LoggingExecutionContextExecutor.scala:23)
	at scala.runtime.java8.JFunction0$mcV$sp.apply(JFunction0$mcV$sp.java:23)
	at com.firebase.core.util.LoggingExecutionContextExecutor.wrapExecution(LoggingExecutionContextExecutor.scala:29)
	at com.firebase.core.util.LoggingExecutionContextExecutor.$anonfun$execute$2(LoggingExecutionContextExecutor.scala:23)
	at akka.dispatch.TaskInvocation.run(AbstractDispatcher.scala:48)
	at akka.dispatch.ForkJoinExecutorConfigurator$AkkaForkJoinTask.exec(ForkJoinExecutorConfigurator.scala:48)
	at java.base/java.util.concurrent.ForkJoinTask.doExec(ForkJoinTask.java:511)
	at java.base/java.util.concurrent.ForkJoinPool$WorkQueue.topLevelExec(ForkJoinPool.java:1450)
	at java.base/java.util.concurrent.ForkJoinPool.runWorker(ForkJoinPool.java:2019)
	at java.base/java.util.concurrent.ForkJoinWorkerThread.run(ForkJoinWorkerThread.java:187)
13:30:12.825 [NamespaceSystem-blocking-namespace-operation-dispatcher-7] ERROR com.firebase.core.namespace.rules.util.ValidationContext - invalid path (settings.manage) found while validating ruleset (thread: NamespaceSystem-blocking-namespace-operation-dispatcher-7)
com.firebase.core.namespace.rules.util.ExpressionValidationException: String can't contain ".", "#", "$", "/", "[", or "]"
	at com.firebase.core.namespace.rules.ast.Helpers$.validationError(Helpers.scala:29)
	at com.firebase.core.namespace.rules.util.ValidationContext.maybeValidateStringLiteralAsPath(ValidationContext.scala:59)
	at com.firebase.core.namespace.rules.ast.StringLiteral.validate(Literals.scala:51)
	at com.firebase.core.namespace.rules.ast.members.data.Child$.validate(Child.scala:15)
	at com.firebase.core.namespace.rules.ast.FunctionCall.validate(FunctionCall.scala:32)
	at com.firebase.core.namespace.rules.ast.PropertyGet.validate(PropertyGet.scala:77)
	at com.firebase.core.namespace.rules.ast.FunctionCall.validate(FunctionCall.scala:23)
	at com.firebase.core.namespace.rules.ast.Equals.validate(EqualityOperators.scala:51)
	at com.firebase.core.namespace.rules.ast.Or.validate(LogicalOperators.scala:54)
	at com.firebase.core.namespace.rules.ast.And.validate(LogicalOperators.scala:25)
	at com.firebase.core.namespace.rules.tree.RuleExpression.validate(RuleExpression.scala:76)
	at com.firebase.core.namespace.rules.tree.RuleNode.$anonfun$validateRule$2(RuleNode.scala:69)
	at com.firebase.core.namespace.rules.tree.RuleNode.$anonfun$validateRule$2$adapted(RuleNode.scala:69)
	at scala.Option.foreach(Option.scala:407)
	at com.firebase.core.namespace.rules.tree.RuleNode.validateRule(RuleNode.scala:69)
	at com.firebase.core.namespace.rules.tree.RuleNode.$anonfun$validateRule$6(RuleNode.scala:81)
	at com.firebase.core.namespace.rules.tree.RuleNode.$anonfun$validateRule$6$adapted(RuleNode.scala:80)
	at scala.collection.IndexedSeqOptimized.foreach(IndexedSeqOptimized.scala:36)
	at scala.collection.IndexedSeqOptimized.foreach$(IndexedSeqOptimized.scala:33)
	at scala.collection.mutable.ArrayOps$ofRef.foreach(ArrayOps.scala:198)
	at com.firebase.core.namespace.rules.tree.RuleNode.validateRule(RuleNode.scala:80)
	at com.firebase.core.namespace.rules.tree.RuleNodeParser$.$anonfun$parse$1(RuleNodeParser.scala:38)
	at scala.util.DynamicVariable.withValue(DynamicVariable.scala:62)
	at com.firebase.core.namespace.rules.tree.RuleNodeParser$.parse(RuleNodeParser.scala:29)
	at com.firebase.core.namespace.NamespaceManager.parseUntrustedRules(NamespaceManager.scala:266)
	at com.firebase.core.namespace.NamespaceManager.updateRules(NamespaceManager.scala:310)
	at com.firebase.core.namespace.NamespaceActor.$anonfun$new$5(NamespaceActor.scala:1811)
	at com.firebase.core.namespace.NamespaceActor.$anonfun$new$5$adapted(NamespaceActor.scala:1807)
	at com.firebase.util.misc.MutableProvider.$anonfun$set$1(Provider.scala:28)
	at com.firebase.util.misc.MutableProvider.$anonfun$set$1$adapted(Provider.scala:27)
	at scala.collection.immutable.HashSet$HashSet1.foreach(HashSet.scala:330)
	at scala.collection.immutable.HashSet$HashTrieSet.foreach(HashSet.scala:1104)
	at com.firebase.util.misc.MutableProvider.set(Provider.scala:27)
	at com.firebase.core.namespace.NamespaceActor.persistMetadataResult(NamespaceActor.scala:1877)
	at com.firebase.core.namespace.NamespaceActor.$anonfun$handleNewRules$1(NamespaceActor.scala:1802)
	at com.firebase.util.result.package$Result.flatMap(package.scala:59)
	at com.firebase.util.result.package$Result.flatMap$(package.scala:57)
	at com.firebase.util.result.package$Value.flatMap(package.scala:203)
	at com.firebase.core.namespace.NamespaceActor.handleNewRules(NamespaceActor.scala:1801)
	at com.firebase.core.namespace.NamespaceActor.handleAllowedAdminMessage(NamespaceActor.scala:780)
	at com.firebase.core.namespace.NamespaceActor.handleAdminMessage(NamespaceActor.scala:771)
	at com.firebase.core.namespace.NamespaceActor.$anonfun$handleEnvelope$9(NamespaceActor.scala:689)
	at scala.concurrent.Future$.$anonfun$apply$1(Future.scala:659)
	at scala.util.Success.$anonfun$map$1(Try.scala:255)
	at scala.util.Success.map(Try.scala:213)
	at scala.concurrent.Future.$anonfun$map$1(Future.scala:292)
	at scala.concurrent.impl.Promise.liftedTree1$1(Promise.scala:33)
	at scala.concurrent.impl.Promise.$anonfun$transform$1(Promise.scala:33)
	at scala.concurrent.impl.CallbackRunnable.run(Promise.scala:64)
	at com.firebase.core.util.LoggingExecutionContextExecutor.$anonfun$execute$3(LoggingExecutionContextExecutor.scala:23)
	at scala.runtime.java8.JFunction0$mcV$sp.apply(JFunction0$mcV$sp.java:23)
	at com.firebase.core.util.LoggingExecutionContextExecutor.wrapExecution(LoggingExecutionContextExecutor.scala:29)
	at com.firebase.core.util.LoggingExecutionContextExecutor.$anonfun$execute$2(LoggingExecutionContextExecutor.scala:23)
	at akka.dispatch.TaskInvocation.run(AbstractDispatcher.scala:48)
	at akka.dispatch.ForkJoinExecutorConfigurator$AkkaForkJoinTask.exec(ForkJoinExecutorConfigurator.scala:48)
	at java.base/java.util.concurrent.ForkJoinTask.doExec(ForkJoinTask.java:511)
	at java.base/java.util.concurrent.ForkJoinPool$WorkQueue.topLevelExec(ForkJoinPool.java:1450)
	at java.base/java.util.concurrent.ForkJoinPool.runWorker(ForkJoinPool.java:2019)
	at java.base/java.util.concurrent.ForkJoinWorkerThread.run(ForkJoinWorkerThread.java:187)
13:30:12.826 [NamespaceSystem-blocking-namespace-operation-dispatcher-7] ERROR com.firebase.core.namespace.rules.util.ValidationContext - invalid path (settings.manage) found while validating ruleset (thread: NamespaceSystem-blocking-namespace-operation-dispatcher-7)
com.firebase.core.namespace.rules.util.ExpressionValidationException: String can't contain ".", "#", "$", "/", "[", or "]"
	at com.firebase.core.namespace.rules.ast.Helpers$.validationError(Helpers.scala:29)
	at com.firebase.core.namespace.rules.util.ValidationContext.maybeValidateStringLiteralAsPath(ValidationContext.scala:59)
	at com.firebase.core.namespace.rules.ast.StringLiteral.validate(Literals.scala:51)
	at com.firebase.core.namespace.rules.ast.members.data.Child$.validate(Child.scala:15)
	at com.firebase.core.namespace.rules.ast.FunctionCall.validate(FunctionCall.scala:32)
	at com.firebase.core.namespace.rules.ast.PropertyGet.validate(PropertyGet.scala:77)
	at com.firebase.core.namespace.rules.ast.FunctionCall.validate(FunctionCall.scala:23)
	at com.firebase.core.namespace.rules.ast.Equals.validate(EqualityOperators.scala:51)
	at com.firebase.core.namespace.rules.ast.Or.validate(LogicalOperators.scala:54)
	at com.firebase.core.namespace.rules.ast.And.validate(LogicalOperators.scala:25)
	at com.firebase.core.namespace.rules.tree.RuleExpression.validate(RuleExpression.scala:76)
	at com.firebase.core.namespace.rules.tree.RuleNode.$anonfun$validateRule$1(RuleNode.scala:68)
	at com.firebase.core.namespace.rules.tree.RuleNode.$anonfun$validateRule$1$adapted(RuleNode.scala:68)
	at scala.Option.foreach(Option.scala:407)
	at com.firebase.core.namespace.rules.tree.RuleNode.validateRule(RuleNode.scala:68)
	at com.firebase.core.namespace.rules.tree.RuleNode.$anonfun$validateRule$6(RuleNode.scala:81)
	at com.firebase.core.namespace.rules.tree.RuleNode.$anonfun$validateRule$6$adapted(RuleNode.scala:80)
	at scala.collection.IndexedSeqOptimized.foreach(IndexedSeqOptimized.scala:36)
	at scala.collection.IndexedSeqOptimized.foreach$(IndexedSeqOptimized.scala:33)
	at scala.collection.mutable.ArrayOps$ofRef.foreach(ArrayOps.scala:198)
	at com.firebase.core.namespace.rules.tree.RuleNode.validateRule(RuleNode.scala:80)
	at com.firebase.core.namespace.rules.tree.RuleNodeParser$.$anonfun$parse$1(RuleNodeParser.scala:38)
	at scala.util.DynamicVariable.withValue(DynamicVariable.scala:62)
	at com.firebase.core.namespace.rules.tree.RuleNodeParser$.parse(RuleNodeParser.scala:29)
	at com.firebase.core.namespace.NamespaceManager.parseUntrustedRules(NamespaceManager.scala:266)
	at com.firebase.core.namespace.NamespaceManager.updateRules(NamespaceManager.scala:310)
	at com.firebase.core.namespace.NamespaceActor.$anonfun$new$5(NamespaceActor.scala:1811)
	at com.firebase.core.namespace.NamespaceActor.$anonfun$new$5$adapted(NamespaceActor.scala:1807)
	at com.firebase.util.misc.MutableProvider.$anonfun$set$1(Provider.scala:28)
	at com.firebase.util.misc.MutableProvider.$anonfun$set$1$adapted(Provider.scala:27)
	at scala.collection.immutable.HashSet$HashSet1.foreach(HashSet.scala:330)
	at scala.collection.immutable.HashSet$HashTrieSet.foreach(HashSet.scala:1104)
	at com.firebase.util.misc.MutableProvider.set(Provider.scala:27)
	at com.firebase.core.namespace.NamespaceActor.persistMetadataResult(NamespaceActor.scala:1877)
	at com.firebase.core.namespace.NamespaceActor.$anonfun$handleNewRules$1(NamespaceActor.scala:1802)
	at com.firebase.util.result.package$Result.flatMap(package.scala:59)
	at com.firebase.util.result.package$Result.flatMap$(package.scala:57)
	at com.firebase.util.result.package$Value.flatMap(package.scala:203)
	at com.firebase.core.namespace.NamespaceActor.handleNewRules(NamespaceActor.scala:1801)
	at com.firebase.core.namespace.NamespaceActor.handleAllowedAdminMessage(NamespaceActor.scala:780)
	at com.firebase.core.namespace.NamespaceActor.handleAdminMessage(NamespaceActor.scala:771)
	at com.firebase.core.namespace.NamespaceActor.$anonfun$handleEnvelope$9(NamespaceActor.scala:689)
	at scala.concurrent.Future$.$anonfun$apply$1(Future.scala:659)
	at scala.util.Success.$anonfun$map$1(Try.scala:255)
	at scala.util.Success.map(Try.scala:213)
	at scala.concurrent.Future.$anonfun$map$1(Future.scala:292)
	at scala.concurrent.impl.Promise.liftedTree1$1(Promise.scala:33)
	at scala.concurrent.impl.Promise.$anonfun$transform$1(Promise.scala:33)
	at scala.concurrent.impl.CallbackRunnable.run(Promise.scala:64)
	at com.firebase.core.util.LoggingExecutionContextExecutor.$anonfun$execute$3(LoggingExecutionContextExecutor.scala:23)
	at scala.runtime.java8.JFunction0$mcV$sp.apply(JFunction0$mcV$sp.java:23)
	at com.firebase.core.util.LoggingExecutionContextExecutor.wrapExecution(LoggingExecutionContextExecutor.scala:29)
	at com.firebase.core.util.LoggingExecutionContextExecutor.$anonfun$execute$2(LoggingExecutionContextExecutor.scala:23)
	at akka.dispatch.TaskInvocation.run(AbstractDispatcher.scala:48)
	at akka.dispatch.ForkJoinExecutorConfigurator$AkkaForkJoinTask.exec(ForkJoinExecutorConfigurator.scala:48)
	at java.base/java.util.concurrent.ForkJoinTask.doExec(ForkJoinTask.java:511)
	at java.base/java.util.concurrent.ForkJoinPool$WorkQueue.topLevelExec(ForkJoinPool.java:1450)
	at java.base/java.util.concurrent.ForkJoinPool.runWorker(ForkJoinPool.java:2019)
	at java.base/java.util.concurrent.ForkJoinWorkerThread.run(ForkJoinWorkerThread.java:187)
13:30:12.828 [NamespaceSystem-blocking-namespace-operation-dispatcher-7] ERROR com.firebase.core.namespace.rules.util.ValidationContext - invalid path (roles.manage) found while validating ruleset (thread: NamespaceSystem-blocking-namespace-operation-dispatcher-7)
com.firebase.core.namespace.rules.util.ExpressionValidationException: String can't contain ".", "#", "$", "/", "[", or "]"
	at com.firebase.core.namespace.rules.ast.Helpers$.validationError(Helpers.scala:29)
	at com.firebase.core.namespace.rules.util.ValidationContext.maybeValidateStringLiteralAsPath(ValidationContext.scala:59)
	at com.firebase.core.namespace.rules.ast.StringLiteral.validate(Literals.scala:51)
	at com.firebase.core.namespace.rules.ast.members.data.Child$.validate(Child.scala:15)
	at com.firebase.core.namespace.rules.ast.FunctionCall.validate(FunctionCall.scala:32)
	at com.firebase.core.namespace.rules.ast.PropertyGet.validate(PropertyGet.scala:77)
	at com.firebase.core.namespace.rules.ast.FunctionCall.validate(FunctionCall.scala:23)
	at com.firebase.core.namespace.rules.ast.Equals.validate(EqualityOperators.scala:51)
	at com.firebase.core.namespace.rules.ast.Or.validate(LogicalOperators.scala:54)
	at com.firebase.core.namespace.rules.ast.And.validate(LogicalOperators.scala:25)
	at com.firebase.core.namespace.rules.tree.RuleExpression.validate(RuleExpression.scala:76)
	at com.firebase.core.namespace.rules.tree.RuleNode.$anonfun$validateRule$2(RuleNode.scala:69)
	at com.firebase.core.namespace.rules.tree.RuleNode.$anonfun$validateRule$2$adapted(RuleNode.scala:69)
	at scala.Option.foreach(Option.scala:407)
	at com.firebase.core.namespace.rules.tree.RuleNode.validateRule(RuleNode.scala:69)
	at com.firebase.core.namespace.rules.tree.RuleNode.$anonfun$validateRule$6(RuleNode.scala:81)
	at com.firebase.core.namespace.rules.tree.RuleNode.$anonfun$validateRule$6$adapted(RuleNode.scala:80)
	at scala.collection.IndexedSeqOptimized.foreach(IndexedSeqOptimized.scala:36)
	at scala.collection.IndexedSeqOptimized.foreach$(IndexedSeqOptimized.scala:33)
	at scala.collection.mutable.ArrayOps$ofRef.foreach(ArrayOps.scala:198)
	at com.firebase.core.namespace.rules.tree.RuleNode.validateRule(RuleNode.scala:80)
	at com.firebase.core.namespace.rules.tree.RuleNodeParser$.$anonfun$parse$1(RuleNodeParser.scala:38)
	at scala.util.DynamicVariable.withValue(DynamicVariable.scala:62)
	at com.firebase.core.namespace.rules.tree.RuleNodeParser$.parse(RuleNodeParser.scala:29)
	at com.firebase.core.namespace.NamespaceManager.parseUntrustedRules(NamespaceManager.scala:266)
	at com.firebase.core.namespace.NamespaceManager.updateRules(NamespaceManager.scala:310)
	at com.firebase.core.namespace.NamespaceActor.$anonfun$new$5(NamespaceActor.scala:1811)
	at com.firebase.core.namespace.NamespaceActor.$anonfun$new$5$adapted(NamespaceActor.scala:1807)
	at com.firebase.util.misc.MutableProvider.$anonfun$set$1(Provider.scala:28)
	at com.firebase.util.misc.MutableProvider.$anonfun$set$1$adapted(Provider.scala:27)
	at scala.collection.immutable.HashSet$HashSet1.foreach(HashSet.scala:330)
	at scala.collection.immutable.HashSet$HashTrieSet.foreach(HashSet.scala:1104)
	at com.firebase.util.misc.MutableProvider.set(Provider.scala:27)
	at com.firebase.core.namespace.NamespaceActor.persistMetadataResult(NamespaceActor.scala:1877)
	at com.firebase.core.namespace.NamespaceActor.$anonfun$handleNewRules$1(NamespaceActor.scala:1802)
	at com.firebase.util.result.package$Result.flatMap(package.scala:59)
	at com.firebase.util.result.package$Result.flatMap$(package.scala:57)
	at com.firebase.util.result.package$Value.flatMap(package.scala:203)
	at com.firebase.core.namespace.NamespaceActor.handleNewRules(NamespaceActor.scala:1801)
	at com.firebase.core.namespace.NamespaceActor.handleAllowedAdminMessage(NamespaceActor.scala:780)
	at com.firebase.core.namespace.NamespaceActor.handleAdminMessage(NamespaceActor.scala:771)
	at com.firebase.core.namespace.NamespaceActor.$anonfun$handleEnvelope$9(NamespaceActor.scala:689)
	at scala.concurrent.Future$.$anonfun$apply$1(Future.scala:659)
	at scala.util.Success.$anonfun$map$1(Try.scala:255)
	at scala.util.Success.map(Try.scala:213)
	at scala.concurrent.Future.$anonfun$map$1(Future.scala:292)
	at scala.concurrent.impl.Promise.liftedTree1$1(Promise.scala:33)
	at scala.concurrent.impl.Promise.$anonfun$transform$1(Promise.scala:33)
	at scala.concurrent.impl.CallbackRunnable.run(Promise.scala:64)
	at com.firebase.core.util.LoggingExecutionContextExecutor.$anonfun$execute$3(LoggingExecutionContextExecutor.scala:23)
	at scala.runtime.java8.JFunction0$mcV$sp.apply(JFunction0$mcV$sp.java:23)
	at com.firebase.core.util.LoggingExecutionContextExecutor.wrapExecution(LoggingExecutionContextExecutor.scala:29)
	at com.firebase.core.util.LoggingExecutionContextExecutor.$anonfun$execute$2(LoggingExecutionContextExecutor.scala:23)
	at akka.dispatch.TaskInvocation.run(AbstractDispatcher.scala:48)
	at akka.dispatch.ForkJoinExecutorConfigurator$AkkaForkJoinTask.exec(ForkJoinExecutorConfigurator.scala:48)
	at java.base/java.util.concurrent.ForkJoinTask.doExec(ForkJoinTask.java:511)
	at java.base/java.util.concurrent.ForkJoinPool$WorkQueue.topLevelExec(ForkJoinPool.java:1450)
	at java.base/java.util.concurrent.ForkJoinPool.runWorker(ForkJoinPool.java:2019)
	at java.base/java.util.concurrent.ForkJoinWorkerThread.run(ForkJoinWorkerThread.java:187)
13:30:12.829 [NamespaceSystem-blocking-namespace-operation-dispatcher-7] ERROR com.firebase.core.namespace.rules.util.ValidationContext - invalid path (roles.manage) found while validating ruleset (thread: NamespaceSystem-blocking-namespace-operation-dispatcher-7)
com.firebase.core.namespace.rules.util.ExpressionValidationException: String can't contain ".", "#", "$", "/", "[", or "]"
	at com.firebase.core.namespace.rules.ast.Helpers$.validationError(Helpers.scala:29)
	at com.firebase.core.namespace.rules.util.ValidationContext.maybeValidateStringLiteralAsPath(ValidationContext.scala:59)
	at com.firebase.core.namespace.rules.ast.StringLiteral.validate(Literals.scala:51)
	at com.firebase.core.namespace.rules.ast.members.data.Child$.validate(Child.scala:15)
	at com.firebase.core.namespace.rules.ast.FunctionCall.validate(FunctionCall.scala:32)
	at com.firebase.core.namespace.rules.ast.PropertyGet.validate(PropertyGet.scala:77)
	at com.firebase.core.namespace.rules.ast.FunctionCall.validate(FunctionCall.scala:23)
	at com.firebase.core.namespace.rules.ast.Equals.validate(EqualityOperators.scala:51)
	at com.firebase.core.namespace.rules.ast.Or.validate(LogicalOperators.scala:54)
	at com.firebase.core.namespace.rules.ast.And.validate(LogicalOperators.scala:25)
	at com.firebase.core.namespace.rules.tree.RuleExpression.validate(RuleExpression.scala:76)
	at com.firebase.core.namespace.rules.tree.RuleNode.$anonfun$validateRule$2(RuleNode.scala:69)
	at com.firebase.core.namespace.rules.tree.RuleNode.$anonfun$validateRule$2$adapted(RuleNode.scala:69)
	at scala.Option.foreach(Option.scala:407)
	at com.firebase.core.namespace.rules.tree.RuleNode.validateRule(RuleNode.scala:69)
	at com.firebase.core.namespace.rules.tree.RuleNode.$anonfun$validateRule$6(RuleNode.scala:81)
	at com.firebase.core.namespace.rules.tree.RuleNode.$anonfun$validateRule$6$adapted(RuleNode.scala:80)
	at scala.collection.IndexedSeqOptimized.foreach(IndexedSeqOptimized.scala:36)
	at scala.collection.IndexedSeqOptimized.foreach$(IndexedSeqOptimized.scala:33)
	at scala.collection.mutable.ArrayOps$ofRef.foreach(ArrayOps.scala:198)
	at com.firebase.core.namespace.rules.tree.RuleNode.validateRule(RuleNode.scala:80)
	at com.firebase.core.namespace.rules.tree.RuleNodeParser$.$anonfun$parse$1(RuleNodeParser.scala:38)
	at scala.util.DynamicVariable.withValue(DynamicVariable.scala:62)
	at com.firebase.core.namespace.rules.tree.RuleNodeParser$.parse(RuleNodeParser.scala:29)
	at com.firebase.core.namespace.NamespaceManager.parseUntrustedRules(NamespaceManager.scala:266)
	at com.firebase.core.namespace.NamespaceManager.updateRules(NamespaceManager.scala:310)
	at com.firebase.core.namespace.NamespaceActor.$anonfun$new$5(NamespaceActor.scala:1811)
	at com.firebase.core.namespace.NamespaceActor.$anonfun$new$5$adapted(NamespaceActor.scala:1807)
	at com.firebase.util.misc.MutableProvider.$anonfun$set$1(Provider.scala:28)
	at com.firebase.util.misc.MutableProvider.$anonfun$set$1$adapted(Provider.scala:27)
	at scala.collection.immutable.HashSet$HashSet1.foreach(HashSet.scala:330)
	at scala.collection.immutable.HashSet$HashTrieSet.foreach(HashSet.scala:1104)
	at com.firebase.util.misc.MutableProvider.set(Provider.scala:27)
	at com.firebase.core.namespace.NamespaceActor.persistMetadataResult(NamespaceActor.scala:1877)
	at com.firebase.core.namespace.NamespaceActor.$anonfun$handleNewRules$1(NamespaceActor.scala:1802)
	at com.firebase.util.result.package$Result.flatMap(package.scala:59)
	at com.firebase.util.result.package$Result.flatMap$(package.scala:57)
	at com.firebase.util.result.package$Value.flatMap(package.scala:203)
	at com.firebase.core.namespace.NamespaceActor.handleNewRules(NamespaceActor.scala:1801)
	at com.firebase.core.namespace.NamespaceActor.handleAllowedAdminMessage(NamespaceActor.scala:780)
	at com.firebase.core.namespace.NamespaceActor.handleAdminMessage(NamespaceActor.scala:771)
	at com.firebase.core.namespace.NamespaceActor.$anonfun$handleEnvelope$9(NamespaceActor.scala:689)
	at scala.concurrent.Future$.$anonfun$apply$1(Future.scala:659)
	at scala.util.Success.$anonfun$map$1(Try.scala:255)
	at scala.util.Success.map(Try.scala:213)
	at scala.concurrent.Future.$anonfun$map$1(Future.scala:292)
	at scala.concurrent.impl.Promise.liftedTree1$1(Promise.scala:33)
	at scala.concurrent.impl.Promise.$anonfun$transform$1(Promise.scala:33)
	at scala.concurrent.impl.CallbackRunnable.run(Promise.scala:64)
	at com.firebase.core.util.LoggingExecutionContextExecutor.$anonfun$execute$3(LoggingExecutionContextExecutor.scala:23)
	at scala.runtime.java8.JFunction0$mcV$sp.apply(JFunction0$mcV$sp.java:23)
	at com.firebase.core.util.LoggingExecutionContextExecutor.wrapExecution(LoggingExecutionContextExecutor.scala:29)
	at com.firebase.core.util.LoggingExecutionContextExecutor.$anonfun$execute$2(LoggingExecutionContextExecutor.scala:23)
	at akka.dispatch.TaskInvocation.run(AbstractDispatcher.scala:48)
	at akka.dispatch.ForkJoinExecutorConfigurator$AkkaForkJoinTask.exec(ForkJoinExecutorConfigurator.scala:48)
	at java.base/java.util.concurrent.ForkJoinTask.doExec(ForkJoinTask.java:511)
	at java.base/java.util.concurrent.ForkJoinPool$WorkQueue.topLevelExec(ForkJoinPool.java:1450)
	at java.base/java.util.concurrent.ForkJoinPool.runWorker(ForkJoinPool.java:2019)
	at java.base/java.util.concurrent.ForkJoinWorkerThread.run(ForkJoinWorkerThread.java:187)
13:30:12.829 [NamespaceSystem-blocking-namespace-operation-dispatcher-7] ERROR com.firebase.core.namespace.rules.util.ValidationContext - invalid path (roles.manage) found while validating ruleset (thread: NamespaceSystem-blocking-namespace-operation-dispatcher-7)
com.firebase.core.namespace.rules.util.ExpressionValidationException: String can't contain ".", "#", "$", "/", "[", or "]"
	at com.firebase.core.namespace.rules.ast.Helpers$.validationError(Helpers.scala:29)
	at com.firebase.core.namespace.rules.util.ValidationContext.maybeValidateStringLiteralAsPath(ValidationContext.scala:59)
	at com.firebase.core.namespace.rules.ast.StringLiteral.validate(Literals.scala:51)
	at com.firebase.core.namespace.rules.ast.members.data.Child$.validate(Child.scala:15)
	at com.firebase.core.namespace.rules.ast.FunctionCall.validate(FunctionCall.scala:32)
	at com.firebase.core.namespace.rules.ast.PropertyGet.validate(PropertyGet.scala:77)
	at com.firebase.core.namespace.rules.ast.FunctionCall.validate(FunctionCall.scala:23)
	at com.firebase.core.namespace.rules.ast.Equals.validate(EqualityOperators.scala:51)
	at com.firebase.core.namespace.rules.ast.Or.validate(LogicalOperators.scala:54)
	at com.firebase.core.namespace.rules.ast.And.validate(LogicalOperators.scala:25)
	at com.firebase.core.namespace.rules.tree.RuleExpression.validate(RuleExpression.scala:76)
	at com.firebase.core.namespace.rules.tree.RuleNode.$anonfun$validateRule$2(RuleNode.scala:69)
	at com.firebase.core.namespace.rules.tree.RuleNode.$anonfun$validateRule$2$adapted(RuleNode.scala:69)
	at scala.Option.foreach(Option.scala:407)
	at com.firebase.core.namespace.rules.tree.RuleNode.validateRule(RuleNode.scala:69)
	at com.firebase.core.namespace.rules.tree.RuleNode.$anonfun$validateRule$6(RuleNode.scala:81)
	at com.firebase.core.namespace.rules.tree.RuleNode.$anonfun$validateRule$6$adapted(RuleNode.scala:80)
	at scala.collection.IndexedSeqOptimized.foreach(IndexedSeqOptimized.scala:36)
	at scala.collection.IndexedSeqOptimized.foreach$(IndexedSeqOptimized.scala:33)
	at scala.collection.mutable.ArrayOps$ofRef.foreach(ArrayOps.scala:198)
	at com.firebase.core.namespace.rules.tree.RuleNode.validateRule(RuleNode.scala:80)
	at com.firebase.core.namespace.rules.tree.RuleNodeParser$.$anonfun$parse$1(RuleNodeParser.scala:38)
	at scala.util.DynamicVariable.withValue(DynamicVariable.scala:62)
	at com.firebase.core.namespace.rules.tree.RuleNodeParser$.parse(RuleNodeParser.scala:29)
	at com.firebase.core.namespace.NamespaceManager.parseUntrustedRules(NamespaceManager.scala:266)
	at com.firebase.core.namespace.NamespaceManager.updateRules(NamespaceManager.scala:310)
	at com.firebase.core.namespace.NamespaceActor.$anonfun$new$5(NamespaceActor.scala:1811)
	at com.firebase.core.namespace.NamespaceActor.$anonfun$new$5$adapted(NamespaceActor.scala:1807)
	at com.firebase.util.misc.MutableProvider.$anonfun$set$1(Provider.scala:28)
	at com.firebase.util.misc.MutableProvider.$anonfun$set$1$adapted(Provider.scala:27)
	at scala.collection.immutable.HashSet$HashSet1.foreach(HashSet.scala:330)
	at scala.collection.immutable.HashSet$HashTrieSet.foreach(HashSet.scala:1104)
	at com.firebase.util.misc.MutableProvider.set(Provider.scala:27)
	at com.firebase.core.namespace.NamespaceActor.persistMetadataResult(NamespaceActor.scala:1877)
	at com.firebase.core.namespace.NamespaceActor.$anonfun$handleNewRules$1(NamespaceActor.scala:1802)
	at com.firebase.util.result.package$Result.flatMap(package.scala:59)
	at com.firebase.util.result.package$Result.flatMap$(package.scala:57)
	at com.firebase.util.result.package$Value.flatMap(package.scala:203)
	at com.firebase.core.namespace.NamespaceActor.handleNewRules(NamespaceActor.scala:1801)
	at com.firebase.core.namespace.NamespaceActor.handleAllowedAdminMessage(NamespaceActor.scala:780)
	at com.firebase.core.namespace.NamespaceActor.handleAdminMessage(NamespaceActor.scala:771)
	at com.firebase.core.namespace.NamespaceActor.$anonfun$handleEnvelope$9(NamespaceActor.scala:689)
	at scala.concurrent.Future$.$anonfun$apply$1(Future.scala:659)
	at scala.util.Success.$anonfun$map$1(Try.scala:255)
	at scala.util.Success.map(Try.scala:213)
	at scala.concurrent.Future.$anonfun$map$1(Future.scala:292)
	at scala.concurrent.impl.Promise.liftedTree1$1(Promise.scala:33)
	at scala.concurrent.impl.Promise.$anonfun$transform$1(Promise.scala:33)
	at scala.concurrent.impl.CallbackRunnable.run(Promise.scala:64)
	at com.firebase.core.util.LoggingExecutionContextExecutor.$anonfun$execute$3(LoggingExecutionContextExecutor.scala:23)
	at scala.runtime.java8.JFunction0$mcV$sp.apply(JFunction0$mcV$sp.java:23)
	at com.firebase.core.util.LoggingExecutionContextExecutor.wrapExecution(LoggingExecutionContextExecutor.scala:29)
	at com.firebase.core.util.LoggingExecutionContextExecutor.$anonfun$execute$2(LoggingExecutionContextExecutor.scala:23)
	at akka.dispatch.TaskInvocation.run(AbstractDispatcher.scala:48)
	at akka.dispatch.ForkJoinExecutorConfigurator$AkkaForkJoinTask.exec(ForkJoinExecutorConfigurator.scala:48)
	at java.base/java.util.concurrent.ForkJoinTask.doExec(ForkJoinTask.java:511)
	at java.base/java.util.concurrent.ForkJoinPool$WorkQueue.topLevelExec(ForkJoinPool.java:1450)
	at java.base/java.util.concurrent.ForkJoinPool.runWorker(ForkJoinPool.java:2019)
	at java.base/java.util.concurrent.ForkJoinWorkerThread.run(ForkJoinWorkerThread.java:187)
13:30:12.830 [NamespaceSystem-blocking-namespace-operation-dispatcher-7] ERROR com.firebase.core.namespace.rules.util.ValidationContext - invalid path (rh.read) found while validating ruleset (thread: NamespaceSystem-blocking-namespace-operation-dispatcher-7)
com.firebase.core.namespace.rules.util.ExpressionValidationException: String can't contain ".", "#", "$", "/", "[", or "]"
	at com.firebase.core.namespace.rules.ast.Helpers$.validationError(Helpers.scala:29)
	at com.firebase.core.namespace.rules.util.ValidationContext.maybeValidateStringLiteralAsPath(ValidationContext.scala:59)
	at com.firebase.core.namespace.rules.ast.StringLiteral.validate(Literals.scala:51)
	at com.firebase.core.namespace.rules.ast.members.data.Child$.validate(Child.scala:15)
	at com.firebase.core.namespace.rules.ast.FunctionCall.validate(FunctionCall.scala:32)
	at com.firebase.core.namespace.rules.ast.PropertyGet.validate(PropertyGet.scala:77)
	at com.firebase.core.namespace.rules.ast.FunctionCall.validate(FunctionCall.scala:23)
	at com.firebase.core.namespace.rules.ast.Equals.validate(EqualityOperators.scala:51)
	at com.firebase.core.namespace.rules.ast.Or.validate(LogicalOperators.scala:53)
	at com.firebase.core.namespace.rules.ast.And.validate(LogicalOperators.scala:25)
	at com.firebase.core.namespace.rules.tree.RuleExpression.validate(RuleExpression.scala:76)
	at com.firebase.core.namespace.rules.tree.RuleNode.$anonfun$validateRule$1(RuleNode.scala:68)
	at com.firebase.core.namespace.rules.tree.RuleNode.$anonfun$validateRule$1$adapted(RuleNode.scala:68)
	at scala.Option.foreach(Option.scala:407)
	at com.firebase.core.namespace.rules.tree.RuleNode.validateRule(RuleNode.scala:68)
	at com.firebase.core.namespace.rules.tree.RuleNode.validateRule(RuleNode.scala:85)
	at com.firebase.core.namespace.rules.tree.RuleNode.$anonfun$validateRule$6(RuleNode.scala:81)
	at com.firebase.core.namespace.rules.tree.RuleNode.$anonfun$validateRule$6$adapted(RuleNode.scala:80)
	at scala.collection.IndexedSeqOptimized.foreach(IndexedSeqOptimized.scala:36)
	at scala.collection.IndexedSeqOptimized.foreach$(IndexedSeqOptimized.scala:33)
	at scala.collection.mutable.ArrayOps$ofRef.foreach(ArrayOps.scala:198)
	at com.firebase.core.namespace.rules.tree.RuleNode.validateRule(RuleNode.scala:80)
	at com.firebase.core.namespace.rules.tree.RuleNodeParser$.$anonfun$parse$1(RuleNodeParser.scala:38)
	at scala.util.DynamicVariable.withValue(DynamicVariable.scala:62)
	at com.firebase.core.namespace.rules.tree.RuleNodeParser$.parse(RuleNodeParser.scala:29)
	at com.firebase.core.namespace.NamespaceManager.parseUntrustedRules(NamespaceManager.scala:266)
	at com.firebase.core.namespace.NamespaceManager.updateRules(NamespaceManager.scala:310)
	at com.firebase.core.namespace.NamespaceActor.$anonfun$new$5(NamespaceActor.scala:1811)
	at com.firebase.core.namespace.NamespaceActor.$anonfun$new$5$adapted(NamespaceActor.scala:1807)
	at com.firebase.util.misc.MutableProvider.$anonfun$set$1(Provider.scala:28)
	at com.firebase.util.misc.MutableProvider.$anonfun$set$1$adapted(Provider.scala:27)
	at scala.collection.immutable.HashSet$HashSet1.foreach(HashSet.scala:330)
	at scala.collection.immutable.HashSet$HashTrieSet.foreach(HashSet.scala:1104)
	at com.firebase.util.misc.MutableProvider.set(Provider.scala:27)
	at com.firebase.core.namespace.NamespaceActor.persistMetadataResult(NamespaceActor.scala:1877)
	at com.firebase.core.namespace.NamespaceActor.$anonfun$handleNewRules$1(NamespaceActor.scala:1802)
	at com.firebase.util.result.package$Result.flatMap(package.scala:59)
	at com.firebase.util.result.package$Result.flatMap$(package.scala:57)
	at com.firebase.util.result.package$Value.flatMap(package.scala:203)
	at com.firebase.core.namespace.NamespaceActor.handleNewRules(NamespaceActor.scala:1801)
	at com.firebase.core.namespace.NamespaceActor.handleAllowedAdminMessage(NamespaceActor.scala:780)
	at com.firebase.core.namespace.NamespaceActor.handleAdminMessage(NamespaceActor.scala:771)
	at com.firebase.core.namespace.NamespaceActor.$anonfun$handleEnvelope$9(NamespaceActor.scala:689)
	at scala.concurrent.Future$.$anonfun$apply$1(Future.scala:659)
	at scala.util.Success.$anonfun$map$1(Try.scala:255)
	at scala.util.Success.map(Try.scala:213)
	at scala.concurrent.Future.$anonfun$map$1(Future.scala:292)
	at scala.concurrent.impl.Promise.liftedTree1$1(Promise.scala:33)
	at scala.concurrent.impl.Promise.$anonfun$transform$1(Promise.scala:33)
	at scala.concurrent.impl.CallbackRunnable.run(Promise.scala:64)
	at com.firebase.core.util.LoggingExecutionContextExecutor.$anonfun$execute$3(LoggingExecutionContextExecutor.scala:23)
	at scala.runtime.java8.JFunction0$mcV$sp.apply(JFunction0$mcV$sp.java:23)
	at com.firebase.core.util.LoggingExecutionContextExecutor.wrapExecution(LoggingExecutionContextExecutor.scala:29)
	at com.firebase.core.util.LoggingExecutionContextExecutor.$anonfun$execute$2(LoggingExecutionContextExecutor.scala:23)
	at akka.dispatch.TaskInvocation.run(AbstractDispatcher.scala:48)
	at akka.dispatch.ForkJoinExecutorConfigurator$AkkaForkJoinTask.exec(ForkJoinExecutorConfigurator.scala:48)
	at java.base/java.util.concurrent.ForkJoinTask.doExec(ForkJoinTask.java:511)
	at java.base/java.util.concurrent.ForkJoinPool$WorkQueue.topLevelExec(ForkJoinPool.java:1450)
	at java.base/java.util.concurrent.ForkJoinPool.runWorker(ForkJoinPool.java:2019)
	at java.base/java.util.concurrent.ForkJoinWorkerThread.run(ForkJoinWorkerThread.java:187)
13:30:12.831 [NamespaceSystem-blocking-namespace-operation-dispatcher-7] ERROR com.firebase.core.namespace.rules.util.ValidationContext - invalid path (rh.update) found while validating ruleset (thread: NamespaceSystem-blocking-namespace-operation-dispatcher-7)
com.firebase.core.namespace.rules.util.ExpressionValidationException: String can't contain ".", "#", "$", "/", "[", or "]"
	at com.firebase.core.namespace.rules.ast.Helpers$.validationError(Helpers.scala:29)
	at com.firebase.core.namespace.rules.util.ValidationContext.maybeValidateStringLiteralAsPath(ValidationContext.scala:59)
	at com.firebase.core.namespace.rules.ast.StringLiteral.validate(Literals.scala:51)
	at com.firebase.core.namespace.rules.ast.members.data.Child$.validate(Child.scala:15)
	at com.firebase.core.namespace.rules.ast.FunctionCall.validate(FunctionCall.scala:32)
	at com.firebase.core.namespace.rules.ast.PropertyGet.validate(PropertyGet.scala:77)
	at com.firebase.core.namespace.rules.ast.FunctionCall.validate(FunctionCall.scala:23)
	at com.firebase.core.namespace.rules.ast.Equals.validate(EqualityOperators.scala:51)
	at com.firebase.core.namespace.rules.ast.Or.validate(LogicalOperators.scala:53)
	at com.firebase.core.namespace.rules.ast.And.validate(LogicalOperators.scala:25)
	at com.firebase.core.namespace.rules.tree.RuleExpression.validate(RuleExpression.scala:76)
	at com.firebase.core.namespace.rules.tree.RuleNode.$anonfun$validateRule$2(RuleNode.scala:69)
	at com.firebase.core.namespace.rules.tree.RuleNode.$anonfun$validateRule$2$adapted(RuleNode.scala:69)
	at scala.Option.foreach(Option.scala:407)
	at com.firebase.core.namespace.rules.tree.RuleNode.validateRule(RuleNode.scala:69)
	at com.firebase.core.namespace.rules.tree.RuleNode.validateRule(RuleNode.scala:85)
	at com.firebase.core.namespace.rules.tree.RuleNode.$anonfun$validateRule$6(RuleNode.scala:81)
	at com.firebase.core.namespace.rules.tree.RuleNode.$anonfun$validateRule$6$adapted(RuleNode.scala:80)
	at scala.collection.IndexedSeqOptimized.foreach(IndexedSeqOptimized.scala:36)
	at scala.collection.IndexedSeqOptimized.foreach$(IndexedSeqOptimized.scala:33)
	at scala.collection.mutable.ArrayOps$ofRef.foreach(ArrayOps.scala:198)
	at com.firebase.core.namespace.rules.tree.RuleNode.validateRule(RuleNode.scala:80)
	at com.firebase.core.namespace.rules.tree.RuleNodeParser$.$anonfun$parse$1(RuleNodeParser.scala:38)
	at scala.util.DynamicVariable.withValue(DynamicVariable.scala:62)
	at com.firebase.core.namespace.rules.tree.RuleNodeParser$.parse(RuleNodeParser.scala:29)
	at com.firebase.core.namespace.NamespaceManager.parseUntrustedRules(NamespaceManager.scala:266)
	at com.firebase.core.namespace.NamespaceManager.updateRules(NamespaceManager.scala:310)
	at com.firebase.core.namespace.NamespaceActor.$anonfun$new$5(NamespaceActor.scala:1811)
	at com.firebase.core.namespace.NamespaceActor.$anonfun$new$5$adapted(NamespaceActor.scala:1807)
	at com.firebase.util.misc.MutableProvider.$anonfun$set$1(Provider.scala:28)
	at com.firebase.util.misc.MutableProvider.$anonfun$set$1$adapted(Provider.scala:27)
	at scala.collection.immutable.HashSet$HashSet1.foreach(HashSet.scala:330)
	at scala.collection.immutable.HashSet$HashTrieSet.foreach(HashSet.scala:1104)
	at com.firebase.util.misc.MutableProvider.set(Provider.scala:27)
	at com.firebase.core.namespace.NamespaceActor.persistMetadataResult(NamespaceActor.scala:1877)
	at com.firebase.core.namespace.NamespaceActor.$anonfun$handleNewRules$1(NamespaceActor.scala:1802)
	at com.firebase.util.result.package$Result.flatMap(package.scala:59)
	at com.firebase.util.result.package$Result.flatMap$(package.scala:57)
	at com.firebase.util.result.package$Value.flatMap(package.scala:203)
	at com.firebase.core.namespace.NamespaceActor.handleNewRules(NamespaceActor.scala:1801)
	at com.firebase.core.namespace.NamespaceActor.handleAllowedAdminMessage(NamespaceActor.scala:780)
	at com.firebase.core.namespace.NamespaceActor.handleAdminMessage(NamespaceActor.scala:771)
	at com.firebase.core.namespace.NamespaceActor.$anonfun$handleEnvelope$9(NamespaceActor.scala:689)
	at scala.concurrent.Future$.$anonfun$apply$1(Future.scala:659)
	at scala.util.Success.$anonfun$map$1(Try.scala:255)
	at scala.util.Success.map(Try.scala:213)
	at scala.concurrent.Future.$anonfun$map$1(Future.scala:292)
	at scala.concurrent.impl.Promise.liftedTree1$1(Promise.scala:33)
	at scala.concurrent.impl.Promise.$anonfun$transform$1(Promise.scala:33)
	at scala.concurrent.impl.CallbackRunnable.run(Promise.scala:64)
	at com.firebase.core.util.LoggingExecutionContextExecutor.$anonfun$execute$3(LoggingExecutionContextExecutor.scala:23)
	at scala.runtime.java8.JFunction0$mcV$sp.apply(JFunction0$mcV$sp.java:23)
	at com.firebase.core.util.LoggingExecutionContextExecutor.wrapExecution(LoggingExecutionContextExecutor.scala:29)
	at com.firebase.core.util.LoggingExecutionContextExecutor.$anonfun$execute$2(LoggingExecutionContextExecutor.scala:23)
	at akka.dispatch.TaskInvocation.run(AbstractDispatcher.scala:48)
	at akka.dispatch.ForkJoinExecutorConfigurator$AkkaForkJoinTask.exec(ForkJoinExecutorConfigurator.scala:48)
	at java.base/java.util.concurrent.ForkJoinTask.doExec(ForkJoinTask.java:511)
	at java.base/java.util.concurrent.ForkJoinPool$WorkQueue.topLevelExec(ForkJoinPool.java:1450)
	at java.base/java.util.concurrent.ForkJoinPool.runWorker(ForkJoinPool.java:2019)
	at java.base/java.util.concurrent.ForkJoinWorkerThread.run(ForkJoinWorkerThread.java:187)
13:30:12.832 [NamespaceSystem-blocking-namespace-operation-dispatcher-7] ERROR com.firebase.core.namespace.rules.util.ValidationContext - invalid path (rh.read) found while validating ruleset (thread: NamespaceSystem-blocking-namespace-operation-dispatcher-7)
com.firebase.core.namespace.rules.util.ExpressionValidationException: String can't contain ".", "#", "$", "/", "[", or "]"
	at com.firebase.core.namespace.rules.ast.Helpers$.validationError(Helpers.scala:29)
	at com.firebase.core.namespace.rules.util.ValidationContext.maybeValidateStringLiteralAsPath(ValidationContext.scala:59)
	at com.firebase.core.namespace.rules.ast.StringLiteral.validate(Literals.scala:51)
	at com.firebase.core.namespace.rules.ast.members.data.Child$.validate(Child.scala:15)
	at com.firebase.core.namespace.rules.ast.FunctionCall.validate(FunctionCall.scala:32)
	at com.firebase.core.namespace.rules.ast.PropertyGet.validate(PropertyGet.scala:77)
	at com.firebase.core.namespace.rules.ast.FunctionCall.validate(FunctionCall.scala:23)
	at com.firebase.core.namespace.rules.ast.Equals.validate(EqualityOperators.scala:51)
	at com.firebase.core.namespace.rules.ast.Or.validate(LogicalOperators.scala:53)
	at com.firebase.core.namespace.rules.ast.And.validate(LogicalOperators.scala:25)
	at com.firebase.core.namespace.rules.tree.RuleExpression.validate(RuleExpression.scala:76)
	at com.firebase.core.namespace.rules.tree.RuleNode.$anonfun$validateRule$1(RuleNode.scala:68)
	at com.firebase.core.namespace.rules.tree.RuleNode.$anonfun$validateRule$1$adapted(RuleNode.scala:68)
	at scala.Option.foreach(Option.scala:407)
	at com.firebase.core.namespace.rules.tree.RuleNode.validateRule(RuleNode.scala:68)
	at com.firebase.core.namespace.rules.tree.RuleNode.$anonfun$validateRule$6(RuleNode.scala:81)
	at com.firebase.core.namespace.rules.tree.RuleNode.$anonfun$validateRule$6$adapted(RuleNode.scala:80)
	at scala.collection.IndexedSeqOptimized.foreach(IndexedSeqOptimized.scala:36)
	at scala.collection.IndexedSeqOptimized.foreach$(IndexedSeqOptimized.scala:33)
	at scala.collection.mutable.ArrayOps$ofRef.foreach(ArrayOps.scala:198)
	at com.firebase.core.namespace.rules.tree.RuleNode.validateRule(RuleNode.scala:80)
	at com.firebase.core.namespace.rules.tree.RuleNode.validateRule(RuleNode.scala:85)
	at com.firebase.core.namespace.rules.tree.RuleNode.$anonfun$validateRule$6(RuleNode.scala:81)
	at com.firebase.core.namespace.rules.tree.RuleNode.$anonfun$validateRule$6$adapted(RuleNode.scala:80)
	at scala.collection.IndexedSeqOptimized.foreach(IndexedSeqOptimized.scala:36)
	at scala.collection.IndexedSeqOptimized.foreach$(IndexedSeqOptimized.scala:33)
	at scala.collection.mutable.ArrayOps$ofRef.foreach(ArrayOps.scala:198)
	at com.firebase.core.namespace.rules.tree.RuleNode.validateRule(RuleNode.scala:80)
	at com.firebase.core.namespace.rules.tree.RuleNodeParser$.$anonfun$parse$1(RuleNodeParser.scala:38)
	at scala.util.DynamicVariable.withValue(DynamicVariable.scala:62)
	at com.firebase.core.namespace.rules.tree.RuleNodeParser$.parse(RuleNodeParser.scala:29)
	at com.firebase.core.namespace.NamespaceManager.parseUntrustedRules(NamespaceManager.scala:266)
	at com.firebase.core.namespace.NamespaceManager.updateRules(NamespaceManager.scala:310)
	at com.firebase.core.namespace.NamespaceActor.$anonfun$new$5(NamespaceActor.scala:1811)
	at com.firebase.core.namespace.NamespaceActor.$anonfun$new$5$adapted(NamespaceActor.scala:1807)
	at com.firebase.util.misc.MutableProvider.$anonfun$set$1(Provider.scala:28)
	at com.firebase.util.misc.MutableProvider.$anonfun$set$1$adapted(Provider.scala:27)
	at scala.collection.immutable.HashSet$HashSet1.foreach(HashSet.scala:330)
	at scala.collection.immutable.HashSet$HashTrieSet.foreach(HashSet.scala:1104)
	at com.firebase.util.misc.MutableProvider.set(Provider.scala:27)
	at com.firebase.core.namespace.NamespaceActor.persistMetadataResult(NamespaceActor.scala:1877)
	at com.firebase.core.namespace.NamespaceActor.$anonfun$handleNewRules$1(NamespaceActor.scala:1802)
	at com.firebase.util.result.package$Result.flatMap(package.scala:59)
	at com.firebase.util.result.package$Result.flatMap$(package.scala:57)
	at com.firebase.util.result.package$Value.flatMap(package.scala:203)
	at com.firebase.core.namespace.NamespaceActor.handleNewRules(NamespaceActor.scala:1801)
	at com.firebase.core.namespace.NamespaceActor.handleAllowedAdminMessage(NamespaceActor.scala:780)
	at com.firebase.core.namespace.NamespaceActor.handleAdminMessage(NamespaceActor.scala:771)
	at com.firebase.core.namespace.NamespaceActor.$anonfun$handleEnvelope$9(NamespaceActor.scala:689)
	at scala.concurrent.Future$.$anonfun$apply$1(Future.scala:659)
	at scala.util.Success.$anonfun$map$1(Try.scala:255)
	at scala.util.Success.map(Try.scala:213)
	at scala.concurrent.Future.$anonfun$map$1(Future.scala:292)
	at scala.concurrent.impl.Promise.liftedTree1$1(Promise.scala:33)
	at scala.concurrent.impl.Promise.$anonfun$transform$1(Promise.scala:33)
	at scala.concurrent.impl.CallbackRunnable.run(Promise.scala:64)
	at com.firebase.core.util.LoggingExecutionContextExecutor.$anonfun$execute$3(LoggingExecutionContextExecutor.scala:23)
	at scala.runtime.java8.JFunction0$mcV$sp.apply(JFunction0$mcV$sp.java:23)
	at com.firebase.core.util.LoggingExecutionContextExecutor.wrapExecution(LoggingExecutionContextExecutor.scala:29)
	at com.firebase.core.util.LoggingExecutionContextExecutor.$anonfun$execute$2(LoggingExecutionContextExecutor.scala:23)
	at akka.dispatch.TaskInvocation.run(AbstractDispatcher.scala:48)
	at akka.dispatch.ForkJoinExecutorConfigurator$AkkaForkJoinTask.exec(ForkJoinExecutorConfigurator.scala:48)
	at java.base/java.util.concurrent.ForkJoinTask.doExec(ForkJoinTask.java:511)
	at java.base/java.util.concurrent.ForkJoinPool$WorkQueue.topLevelExec(ForkJoinPool.java:1450)
	at java.base/java.util.concurrent.ForkJoinPool.runWorker(ForkJoinPool.java:2019)
	at java.base/java.util.concurrent.ForkJoinWorkerThread.run(ForkJoinWorkerThread.java:187)
13:30:12.833 [NamespaceSystem-blocking-namespace-operation-dispatcher-7] ERROR com.firebase.core.namespace.rules.util.ValidationContext - invalid path (attendance.read) found while validating ruleset (thread: NamespaceSystem-blocking-namespace-operation-dispatcher-7)
com.firebase.core.namespace.rules.util.ExpressionValidationException: String can't contain ".", "#", "$", "/", "[", or "]"
	at com.firebase.core.namespace.rules.ast.Helpers$.validationError(Helpers.scala:29)
	at com.firebase.core.namespace.rules.util.ValidationContext.maybeValidateStringLiteralAsPath(ValidationContext.scala:59)
	at com.firebase.core.namespace.rules.ast.StringLiteral.validate(Literals.scala:51)
	at com.firebase.core.namespace.rules.ast.members.data.Child$.validate(Child.scala:15)
	at com.firebase.core.namespace.rules.ast.FunctionCall.validate(FunctionCall.scala:32)
	at com.firebase.core.namespace.rules.ast.PropertyGet.validate(PropertyGet.scala:77)
	at com.firebase.core.namespace.rules.ast.FunctionCall.validate(FunctionCall.scala:23)
	at com.firebase.core.namespace.rules.ast.Equals.validate(EqualityOperators.scala:51)
	at com.firebase.core.namespace.rules.ast.Or.validate(LogicalOperators.scala:53)
	at com.firebase.core.namespace.rules.ast.Or.validate(LogicalOperators.scala:54)
	at com.firebase.core.namespace.rules.ast.And.validate(LogicalOperators.scala:25)
	at com.firebase.core.namespace.rules.tree.RuleExpression.validate(RuleExpression.scala:76)
	at com.firebase.core.namespace.rules.tree.RuleNode.$anonfun$validateRule$1(RuleNode.scala:68)
	at com.firebase.core.namespace.rules.tree.RuleNode.$anonfun$validateRule$1$adapted(RuleNode.scala:68)
	at scala.Option.foreach(Option.scala:407)
	at com.firebase.core.namespace.rules.tree.RuleNode.validateRule(RuleNode.scala:68)
	at com.firebase.core.namespace.rules.tree.RuleNode.validateRule(RuleNode.scala:85)
	at com.firebase.core.namespace.rules.tree.RuleNode.$anonfun$validateRule$6(RuleNode.scala:81)
	at com.firebase.core.namespace.rules.tree.RuleNode.$anonfun$validateRule$6$adapted(RuleNode.scala:80)
	at scala.collection.IndexedSeqOptimized.foreach(IndexedSeqOptimized.scala:36)
	at scala.collection.IndexedSeqOptimized.foreach$(IndexedSeqOptimized.scala:33)
	at scala.collection.mutable.ArrayOps$ofRef.foreach(ArrayOps.scala:198)
	at com.firebase.core.namespace.rules.tree.RuleNode.validateRule(RuleNode.scala:80)
	at com.firebase.core.namespace.rules.tree.RuleNodeParser$.$anonfun$parse$1(RuleNodeParser.scala:38)
	at scala.util.DynamicVariable.withValue(DynamicVariable.scala:62)
	at com.firebase.core.namespace.rules.tree.RuleNodeParser$.parse(RuleNodeParser.scala:29)
	at com.firebase.core.namespace.NamespaceManager.parseUntrustedRules(NamespaceManager.scala:266)
	at com.firebase.core.namespace.NamespaceManager.updateRules(NamespaceManager.scala:310)
	at com.firebase.core.namespace.NamespaceActor.$anonfun$new$5(NamespaceActor.scala:1811)
	at com.firebase.core.namespace.NamespaceActor.$anonfun$new$5$adapted(NamespaceActor.scala:1807)
	at com.firebase.util.misc.MutableProvider.$anonfun$set$1(Provider.scala:28)
	at com.firebase.util.misc.MutableProvider.$anonfun$set$1$adapted(Provider.scala:27)
	at scala.collection.immutable.HashSet$HashSet1.foreach(HashSet.scala:330)
	at scala.collection.immutable.HashSet$HashTrieSet.foreach(HashSet.scala:1104)
	at com.firebase.util.misc.MutableProvider.set(Provider.scala:27)
	at com.firebase.core.namespace.NamespaceActor.persistMetadataResult(NamespaceActor.scala:1877)
	at com.firebase.core.namespace.NamespaceActor.$anonfun$handleNewRules$1(NamespaceActor.scala:1802)
	at com.firebase.util.result.package$Result.flatMap(package.scala:59)
	at com.firebase.util.result.package$Result.flatMap$(package.scala:57)
	at com.firebase.util.result.package$Value.flatMap(package.scala:203)
	at com.firebase.core.namespace.NamespaceActor.handleNewRules(NamespaceActor.scala:1801)
	at com.firebase.core.namespace.NamespaceActor.handleAllowedAdminMessage(NamespaceActor.scala:780)
	at com.firebase.core.namespace.NamespaceActor.handleAdminMessage(NamespaceActor.scala:771)
	at com.firebase.core.namespace.NamespaceActor.$anonfun$handleEnvelope$9(NamespaceActor.scala:689)
	at scala.concurrent.Future$.$anonfun$apply$1(Future.scala:659)
	at scala.util.Success.$anonfun$map$1(Try.scala:255)
	at scala.util.Success.map(Try.scala:213)
	at scala.concurrent.Future.$anonfun$map$1(Future.scala:292)
	at scala.concurrent.impl.Promise.liftedTree1$1(Promise.scala:33)
	at scala.concurrent.impl.Promise.$anonfun$transform$1(Promise.scala:33)
	at scala.concurrent.impl.CallbackRunnable.run(Promise.scala:64)
	at com.firebase.core.util.LoggingExecutionContextExecutor.$anonfun$execute$3(LoggingExecutionContextExecutor.scala:23)
	at scala.runtime.java8.JFunction0$mcV$sp.apply(JFunction0$mcV$sp.java:23)
	at com.firebase.core.util.LoggingExecutionContextExecutor.wrapExecution(LoggingExecutionContextExecutor.scala:29)
	at com.firebase.core.util.LoggingExecutionContextExecutor.$anonfun$execute$2(LoggingExecutionContextExecutor.scala:23)
	at akka.dispatch.TaskInvocation.run(AbstractDispatcher.scala:48)
	at akka.dispatch.ForkJoinExecutorConfigurator$AkkaForkJoinTask.exec(ForkJoinExecutorConfigurator.scala:48)
	at java.base/java.util.concurrent.ForkJoinTask.doExec(ForkJoinTask.java:511)
	at java.base/java.util.concurrent.ForkJoinPool$WorkQueue.topLevelExec(ForkJoinPool.java:1450)
	at java.base/java.util.concurrent.ForkJoinPool.runWorker(ForkJoinPool.java:2019)
	at java.base/java.util.concurrent.ForkJoinWorkerThread.run(ForkJoinWorkerThread.java:187)
13:30:12.834 [NamespaceSystem-blocking-namespace-operation-dispatcher-7] ERROR com.firebase.core.namespace.rules.util.ValidationContext - invalid path (attendance.manage) found while validating ruleset (thread: NamespaceSystem-blocking-namespace-operation-dispatcher-7)
com.firebase.core.namespace.rules.util.ExpressionValidationException: String can't contain ".", "#", "$", "/", "[", or "]"
	at com.firebase.core.namespace.rules.ast.Helpers$.validationError(Helpers.scala:29)
	at com.firebase.core.namespace.rules.util.ValidationContext.maybeValidateStringLiteralAsPath(ValidationContext.scala:59)
	at com.firebase.core.namespace.rules.ast.StringLiteral.validate(Literals.scala:51)
	at com.firebase.core.namespace.rules.ast.members.data.Child$.validate(Child.scala:15)
	at com.firebase.core.namespace.rules.ast.FunctionCall.validate(FunctionCall.scala:32)
	at com.firebase.core.namespace.rules.ast.PropertyGet.validate(PropertyGet.scala:77)
	at com.firebase.core.namespace.rules.ast.FunctionCall.validate(FunctionCall.scala:23)
	at com.firebase.core.namespace.rules.ast.Equals.validate(EqualityOperators.scala:51)
	at com.firebase.core.namespace.rules.ast.Or.validate(LogicalOperators.scala:53)
	at com.firebase.core.namespace.rules.ast.And.validate(LogicalOperators.scala:25)
	at com.firebase.core.namespace.rules.tree.RuleExpression.validate(RuleExpression.scala:76)
	at com.firebase.core.namespace.rules.tree.RuleNode.$anonfun$validateRule$2(RuleNode.scala:69)
	at com.firebase.core.namespace.rules.tree.RuleNode.$anonfun$validateRule$2$adapted(RuleNode.scala:69)
	at scala.Option.foreach(Option.scala:407)
	at com.firebase.core.namespace.rules.tree.RuleNode.validateRule(RuleNode.scala:69)
	at com.firebase.core.namespace.rules.tree.RuleNode.validateRule(RuleNode.scala:85)
	at com.firebase.core.namespace.rules.tree.RuleNode.$anonfun$validateRule$6(RuleNode.scala:81)
	at com.firebase.core.namespace.rules.tree.RuleNode.$anonfun$validateRule$6$adapted(RuleNode.scala:80)
	at scala.collection.IndexedSeqOptimized.foreach(IndexedSeqOptimized.scala:36)
	at scala.collection.IndexedSeqOptimized.foreach$(IndexedSeqOptimized.scala:33)
	at scala.collection.mutable.ArrayOps$ofRef.foreach(ArrayOps.scala:198)
	at com.firebase.core.namespace.rules.tree.RuleNode.validateRule(RuleNode.scala:80)
	at com.firebase.core.namespace.rules.tree.RuleNodeParser$.$anonfun$parse$1(RuleNodeParser.scala:38)
	at scala.util.DynamicVariable.withValue(DynamicVariable.scala:62)
	at com.firebase.core.namespace.rules.tree.RuleNodeParser$.parse(RuleNodeParser.scala:29)
	at com.firebase.core.namespace.NamespaceManager.parseUntrustedRules(NamespaceManager.scala:266)
	at com.firebase.core.namespace.NamespaceManager.updateRules(NamespaceManager.scala:310)
	at com.firebase.core.namespace.NamespaceActor.$anonfun$new$5(NamespaceActor.scala:1811)
	at com.firebase.core.namespace.NamespaceActor.$anonfun$new$5$adapted(NamespaceActor.scala:1807)
	at com.firebase.util.misc.MutableProvider.$anonfun$set$1(Provider.scala:28)
	at com.firebase.util.misc.MutableProvider.$anonfun$set$1$adapted(Provider.scala:27)
	at scala.collection.immutable.HashSet$HashSet1.foreach(HashSet.scala:330)
	at scala.collection.immutable.HashSet$HashTrieSet.foreach(HashSet.scala:1104)
	at com.firebase.util.misc.MutableProvider.set(Provider.scala:27)
	at com.firebase.core.namespace.NamespaceActor.persistMetadataResult(NamespaceActor.scala:1877)
	at com.firebase.core.namespace.NamespaceActor.$anonfun$handleNewRules$1(NamespaceActor.scala:1802)
	at com.firebase.util.result.package$Result.flatMap(package.scala:59)
	at com.firebase.util.result.package$Result.flatMap$(package.scala:57)
	at com.firebase.util.result.package$Value.flatMap(package.scala:203)
	at com.firebase.core.namespace.NamespaceActor.handleNewRules(NamespaceActor.scala:1801)
	at com.firebase.core.namespace.NamespaceActor.handleAllowedAdminMessage(NamespaceActor.scala:780)
	at com.firebase.core.namespace.NamespaceActor.handleAdminMessage(NamespaceActor.scala:771)
	at com.firebase.core.namespace.NamespaceActor.$anonfun$handleEnvelope$9(NamespaceActor.scala:689)
	at scala.concurrent.Future$.$anonfun$apply$1(Future.scala:659)
	at scala.util.Success.$anonfun$map$1(Try.scala:255)
	at scala.util.Success.map(Try.scala:213)
	at scala.concurrent.Future.$anonfun$map$1(Future.scala:292)
	at scala.concurrent.impl.Promise.liftedTree1$1(Promise.scala:33)
	at scala.concurrent.impl.Promise.$anonfun$transform$1(Promise.scala:33)
	at scala.concurrent.impl.CallbackRunnable.run(Promise.scala:64)
	at com.firebase.core.util.LoggingExecutionContextExecutor.$anonfun$execute$3(LoggingExecutionContextExecutor.scala:23)
	at scala.runtime.java8.JFunction0$mcV$sp.apply(JFunction0$mcV$sp.java:23)
	at com.firebase.core.util.LoggingExecutionContextExecutor.wrapExecution(LoggingExecutionContextExecutor.scala:29)
	at com.firebase.core.util.LoggingExecutionContextExecutor.$anonfun$execute$2(LoggingExecutionContextExecutor.scala:23)
	at akka.dispatch.TaskInvocation.run(AbstractDispatcher.scala:48)
	at akka.dispatch.ForkJoinExecutorConfigurator$AkkaForkJoinTask.exec(ForkJoinExecutorConfigurator.scala:48)
	at java.base/java.util.concurrent.ForkJoinTask.doExec(ForkJoinTask.java:511)
	at java.base/java.util.concurrent.ForkJoinPool$WorkQueue.topLevelExec(ForkJoinPool.java:1450)
	at java.base/java.util.concurrent.ForkJoinPool.runWorker(ForkJoinPool.java:2019)
	at java.base/java.util.concurrent.ForkJoinWorkerThread.run(ForkJoinWorkerThread.java:187)
13:30:12.835 [NamespaceSystem-blocking-namespace-operation-dispatcher-7] ERROR com.firebase.core.namespace.rules.util.ValidationContext - invalid path (attendance.read) found while validating ruleset (thread: NamespaceSystem-blocking-namespace-operation-dispatcher-7)
com.firebase.core.namespace.rules.util.ExpressionValidationException: String can't contain ".", "#", "$", "/", "[", or "]"
	at com.firebase.core.namespace.rules.ast.Helpers$.validationError(Helpers.scala:29)
	at com.firebase.core.namespace.rules.util.ValidationContext.maybeValidateStringLiteralAsPath(ValidationContext.scala:59)
	at com.firebase.core.namespace.rules.ast.StringLiteral.validate(Literals.scala:51)
	at com.firebase.core.namespace.rules.ast.members.data.Child$.validate(Child.scala:15)
	at com.firebase.core.namespace.rules.ast.FunctionCall.validate(FunctionCall.scala:32)
	at com.firebase.core.namespace.rules.ast.PropertyGet.validate(PropertyGet.scala:77)
	at com.firebase.core.namespace.rules.ast.FunctionCall.validate(FunctionCall.scala:23)
	at com.firebase.core.namespace.rules.ast.Equals.validate(EqualityOperators.scala:51)
	at com.firebase.core.namespace.rules.ast.Or.validate(LogicalOperators.scala:53)
	at com.firebase.core.namespace.rules.ast.And.validate(LogicalOperators.scala:25)
	at com.firebase.core.namespace.rules.tree.RuleExpression.validate(RuleExpression.scala:76)
	at com.firebase.core.namespace.rules.tree.RuleNode.$anonfun$validateRule$1(RuleNode.scala:68)
	at com.firebase.core.namespace.rules.tree.RuleNode.$anonfun$validateRule$1$adapted(RuleNode.scala:68)
	at scala.Option.foreach(Option.scala:407)
	at com.firebase.core.namespace.rules.tree.RuleNode.validateRule(RuleNode.scala:68)
	at com.firebase.core.namespace.rules.tree.RuleNode.validateRule(RuleNode.scala:85)
	at com.firebase.core.namespace.rules.tree.RuleNode.$anonfun$validateRule$6(RuleNode.scala:81)
	at com.firebase.core.namespace.rules.tree.RuleNode.$anonfun$validateRule$6$adapted(RuleNode.scala:80)
	at scala.collection.IndexedSeqOptimized.foreach(IndexedSeqOptimized.scala:36)
	at scala.collection.IndexedSeqOptimized.foreach$(IndexedSeqOptimized.scala:33)
	at scala.collection.mutable.ArrayOps$ofRef.foreach(ArrayOps.scala:198)
	at com.firebase.core.namespace.rules.tree.RuleNode.validateRule(RuleNode.scala:80)
	at com.firebase.core.namespace.rules.tree.RuleNodeParser$.$anonfun$parse$1(RuleNodeParser.scala:38)
	at scala.util.DynamicVariable.withValue(DynamicVariable.scala:62)
	at com.firebase.core.namespace.rules.tree.RuleNodeParser$.parse(RuleNodeParser.scala:29)
	at com.firebase.core.namespace.NamespaceManager.parseUntrustedRules(NamespaceManager.scala:266)
	at com.firebase.core.namespace.NamespaceManager.updateRules(NamespaceManager.scala:310)
	at com.firebase.core.namespace.NamespaceActor.$anonfun$new$5(NamespaceActor.scala:1811)
	at com.firebase.core.namespace.NamespaceActor.$anonfun$new$5$adapted(NamespaceActor.scala:1807)
	at com.firebase.util.misc.MutableProvider.$anonfun$set$1(Provider.scala:28)
	at com.firebase.util.misc.MutableProvider.$anonfun$set$1$adapted(Provider.scala:27)
	at scala.collection.immutable.HashSet$HashSet1.foreach(HashSet.scala:330)
	at scala.collection.immutable.HashSet$HashTrieSet.foreach(HashSet.scala:1104)
	at com.firebase.util.misc.MutableProvider.set(Provider.scala:27)
	at com.firebase.core.namespace.NamespaceActor.persistMetadataResult(NamespaceActor.scala:1877)
	at com.firebase.core.namespace.NamespaceActor.$anonfun$handleNewRules$1(NamespaceActor.scala:1802)
	at com.firebase.util.result.package$Result.flatMap(package.scala:59)
	at com.firebase.util.result.package$Result.flatMap$(package.scala:57)
	at com.firebase.util.result.package$Value.flatMap(package.scala:203)
	at com.firebase.core.namespace.NamespaceActor.handleNewRules(NamespaceActor.scala:1801)
	at com.firebase.core.namespace.NamespaceActor.handleAllowedAdminMessage(NamespaceActor.scala:780)
	at com.firebase.core.namespace.NamespaceActor.handleAdminMessage(NamespaceActor.scala:771)
	at com.firebase.core.namespace.NamespaceActor.$anonfun$handleEnvelope$9(NamespaceActor.scala:689)
	at scala.concurrent.Future$.$anonfun$apply$1(Future.scala:659)
	at scala.util.Success.$anonfun$map$1(Try.scala:255)
	at scala.util.Success.map(Try.scala:213)
	at scala.concurrent.Future.$anonfun$map$1(Future.scala:292)
	at scala.concurrent.impl.Promise.liftedTree1$1(Promise.scala:33)
	at scala.concurrent.impl.Promise.$anonfun$transform$1(Promise.scala:33)
	at scala.concurrent.impl.CallbackRunnable.run(Promise.scala:64)
	at com.firebase.core.util.LoggingExecutionContextExecutor.$anonfun$execute$3(LoggingExecutionContextExecutor.scala:23)
	at scala.runtime.java8.JFunction0$mcV$sp.apply(JFunction0$mcV$sp.java:23)
	at com.firebase.core.util.LoggingExecutionContextExecutor.wrapExecution(LoggingExecutionContextExecutor.scala:29)
	at com.firebase.core.util.LoggingExecutionContextExecutor.$anonfun$execute$2(LoggingExecutionContextExecutor.scala:23)
	at akka.dispatch.TaskInvocation.run(AbstractDispatcher.scala:48)
	at akka.dispatch.ForkJoinExecutorConfigurator$AkkaForkJoinTask.exec(ForkJoinExecutorConfigurator.scala:48)
	at java.base/java.util.concurrent.ForkJoinTask.doExec(ForkJoinTask.java:511)
	at java.base/java.util.concurrent.ForkJoinPool$WorkQueue.topLevelExec(ForkJoinPool.java:1450)
	at java.base/java.util.concurrent.ForkJoinPool.runWorker(ForkJoinPool.java:2019)
	at java.base/java.util.concurrent.ForkJoinWorkerThread.run(ForkJoinWorkerThread.java:187)
13:30:12.836 [NamespaceSystem-blocking-namespace-operation-dispatcher-7] ERROR com.firebase.core.namespace.rules.util.ValidationContext - invalid path (attendance.manage) found while validating ruleset (thread: NamespaceSystem-blocking-namespace-operation-dispatcher-7)
com.firebase.core.namespace.rules.util.ExpressionValidationException: String can't contain ".", "#", "$", "/", "[", or "]"
	at com.firebase.core.namespace.rules.ast.Helpers$.validationError(Helpers.scala:29)
	at com.firebase.core.namespace.rules.util.ValidationContext.maybeValidateStringLiteralAsPath(ValidationContext.scala:59)
	at com.firebase.core.namespace.rules.ast.StringLiteral.validate(Literals.scala:51)
	at com.firebase.core.namespace.rules.ast.members.data.Child$.validate(Child.scala:15)
	at com.firebase.core.namespace.rules.ast.FunctionCall.validate(FunctionCall.scala:32)
	at com.firebase.core.namespace.rules.ast.PropertyGet.validate(PropertyGet.scala:77)
	at com.firebase.core.namespace.rules.ast.FunctionCall.validate(FunctionCall.scala:23)
	at com.firebase.core.namespace.rules.ast.Equals.validate(EqualityOperators.scala:51)
	at com.firebase.core.namespace.rules.ast.Or.validate(LogicalOperators.scala:53)
	at com.firebase.core.namespace.rules.ast.And.validate(LogicalOperators.scala:25)
	at com.firebase.core.namespace.rules.tree.RuleExpression.validate(RuleExpression.scala:76)
	at com.firebase.core.namespace.rules.tree.RuleNode.$anonfun$validateRule$2(RuleNode.scala:69)
	at com.firebase.core.namespace.rules.tree.RuleNode.$anonfun$validateRule$2$adapted(RuleNode.scala:69)
	at scala.Option.foreach(Option.scala:407)
	at com.firebase.core.namespace.rules.tree.RuleNode.validateRule(RuleNode.scala:69)
	at com.firebase.core.namespace.rules.tree.RuleNode.validateRule(RuleNode.scala:85)
	at com.firebase.core.namespace.rules.tree.RuleNode.$anonfun$validateRule$6(RuleNode.scala:81)
	at com.firebase.core.namespace.rules.tree.RuleNode.$anonfun$validateRule$6$adapted(RuleNode.scala:80)
	at scala.collection.IndexedSeqOptimized.foreach(IndexedSeqOptimized.scala:36)
	at scala.collection.IndexedSeqOptimized.foreach$(IndexedSeqOptimized.scala:33)
	at scala.collection.mutable.ArrayOps$ofRef.foreach(ArrayOps.scala:198)
	at com.firebase.core.namespace.rules.tree.RuleNode.validateRule(RuleNode.scala:80)
	at com.firebase.core.namespace.rules.tree.RuleNodeParser$.$anonfun$parse$1(RuleNodeParser.scala:38)
	at scala.util.DynamicVariable.withValue(DynamicVariable.scala:62)
	at com.firebase.core.namespace.rules.tree.RuleNodeParser$.parse(RuleNodeParser.scala:29)
	at com.firebase.core.namespace.NamespaceManager.parseUntrustedRules(NamespaceManager.scala:266)
	at com.firebase.core.namespace.NamespaceManager.updateRules(NamespaceManager.scala:310)
	at com.firebase.core.namespace.NamespaceActor.$anonfun$new$5(NamespaceActor.scala:1811)
	at com.firebase.core.namespace.NamespaceActor.$anonfun$new$5$adapted(NamespaceActor.scala:1807)
	at com.firebase.util.misc.MutableProvider.$anonfun$set$1(Provider.scala:28)
	at com.firebase.util.misc.MutableProvider.$anonfun$set$1$adapted(Provider.scala:27)
	at scala.collection.immutable.HashSet$HashSet1.foreach(HashSet.scala:330)
	at scala.collection.immutable.HashSet$HashTrieSet.foreach(HashSet.scala:1104)
	at com.firebase.util.misc.MutableProvider.set(Provider.scala:27)
	at com.firebase.core.namespace.NamespaceActor.persistMetadataResult(NamespaceActor.scala:1877)
	at com.firebase.core.namespace.NamespaceActor.$anonfun$handleNewRules$1(NamespaceActor.scala:1802)
	at com.firebase.util.result.package$Result.flatMap(package.scala:59)
	at com.firebase.util.result.package$Result.flatMap$(package.scala:57)
	at com.firebase.util.result.package$Value.flatMap(package.scala:203)
	at com.firebase.core.namespace.NamespaceActor.handleNewRules(NamespaceActor.scala:1801)
	at com.firebase.core.namespace.NamespaceActor.handleAllowedAdminMessage(NamespaceActor.scala:780)
	at com.firebase.core.namespace.NamespaceActor.handleAdminMessage(NamespaceActor.scala:771)
	at com.firebase.core.namespace.NamespaceActor.$anonfun$handleEnvelope$9(NamespaceActor.scala:689)
	at scala.concurrent.Future$.$anonfun$apply$1(Future.scala:659)
	at scala.util.Success.$anonfun$map$1(Try.scala:255)
	at scala.util.Success.map(Try.scala:213)
	at scala.concurrent.Future.$anonfun$map$1(Future.scala:292)
	at scala.concurrent.impl.Promise.liftedTree1$1(Promise.scala:33)
	at scala.concurrent.impl.Promise.$anonfun$transform$1(Promise.scala:33)
	at scala.concurrent.impl.CallbackRunnable.run(Promise.scala:64)
	at com.firebase.core.util.LoggingExecutionContextExecutor.$anonfun$execute$3(LoggingExecutionContextExecutor.scala:23)
	at scala.runtime.java8.JFunction0$mcV$sp.apply(JFunction0$mcV$sp.java:23)
	at com.firebase.core.util.LoggingExecutionContextExecutor.wrapExecution(LoggingExecutionContextExecutor.scala:29)
	at com.firebase.core.util.LoggingExecutionContextExecutor.$anonfun$execute$2(LoggingExecutionContextExecutor.scala:23)
	at akka.dispatch.TaskInvocation.run(AbstractDispatcher.scala:48)
	at akka.dispatch.ForkJoinExecutorConfigurator$AkkaForkJoinTask.exec(ForkJoinExecutorConfigurator.scala:48)
	at java.base/java.util.concurrent.ForkJoinTask.doExec(ForkJoinTask.java:511)
	at java.base/java.util.concurrent.ForkJoinPool$WorkQueue.topLevelExec(ForkJoinPool.java:1450)
	at java.base/java.util.concurrent.ForkJoinPool.runWorker(ForkJoinPool.java:2019)
	at java.base/java.util.concurrent.ForkJoinWorkerThread.run(ForkJoinWorkerThread.java:187)
13:30:12.849 [NamespaceSystem-blocking-namespace-operation-dispatcher-7] ERROR com.firebase.core.namespace.rules.util.ValidationContext - invalid path (events.read) found while validating ruleset (thread: NamespaceSystem-blocking-namespace-operation-dispatcher-7)
com.firebase.core.namespace.rules.util.ExpressionValidationException: String can't contain ".", "#", "$", "/", "[", or "]"
	at com.firebase.core.namespace.rules.ast.Helpers$.validationError(Helpers.scala:29)
	at com.firebase.core.namespace.rules.util.ValidationContext.maybeValidateStringLiteralAsPath(ValidationContext.scala:59)
	at com.firebase.core.namespace.rules.ast.StringLiteral.validate(Literals.scala:51)
	at com.firebase.core.namespace.rules.ast.members.data.Child$.validate(Child.scala:15)
	at com.firebase.core.namespace.rules.ast.FunctionCall.validate(FunctionCall.scala:32)
	at com.firebase.core.namespace.rules.ast.PropertyGet.validate(PropertyGet.scala:77)
	at com.firebase.core.namespace.rules.ast.FunctionCall.validate(FunctionCall.scala:23)
	at com.firebase.core.namespace.rules.ast.Equals.validate(EqualityOperators.scala:51)
	at com.firebase.core.namespace.rules.ast.Or.validate(LogicalOperators.scala:53)
	at com.firebase.core.namespace.rules.ast.And.validate(LogicalOperators.scala:25)
	at com.firebase.core.namespace.rules.ast.Or.validate(LogicalOperators.scala:54)
	at com.firebase.core.namespace.rules.tree.RuleExpression.validate(RuleExpression.scala:76)
	at com.firebase.core.namespace.rules.tree.RuleNode.$anonfun$validateRule$1(RuleNode.scala:68)
	at com.firebase.core.namespace.rules.tree.RuleNode.$anonfun$validateRule$1$adapted(RuleNode.scala:68)
	at scala.Option.foreach(Option.scala:407)
	at com.firebase.core.namespace.rules.tree.RuleNode.validateRule(RuleNode.scala:68)
	at com.firebase.core.namespace.rules.tree.RuleNode.validateRule(RuleNode.scala:85)
	at com.firebase.core.namespace.rules.tree.RuleNode.$anonfun$validateRule$6(RuleNode.scala:81)
	at com.firebase.core.namespace.rules.tree.RuleNode.$anonfun$validateRule$6$adapted(RuleNode.scala:80)
	at scala.collection.IndexedSeqOptimized.foreach(IndexedSeqOptimized.scala:36)
	at scala.collection.IndexedSeqOptimized.foreach$(IndexedSeqOptimized.scala:33)
	at scala.collection.mutable.ArrayOps$ofRef.foreach(ArrayOps.scala:198)
	at com.firebase.core.namespace.rules.tree.RuleNode.validateRule(RuleNode.scala:80)
	at com.firebase.core.namespace.rules.tree.RuleNodeParser$.$anonfun$parse$1(RuleNodeParser.scala:38)
	at scala.util.DynamicVariable.withValue(DynamicVariable.scala:62)
	at com.firebase.core.namespace.rules.tree.RuleNodeParser$.parse(RuleNodeParser.scala:29)
	at com.firebase.core.namespace.NamespaceManager.parseUntrustedRules(NamespaceManager.scala:266)
	at com.firebase.core.namespace.NamespaceManager.updateRules(NamespaceManager.scala:310)
	at com.firebase.core.namespace.NamespaceActor.$anonfun$new$5(NamespaceActor.scala:1811)
	at com.firebase.core.namespace.NamespaceActor.$anonfun$new$5$adapted(NamespaceActor.scala:1807)
	at com.firebase.util.misc.MutableProvider.$anonfun$set$1(Provider.scala:28)
	at com.firebase.util.misc.MutableProvider.$anonfun$set$1$adapted(Provider.scala:27)
	at scala.collection.immutable.HashSet$HashSet1.foreach(HashSet.scala:330)
	at scala.collection.immutable.HashSet$HashTrieSet.foreach(HashSet.scala:1104)
	at com.firebase.util.misc.MutableProvider.set(Provider.scala:27)
	at com.firebase.core.namespace.NamespaceActor.persistMetadataResult(NamespaceActor.scala:1877)
	at com.firebase.core.namespace.NamespaceActor.$anonfun$handleNewRules$1(NamespaceActor.scala:1802)
	at com.firebase.util.result.package$Result.flatMap(package.scala:59)
	at com.firebase.util.result.package$Result.flatMap$(package.scala:57)
	at com.firebase.util.result.package$Value.flatMap(package.scala:203)
	at com.firebase.core.namespace.NamespaceActor.handleNewRules(NamespaceActor.scala:1801)
	at com.firebase.core.namespace.NamespaceActor.handleAllowedAdminMessage(NamespaceActor.scala:780)
	at com.firebase.core.namespace.NamespaceActor.handleAdminMessage(NamespaceActor.scala:771)
	at com.firebase.core.namespace.NamespaceActor.$anonfun$handleEnvelope$9(NamespaceActor.scala:689)
	at scala.concurrent.Future$.$anonfun$apply$1(Future.scala:659)
	at scala.util.Success.$anonfun$map$1(Try.scala:255)
	at scala.util.Success.map(Try.scala:213)
	at scala.concurrent.Future.$anonfun$map$1(Future.scala:292)
	at scala.concurrent.impl.Promise.liftedTree1$1(Promise.scala:33)
	at scala.concurrent.impl.Promise.$anonfun$transform$1(Promise.scala:33)
	at scala.concurrent.impl.CallbackRunnable.run(Promise.scala:64)
	at com.firebase.core.util.LoggingExecutionContextExecutor.$anonfun$execute$3(LoggingExecutionContextExecutor.scala:23)
	at scala.runtime.java8.JFunction0$mcV$sp.apply(JFunction0$mcV$sp.java:23)
	at com.firebase.core.util.LoggingExecutionContextExecutor.wrapExecution(LoggingExecutionContextExecutor.scala:29)
	at com.firebase.core.util.LoggingExecutionContextExecutor.$anonfun$execute$2(LoggingExecutionContextExecutor.scala:23)
	at akka.dispatch.TaskInvocation.run(AbstractDispatcher.scala:48)
	at akka.dispatch.ForkJoinExecutorConfigurator$AkkaForkJoinTask.exec(ForkJoinExecutorConfigurator.scala:48)
	at java.base/java.util.concurrent.ForkJoinTask.doExec(ForkJoinTask.java:511)
	at java.base/java.util.concurrent.ForkJoinPool$WorkQueue.topLevelExec(ForkJoinPool.java:1450)
	at java.base/java.util.concurrent.ForkJoinPool.runWorker(ForkJoinPool.java:2019)
	at java.base/java.util.concurrent.ForkJoinWorkerThread.run(ForkJoinWorkerThread.java:187)
13:30:12.849 [NamespaceSystem-blocking-namespace-operation-dispatcher-7] ERROR com.firebase.core.namespace.rules.util.ValidationContext - invalid path (events.manage) found while validating ruleset (thread: NamespaceSystem-blocking-namespace-operation-dispatcher-7)
com.firebase.core.namespace.rules.util.ExpressionValidationException: String can't contain ".", "#", "$", "/", "[", or "]"
	at com.firebase.core.namespace.rules.ast.Helpers$.validationError(Helpers.scala:29)
	at com.firebase.core.namespace.rules.util.ValidationContext.maybeValidateStringLiteralAsPath(ValidationContext.scala:59)
	at com.firebase.core.namespace.rules.ast.StringLiteral.validate(Literals.scala:51)
	at com.firebase.core.namespace.rules.ast.members.data.Child$.validate(Child.scala:15)
	at com.firebase.core.namespace.rules.ast.FunctionCall.validate(FunctionCall.scala:32)
	at com.firebase.core.namespace.rules.ast.PropertyGet.validate(PropertyGet.scala:77)
	at com.firebase.core.namespace.rules.ast.FunctionCall.validate(FunctionCall.scala:23)
	at com.firebase.core.namespace.rules.ast.Equals.validate(EqualityOperators.scala:51)
	at com.firebase.core.namespace.rules.ast.Or.validate(LogicalOperators.scala:53)
	at com.firebase.core.namespace.rules.ast.And.validate(LogicalOperators.scala:25)
	at com.firebase.core.namespace.rules.tree.RuleExpression.validate(RuleExpression.scala:76)
	at com.firebase.core.namespace.rules.tree.RuleNode.$anonfun$validateRule$2(RuleNode.scala:69)
	at com.firebase.core.namespace.rules.tree.RuleNode.$anonfun$validateRule$2$adapted(RuleNode.scala:69)
	at scala.Option.foreach(Option.scala:407)
	at com.firebase.core.namespace.rules.tree.RuleNode.validateRule(RuleNode.scala:69)
	at com.firebase.core.namespace.rules.tree.RuleNode.validateRule(RuleNode.scala:85)
	at com.firebase.core.namespace.rules.tree.RuleNode.$anonfun$validateRule$6(RuleNode.scala:81)
	at com.firebase.core.namespace.rules.tree.RuleNode.$anonfun$validateRule$6$adapted(RuleNode.scala:80)
	at scala.collection.IndexedSeqOptimized.foreach(IndexedSeqOptimized.scala:36)
	at scala.collection.IndexedSeqOptimized.foreach$(IndexedSeqOptimized.scala:33)
	at scala.collection.mutable.ArrayOps$ofRef.foreach(ArrayOps.scala:198)
	at com.firebase.core.namespace.rules.tree.RuleNode.validateRule(RuleNode.scala:80)
	at com.firebase.core.namespace.rules.tree.RuleNodeParser$.$anonfun$parse$1(RuleNodeParser.scala:38)
	at scala.util.DynamicVariable.withValue(DynamicVariable.scala:62)
	at com.firebase.core.namespace.rules.tree.RuleNodeParser$.parse(RuleNodeParser.scala:29)
	at com.firebase.core.namespace.NamespaceManager.parseUntrustedRules(NamespaceManager.scala:266)
	at com.firebase.core.namespace.NamespaceManager.updateRules(NamespaceManager.scala:310)
	at com.firebase.core.namespace.NamespaceActor.$anonfun$new$5(NamespaceActor.scala:1811)
	at com.firebase.core.namespace.NamespaceActor.$anonfun$new$5$adapted(NamespaceActor.scala:1807)
	at com.firebase.util.misc.MutableProvider.$anonfun$set$1(Provider.scala:28)
	at com.firebase.util.misc.MutableProvider.$anonfun$set$1$adapted(Provider.scala:27)
	at scala.collection.immutable.HashSet$HashSet1.foreach(HashSet.scala:330)
	at scala.collection.immutable.HashSet$HashTrieSet.foreach(HashSet.scala:1104)
	at com.firebase.util.misc.MutableProvider.set(Provider.scala:27)
	at com.firebase.core.namespace.NamespaceActor.persistMetadataResult(NamespaceActor.scala:1877)
	at com.firebase.core.namespace.NamespaceActor.$anonfun$handleNewRules$1(NamespaceActor.scala:1802)
	at com.firebase.util.result.package$Result.flatMap(package.scala:59)
	at com.firebase.util.result.package$Result.flatMap$(package.scala:57)
	at com.firebase.util.result.package$Value.flatMap(package.scala:203)
	at com.firebase.core.namespace.NamespaceActor.handleNewRules(NamespaceActor.scala:1801)
	at com.firebase.core.namespace.NamespaceActor.handleAllowedAdminMessage(NamespaceActor.scala:780)
	at com.firebase.core.namespace.NamespaceActor.handleAdminMessage(NamespaceActor.scala:771)
	at com.firebase.core.namespace.NamespaceActor.$anonfun$handleEnvelope$9(NamespaceActor.scala:689)
	at scala.concurrent.Future$.$anonfun$apply$1(Future.scala:659)
	at scala.util.Success.$anonfun$map$1(Try.scala:255)
	at scala.util.Success.map(Try.scala:213)
	at scala.concurrent.Future.$anonfun$map$1(Future.scala:292)
	at scala.concurrent.impl.Promise.liftedTree1$1(Promise.scala:33)
	at scala.concurrent.impl.Promise.$anonfun$transform$1(Promise.scala:33)
	at scala.concurrent.impl.CallbackRunnable.run(Promise.scala:64)
	at com.firebase.core.util.LoggingExecutionContextExecutor.$anonfun$execute$3(LoggingExecutionContextExecutor.scala:23)
	at scala.runtime.java8.JFunction0$mcV$sp.apply(JFunction0$mcV$sp.java:23)
	at com.firebase.core.util.LoggingExecutionContextExecutor.wrapExecution(LoggingExecutionContextExecutor.scala:29)
	at com.firebase.core.util.LoggingExecutionContextExecutor.$anonfun$execute$2(LoggingExecutionContextExecutor.scala:23)
	at akka.dispatch.TaskInvocation.run(AbstractDispatcher.scala:48)
	at akka.dispatch.ForkJoinExecutorConfigurator$AkkaForkJoinTask.exec(ForkJoinExecutorConfigurator.scala:48)
	at java.base/java.util.concurrent.ForkJoinTask.doExec(ForkJoinTask.java:511)
	at java.base/java.util.concurrent.ForkJoinPool$WorkQueue.topLevelExec(ForkJoinPool.java:1450)
	at java.base/java.util.concurrent.ForkJoinPool.runWorker(ForkJoinPool.java:2019)
	at java.base/java.util.concurrent.ForkJoinWorkerThread.run(ForkJoinWorkerThread.java:187)
13:31:46.230 [FirebaseWorkerPool-1-3] WARN com.firebase.core.persistence.backend.dummy.EmulatorMetadataPersistence - Multiple projectIds are not recommended in single project mode. Requested 
namespace site-amm-test, but the emulator is configured for site-amm-test-default-rtdb. To 
opt-out of single project mode add/set the singleProjectMode: false property in 
the firebase.json emulators config. 
13:31:46.270 [NamespaceSystem-akka.actor.default-dispatcher-11] INFO com.firebase.core.namespace.NamespaceActor - site-amm-test successfully activated FBKV (SurveyIdle(0)) wait: 16ms, init: 0ms
13:31:46.317 [NamespaceSystem-blocking-namespace-operation-dispatcher-12] ERROR com.firebase.core.namespace.rules.util.ValidationContext - invalid path (users.manage) found while validating ruleset (thread: NamespaceSystem-blocking-namespace-operation-dispatcher-12)
com.firebase.core.namespace.rules.util.ExpressionValidationException: String can't contain ".", "#", "$", "/", "[", or "]"
	at com.firebase.core.namespace.rules.ast.Helpers$.validationError(Helpers.scala:29)
	at com.firebase.core.namespace.rules.util.ValidationContext.maybeValidateStringLiteralAsPath(ValidationContext.scala:59)
	at com.firebase.core.namespace.rules.ast.StringLiteral.validate(Literals.scala:51)
	at com.firebase.core.namespace.rules.ast.members.data.Child$.validate(Child.scala:15)
	at com.firebase.core.namespace.rules.ast.FunctionCall.validate(FunctionCall.scala:32)
	at com.firebase.core.namespace.rules.ast.PropertyGet.validate(PropertyGet.scala:77)
	at com.firebase.core.namespace.rules.ast.FunctionCall.validate(FunctionCall.scala:23)
	at com.firebase.core.namespace.rules.ast.Equals.validate(EqualityOperators.scala:51)
	at com.firebase.core.namespace.rules.ast.Or.validate(LogicalOperators.scala:54)
	at com.firebase.core.namespace.rules.ast.Or.validate(LogicalOperators.scala:54)
	at com.firebase.core.namespace.rules.ast.And.validate(LogicalOperators.scala:25)
	at com.firebase.core.namespace.rules.tree.RuleExpression.validate(RuleExpression.scala:76)
	at com.firebase.core.namespace.rules.tree.RuleNode.$anonfun$validateRule$1(RuleNode.scala:68)
	at com.firebase.core.namespace.rules.tree.RuleNode.$anonfun$validateRule$1$adapted(RuleNode.scala:68)
	at scala.Option.foreach(Option.scala:407)
	at com.firebase.core.namespace.rules.tree.RuleNode.validateRule(RuleNode.scala:68)
	at com.firebase.core.namespace.rules.tree.RuleNode.validateRule(RuleNode.scala:85)
	at com.firebase.core.namespace.rules.tree.RuleNode.$anonfun$validateRule$6(RuleNode.scala:81)
	at com.firebase.core.namespace.rules.tree.RuleNode.$anonfun$validateRule$6$adapted(RuleNode.scala:80)
	at scala.collection.IndexedSeqOptimized.foreach(IndexedSeqOptimized.scala:36)
	at scala.collection.IndexedSeqOptimized.foreach$(IndexedSeqOptimized.scala:33)
	at scala.collection.mutable.ArrayOps$ofRef.foreach(ArrayOps.scala:198)
	at com.firebase.core.namespace.rules.tree.RuleNode.validateRule(RuleNode.scala:80)
	at com.firebase.core.namespace.rules.tree.RuleNodeParser$.$anonfun$parse$1(RuleNodeParser.scala:38)
	at scala.util.DynamicVariable.withValue(DynamicVariable.scala:62)
	at com.firebase.core.namespace.rules.tree.RuleNodeParser$.parse(RuleNodeParser.scala:29)
	at com.firebase.core.namespace.NamespaceManager.parseUntrustedRules(NamespaceManager.scala:266)
	at com.firebase.core.namespace.NamespaceManager.validateRules(NamespaceManager.scala:288)
	at com.firebase.core.namespace.NamespaceActor.handleNewRules(NamespaceActor.scala:1801)
	at com.firebase.core.namespace.NamespaceActor.handleAllowedAdminMessage(NamespaceActor.scala:780)
	at com.firebase.core.namespace.NamespaceActor.handleAdminMessage(NamespaceActor.scala:771)
	at com.firebase.core.namespace.NamespaceActor.$anonfun$handleEnvelope$9(NamespaceActor.scala:689)
	at scala.concurrent.Future$.$anonfun$apply$1(Future.scala:659)
	at scala.util.Success.$anonfun$map$1(Try.scala:255)
	at scala.util.Success.map(Try.scala:213)
	at scala.concurrent.Future.$anonfun$map$1(Future.scala:292)
	at scala.concurrent.impl.Promise.liftedTree1$1(Promise.scala:33)
	at scala.concurrent.impl.Promise.$anonfun$transform$1(Promise.scala:33)
	at scala.concurrent.impl.CallbackRunnable.run(Promise.scala:64)
	at com.firebase.core.util.LoggingExecutionContextExecutor.$anonfun$execute$3(LoggingExecutionContextExecutor.scala:23)
	at scala.runtime.java8.JFunction0$mcV$sp.apply(JFunction0$mcV$sp.java:23)
	at com.firebase.core.util.LoggingExecutionContextExecutor.wrapExecution(LoggingExecutionContextExecutor.scala:29)
	at com.firebase.core.util.LoggingExecutionContextExecutor.$anonfun$execute$2(LoggingExecutionContextExecutor.scala:23)
	at akka.dispatch.TaskInvocation.run(AbstractDispatcher.scala:48)
	at akka.dispatch.ForkJoinExecutorConfigurator$AkkaForkJoinTask.exec(ForkJoinExecutorConfigurator.scala:48)
	at java.base/java.util.concurrent.ForkJoinTask.doExec(ForkJoinTask.java:511)
	at java.base/java.util.concurrent.ForkJoinPool$WorkQueue.topLevelExec(ForkJoinPool.java:1450)
	at java.base/java.util.concurrent.ForkJoinPool.runWorker(ForkJoinPool.java:2019)
	at java.base/java.util.concurrent.ForkJoinWorkerThread.run(ForkJoinWorkerThread.java:187)
13:31:46.321 [NamespaceSystem-blocking-namespace-operation-dispatcher-12] ERROR com.firebase.core.namespace.rules.util.ValidationContext - invalid path (users.manage) found while validating ruleset (thread: NamespaceSystem-blocking-namespace-operation-dispatcher-12)
com.firebase.core.namespace.rules.util.ExpressionValidationException: String can't contain ".", "#", "$", "/", "[", or "]"
	at com.firebase.core.namespace.rules.ast.Helpers$.validationError(Helpers.scala:29)
	at com.firebase.core.namespace.rules.util.ValidationContext.maybeValidateStringLiteralAsPath(ValidationContext.scala:59)
	at com.firebase.core.namespace.rules.ast.StringLiteral.validate(Literals.scala:51)
	at com.firebase.core.namespace.rules.ast.members.data.Child$.validate(Child.scala:15)
	at com.firebase.core.namespace.rules.ast.FunctionCall.validate(FunctionCall.scala:32)
	at com.firebase.core.namespace.rules.ast.PropertyGet.validate(PropertyGet.scala:77)
	at com.firebase.core.namespace.rules.ast.FunctionCall.validate(FunctionCall.scala:23)
	at com.firebase.core.namespace.rules.ast.Equals.validate(EqualityOperators.scala:51)
	at com.firebase.core.namespace.rules.ast.Or.validate(LogicalOperators.scala:54)
	at com.firebase.core.namespace.rules.ast.And.validate(LogicalOperators.scala:25)
	at com.firebase.core.namespace.rules.tree.RuleExpression.validate(RuleExpression.scala:76)
	at com.firebase.core.namespace.rules.tree.RuleNode.$anonfun$validateRule$2(RuleNode.scala:69)
	at com.firebase.core.namespace.rules.tree.RuleNode.$anonfun$validateRule$2$adapted(RuleNode.scala:69)
	at scala.Option.foreach(Option.scala:407)
	at com.firebase.core.namespace.rules.tree.RuleNode.validateRule(RuleNode.scala:69)
	at com.firebase.core.namespace.rules.tree.RuleNode.validateRule(RuleNode.scala:85)
	at com.firebase.core.namespace.rules.tree.RuleNode.$anonfun$validateRule$6(RuleNode.scala:81)
	at com.firebase.core.namespace.rules.tree.RuleNode.$anonfun$validateRule$6$adapted(RuleNode.scala:80)
	at scala.collection.IndexedSeqOptimized.foreach(IndexedSeqOptimized.scala:36)
	at scala.collection.IndexedSeqOptimized.foreach$(IndexedSeqOptimized.scala:33)
	at scala.collection.mutable.ArrayOps$ofRef.foreach(ArrayOps.scala:198)
	at com.firebase.core.namespace.rules.tree.RuleNode.validateRule(RuleNode.scala:80)
	at com.firebase.core.namespace.rules.tree.RuleNodeParser$.$anonfun$parse$1(RuleNodeParser.scala:38)
	at scala.util.DynamicVariable.withValue(DynamicVariable.scala:62)
	at com.firebase.core.namespace.rules.tree.RuleNodeParser$.parse(RuleNodeParser.scala:29)
	at com.firebase.core.namespace.NamespaceManager.parseUntrustedRules(NamespaceManager.scala:266)
	at com.firebase.core.namespace.NamespaceManager.validateRules(NamespaceManager.scala:288)
	at com.firebase.core.namespace.NamespaceActor.handleNewRules(NamespaceActor.scala:1801)
	at com.firebase.core.namespace.NamespaceActor.handleAllowedAdminMessage(NamespaceActor.scala:780)
	at com.firebase.core.namespace.NamespaceActor.handleAdminMessage(NamespaceActor.scala:771)
	at com.firebase.core.namespace.NamespaceActor.$anonfun$handleEnvelope$9(NamespaceActor.scala:689)
	at scala.concurrent.Future$.$anonfun$apply$1(Future.scala:659)
	at scala.util.Success.$anonfun$map$1(Try.scala:255)
	at scala.util.Success.map(Try.scala:213)
	at scala.concurrent.Future.$anonfun$map$1(Future.scala:292)
	at scala.concurrent.impl.Promise.liftedTree1$1(Promise.scala:33)
	at scala.concurrent.impl.Promise.$anonfun$transform$1(Promise.scala:33)
	at scala.concurrent.impl.CallbackRunnable.run(Promise.scala:64)
	at com.firebase.core.util.LoggingExecutionContextExecutor.$anonfun$execute$3(LoggingExecutionContextExecutor.scala:23)
	at scala.runtime.java8.JFunction0$mcV$sp.apply(JFunction0$mcV$sp.java:23)
	at com.firebase.core.util.LoggingExecutionContextExecutor.wrapExecution(LoggingExecutionContextExecutor.scala:29)
	at com.firebase.core.util.LoggingExecutionContextExecutor.$anonfun$execute$2(LoggingExecutionContextExecutor.scala:23)
	at akka.dispatch.TaskInvocation.run(AbstractDispatcher.scala:48)
	at akka.dispatch.ForkJoinExecutorConfigurator$AkkaForkJoinTask.exec(ForkJoinExecutorConfigurator.scala:48)
	at java.base/java.util.concurrent.ForkJoinTask.doExec(ForkJoinTask.java:511)
	at java.base/java.util.concurrent.ForkJoinPool$WorkQueue.topLevelExec(ForkJoinPool.java:1450)
	at java.base/java.util.concurrent.ForkJoinPool.runWorker(ForkJoinPool.java:2019)
	at java.base/java.util.concurrent.ForkJoinWorkerThread.run(ForkJoinWorkerThread.java:187)
13:31:46.325 [NamespaceSystem-blocking-namespace-operation-dispatcher-12] ERROR com.firebase.core.namespace.rules.util.ValidationContext - invalid path (users.manage) found while validating ruleset (thread: NamespaceSystem-blocking-namespace-operation-dispatcher-12)
com.firebase.core.namespace.rules.util.ExpressionValidationException: String can't contain ".", "#", "$", "/", "[", or "]"
	at com.firebase.core.namespace.rules.ast.Helpers$.validationError(Helpers.scala:29)
	at com.firebase.core.namespace.rules.util.ValidationContext.maybeValidateStringLiteralAsPath(ValidationContext.scala:59)
	at com.firebase.core.namespace.rules.ast.StringLiteral.validate(Literals.scala:51)
	at com.firebase.core.namespace.rules.ast.members.data.Child$.validate(Child.scala:15)
	at com.firebase.core.namespace.rules.ast.FunctionCall.validate(FunctionCall.scala:32)
	at com.firebase.core.namespace.rules.ast.PropertyGet.validate(PropertyGet.scala:77)
	at com.firebase.core.namespace.rules.ast.FunctionCall.validate(FunctionCall.scala:23)
	at com.firebase.core.namespace.rules.ast.Equals.validate(EqualityOperators.scala:51)
	at com.firebase.core.namespace.rules.ast.Or.validate(LogicalOperators.scala:54)
	at com.firebase.core.namespace.rules.ast.And.validate(LogicalOperators.scala:25)
	at com.firebase.core.namespace.rules.tree.RuleExpression.validate(RuleExpression.scala:76)
	at com.firebase.core.namespace.rules.tree.RuleNode.$anonfun$validateRule$1(RuleNode.scala:68)
	at com.firebase.core.namespace.rules.tree.RuleNode.$anonfun$validateRule$1$adapted(RuleNode.scala:68)
	at scala.Option.foreach(Option.scala:407)
	at com.firebase.core.namespace.rules.tree.RuleNode.validateRule(RuleNode.scala:68)
	at com.firebase.core.namespace.rules.tree.RuleNode.validateRule(RuleNode.scala:85)
	at com.firebase.core.namespace.rules.tree.RuleNode.$anonfun$validateRule$6(RuleNode.scala:81)
	at com.firebase.core.namespace.rules.tree.RuleNode.$anonfun$validateRule$6$adapted(RuleNode.scala:80)
	at scala.collection.IndexedSeqOptimized.foreach(IndexedSeqOptimized.scala:36)
	at scala.collection.IndexedSeqOptimized.foreach$(IndexedSeqOptimized.scala:33)
	at scala.collection.mutable.ArrayOps$ofRef.foreach(ArrayOps.scala:198)
	at com.firebase.core.namespace.rules.tree.RuleNode.validateRule(RuleNode.scala:80)
	at com.firebase.core.namespace.rules.tree.RuleNodeParser$.$anonfun$parse$1(RuleNodeParser.scala:38)
	at scala.util.DynamicVariable.withValue(DynamicVariable.scala:62)
	at com.firebase.core.namespace.rules.tree.RuleNodeParser$.parse(RuleNodeParser.scala:29)
	at com.firebase.core.namespace.NamespaceManager.parseUntrustedRules(NamespaceManager.scala:266)
	at com.firebase.core.namespace.NamespaceManager.validateRules(NamespaceManager.scala:288)
	at com.firebase.core.namespace.NamespaceActor.handleNewRules(NamespaceActor.scala:1801)
	at com.firebase.core.namespace.NamespaceActor.handleAllowedAdminMessage(NamespaceActor.scala:780)
	at com.firebase.core.namespace.NamespaceActor.handleAdminMessage(NamespaceActor.scala:771)
	at com.firebase.core.namespace.NamespaceActor.$anonfun$handleEnvelope$9(NamespaceActor.scala:689)
	at scala.concurrent.Future$.$anonfun$apply$1(Future.scala:659)
	at scala.util.Success.$anonfun$map$1(Try.scala:255)
	at scala.util.Success.map(Try.scala:213)
	at scala.concurrent.Future.$anonfun$map$1(Future.scala:292)
	at scala.concurrent.impl.Promise.liftedTree1$1(Promise.scala:33)
	at scala.concurrent.impl.Promise.$anonfun$transform$1(Promise.scala:33)
	at scala.concurrent.impl.CallbackRunnable.run(Promise.scala:64)
	at com.firebase.core.util.LoggingExecutionContextExecutor.$anonfun$execute$3(LoggingExecutionContextExecutor.scala:23)
	at scala.runtime.java8.JFunction0$mcV$sp.apply(JFunction0$mcV$sp.java:23)
	at com.firebase.core.util.LoggingExecutionContextExecutor.wrapExecution(LoggingExecutionContextExecutor.scala:29)
	at com.firebase.core.util.LoggingExecutionContextExecutor.$anonfun$execute$2(LoggingExecutionContextExecutor.scala:23)
	at akka.dispatch.TaskInvocation.run(AbstractDispatcher.scala:48)
	at akka.dispatch.ForkJoinExecutorConfigurator$AkkaForkJoinTask.exec(ForkJoinExecutorConfigurator.scala:48)
	at java.base/java.util.concurrent.ForkJoinTask.doExec(ForkJoinTask.java:511)
	at java.base/java.util.concurrent.ForkJoinPool$WorkQueue.topLevelExec(ForkJoinPool.java:1450)
	at java.base/java.util.concurrent.ForkJoinPool.runWorker(ForkJoinPool.java:2019)
	at java.base/java.util.concurrent.ForkJoinWorkerThread.run(ForkJoinWorkerThread.java:187)
13:31:46.327 [NamespaceSystem-blocking-namespace-operation-dispatcher-12] ERROR com.firebase.core.namespace.rules.util.ValidationContext - invalid path (users.manage) found while validating ruleset (thread: NamespaceSystem-blocking-namespace-operation-dispatcher-12)
com.firebase.core.namespace.rules.util.ExpressionValidationException: String can't contain ".", "#", "$", "/", "[", or "]"
	at com.firebase.core.namespace.rules.ast.Helpers$.validationError(Helpers.scala:29)
	at com.firebase.core.namespace.rules.util.ValidationContext.maybeValidateStringLiteralAsPath(ValidationContext.scala:59)
	at com.firebase.core.namespace.rules.ast.StringLiteral.validate(Literals.scala:51)
	at com.firebase.core.namespace.rules.ast.members.data.Child$.validate(Child.scala:15)
	at com.firebase.core.namespace.rules.ast.FunctionCall.validate(FunctionCall.scala:32)
	at com.firebase.core.namespace.rules.ast.PropertyGet.validate(PropertyGet.scala:77)
	at com.firebase.core.namespace.rules.ast.FunctionCall.validate(FunctionCall.scala:23)
	at com.firebase.core.namespace.rules.ast.Equals.validate(EqualityOperators.scala:51)
	at com.firebase.core.namespace.rules.ast.Or.validate(LogicalOperators.scala:54)
	at com.firebase.core.namespace.rules.ast.And.validate(LogicalOperators.scala:25)
	at com.firebase.core.namespace.rules.tree.RuleExpression.validate(RuleExpression.scala:76)
	at com.firebase.core.namespace.rules.tree.RuleNode.$anonfun$validateRule$2(RuleNode.scala:69)
	at com.firebase.core.namespace.rules.tree.RuleNode.$anonfun$validateRule$2$adapted(RuleNode.scala:69)
	at scala.Option.foreach(Option.scala:407)
	at com.firebase.core.namespace.rules.tree.RuleNode.validateRule(RuleNode.scala:69)
	at com.firebase.core.namespace.rules.tree.RuleNode.validateRule(RuleNode.scala:85)
	at com.firebase.core.namespace.rules.tree.RuleNode.$anonfun$validateRule$6(RuleNode.scala:81)
	at com.firebase.core.namespace.rules.tree.RuleNode.$anonfun$validateRule$6$adapted(RuleNode.scala:80)
	at scala.collection.IndexedSeqOptimized.foreach(IndexedSeqOptimized.scala:36)
	at scala.collection.IndexedSeqOptimized.foreach$(IndexedSeqOptimized.scala:33)
	at scala.collection.mutable.ArrayOps$ofRef.foreach(ArrayOps.scala:198)
	at com.firebase.core.namespace.rules.tree.RuleNode.validateRule(RuleNode.scala:80)
	at com.firebase.core.namespace.rules.tree.RuleNodeParser$.$anonfun$parse$1(RuleNodeParser.scala:38)
	at scala.util.DynamicVariable.withValue(DynamicVariable.scala:62)
	at com.firebase.core.namespace.rules.tree.RuleNodeParser$.parse(RuleNodeParser.scala:29)
	at com.firebase.core.namespace.NamespaceManager.parseUntrustedRules(NamespaceManager.scala:266)
	at com.firebase.core.namespace.NamespaceManager.validateRules(NamespaceManager.scala:288)
	at com.firebase.core.namespace.NamespaceActor.handleNewRules(NamespaceActor.scala:1801)
	at com.firebase.core.namespace.NamespaceActor.handleAllowedAdminMessage(NamespaceActor.scala:780)
	at com.firebase.core.namespace.NamespaceActor.handleAdminMessage(NamespaceActor.scala:771)
	at com.firebase.core.namespace.NamespaceActor.$anonfun$handleEnvelope$9(NamespaceActor.scala:689)
	at scala.concurrent.Future$.$anonfun$apply$1(Future.scala:659)
	at scala.util.Success.$anonfun$map$1(Try.scala:255)
	at scala.util.Success.map(Try.scala:213)
	at scala.concurrent.Future.$anonfun$map$1(Future.scala:292)
	at scala.concurrent.impl.Promise.liftedTree1$1(Promise.scala:33)
	at scala.concurrent.impl.Promise.$anonfun$transform$1(Promise.scala:33)
	at scala.concurrent.impl.CallbackRunnable.run(Promise.scala:64)
	at com.firebase.core.util.LoggingExecutionContextExecutor.$anonfun$execute$3(LoggingExecutionContextExecutor.scala:23)
	at scala.runtime.java8.JFunction0$mcV$sp.apply(JFunction0$mcV$sp.java:23)
	at com.firebase.core.util.LoggingExecutionContextExecutor.wrapExecution(LoggingExecutionContextExecutor.scala:29)
	at com.firebase.core.util.LoggingExecutionContextExecutor.$anonfun$execute$2(LoggingExecutionContextExecutor.scala:23)
	at akka.dispatch.TaskInvocation.run(AbstractDispatcher.scala:48)
	at akka.dispatch.ForkJoinExecutorConfigurator$AkkaForkJoinTask.exec(ForkJoinExecutorConfigurator.scala:48)
	at java.base/java.util.concurrent.ForkJoinTask.doExec(ForkJoinTask.java:511)
	at java.base/java.util.concurrent.ForkJoinPool$WorkQueue.topLevelExec(ForkJoinPool.java:1450)
	at java.base/java.util.concurrent.ForkJoinPool.runWorker(ForkJoinPool.java:2019)
	at java.base/java.util.concurrent.ForkJoinWorkerThread.run(ForkJoinWorkerThread.java:187)
13:31:46.329 [NamespaceSystem-blocking-namespace-operation-dispatcher-12] ERROR com.firebase.core.namespace.rules.util.ValidationContext - invalid path (audit.read) found while validating ruleset (thread: NamespaceSystem-blocking-namespace-operation-dispatcher-12)
com.firebase.core.namespace.rules.util.ExpressionValidationException: String can't contain ".", "#", "$", "/", "[", or "]"
	at com.firebase.core.namespace.rules.ast.Helpers$.validationError(Helpers.scala:29)
	at com.firebase.core.namespace.rules.util.ValidationContext.maybeValidateStringLiteralAsPath(ValidationContext.scala:59)
	at com.firebase.core.namespace.rules.ast.StringLiteral.validate(Literals.scala:51)
	at com.firebase.core.namespace.rules.ast.members.data.Child$.validate(Child.scala:15)
	at com.firebase.core.namespace.rules.ast.FunctionCall.validate(FunctionCall.scala:32)
	at com.firebase.core.namespace.rules.ast.PropertyGet.validate(PropertyGet.scala:77)
	at com.firebase.core.namespace.rules.ast.FunctionCall.validate(FunctionCall.scala:23)
	at com.firebase.core.namespace.rules.ast.Equals.validate(EqualityOperators.scala:51)
	at com.firebase.core.namespace.rules.ast.Or.validate(LogicalOperators.scala:54)
	at com.firebase.core.namespace.rules.ast.And.validate(LogicalOperators.scala:25)
	at com.firebase.core.namespace.rules.tree.RuleExpression.validate(RuleExpression.scala:76)
	at com.firebase.core.namespace.rules.tree.RuleNode.$anonfun$validateRule$1(RuleNode.scala:68)
	at com.firebase.core.namespace.rules.tree.RuleNode.$anonfun$validateRule$1$adapted(RuleNode.scala:68)
	at scala.Option.foreach(Option.scala:407)
	at com.firebase.core.namespace.rules.tree.RuleNode.validateRule(RuleNode.scala:68)
	at com.firebase.core.namespace.rules.tree.RuleNode.$anonfun$validateRule$6(RuleNode.scala:81)
	at com.firebase.core.namespace.rules.tree.RuleNode.$anonfun$validateRule$6$adapted(RuleNode.scala:80)
	at scala.collection.IndexedSeqOptimized.foreach(IndexedSeqOptimized.scala:36)
	at scala.collection.IndexedSeqOptimized.foreach$(IndexedSeqOptimized.scala:33)
	at scala.collection.mutable.ArrayOps$ofRef.foreach(ArrayOps.scala:198)
	at com.firebase.core.namespace.rules.tree.RuleNode.validateRule(RuleNode.scala:80)
	at com.firebase.core.namespace.rules.tree.RuleNodeParser$.$anonfun$parse$1(RuleNodeParser.scala:38)
	at scala.util.DynamicVariable.withValue(DynamicVariable.scala:62)
	at com.firebase.core.namespace.rules.tree.RuleNodeParser$.parse(RuleNodeParser.scala:29)
	at com.firebase.core.namespace.NamespaceManager.parseUntrustedRules(NamespaceManager.scala:266)
	at com.firebase.core.namespace.NamespaceManager.validateRules(NamespaceManager.scala:288)
	at com.firebase.core.namespace.NamespaceActor.handleNewRules(NamespaceActor.scala:1801)
	at com.firebase.core.namespace.NamespaceActor.handleAllowedAdminMessage(NamespaceActor.scala:780)
	at com.firebase.core.namespace.NamespaceActor.handleAdminMessage(NamespaceActor.scala:771)
	at com.firebase.core.namespace.NamespaceActor.$anonfun$handleEnvelope$9(NamespaceActor.scala:689)
	at scala.concurrent.Future$.$anonfun$apply$1(Future.scala:659)
	at scala.util.Success.$anonfun$map$1(Try.scala:255)
	at scala.util.Success.map(Try.scala:213)
	at scala.concurrent.Future.$anonfun$map$1(Future.scala:292)
	at scala.concurrent.impl.Promise.liftedTree1$1(Promise.scala:33)
	at scala.concurrent.impl.Promise.$anonfun$transform$1(Promise.scala:33)
	at scala.concurrent.impl.CallbackRunnable.run(Promise.scala:64)
	at com.firebase.core.util.LoggingExecutionContextExecutor.$anonfun$execute$3(LoggingExecutionContextExecutor.scala:23)
	at scala.runtime.java8.JFunction0$mcV$sp.apply(JFunction0$mcV$sp.java:23)
	at com.firebase.core.util.LoggingExecutionContextExecutor.wrapExecution(LoggingExecutionContextExecutor.scala:29)
	at com.firebase.core.util.LoggingExecutionContextExecutor.$anonfun$execute$2(LoggingExecutionContextExecutor.scala:23)
	at akka.dispatch.TaskInvocation.run(AbstractDispatcher.scala:48)
	at akka.dispatch.ForkJoinExecutorConfigurator$AkkaForkJoinTask.exec(ForkJoinExecutorConfigurator.scala:48)
	at java.base/java.util.concurrent.ForkJoinTask.doExec(ForkJoinTask.java:511)
	at java.base/java.util.concurrent.ForkJoinPool$WorkQueue.topLevelExec(ForkJoinPool.java:1450)
	at java.base/java.util.concurrent.ForkJoinPool.runWorker(ForkJoinPool.java:2019)
	at java.base/java.util.concurrent.ForkJoinWorkerThread.run(ForkJoinWorkerThread.java:187)
13:31:46.335 [NamespaceSystem-blocking-namespace-operation-dispatcher-12] ERROR com.firebase.core.namespace.rules.util.ValidationContext - invalid path (settings.manage) found while validating ruleset (thread: NamespaceSystem-blocking-namespace-operation-dispatcher-12)
com.firebase.core.namespace.rules.util.ExpressionValidationException: String can't contain ".", "#", "$", "/", "[", or "]"
	at com.firebase.core.namespace.rules.ast.Helpers$.validationError(Helpers.scala:29)
	at com.firebase.core.namespace.rules.util.ValidationContext.maybeValidateStringLiteralAsPath(ValidationContext.scala:59)
	at com.firebase.core.namespace.rules.ast.StringLiteral.validate(Literals.scala:51)
	at com.firebase.core.namespace.rules.ast.members.data.Child$.validate(Child.scala:15)
	at com.firebase.core.namespace.rules.ast.FunctionCall.validate(FunctionCall.scala:32)
	at com.firebase.core.namespace.rules.ast.PropertyGet.validate(PropertyGet.scala:77)
	at com.firebase.core.namespace.rules.ast.FunctionCall.validate(FunctionCall.scala:23)
	at com.firebase.core.namespace.rules.ast.Equals.validate(EqualityOperators.scala:51)
	at com.firebase.core.namespace.rules.ast.Or.validate(LogicalOperators.scala:54)
	at com.firebase.core.namespace.rules.ast.And.validate(LogicalOperators.scala:25)
	at com.firebase.core.namespace.rules.tree.RuleExpression.validate(RuleExpression.scala:76)
	at com.firebase.core.namespace.rules.tree.RuleNode.$anonfun$validateRule$2(RuleNode.scala:69)
	at com.firebase.core.namespace.rules.tree.RuleNode.$anonfun$validateRule$2$adapted(RuleNode.scala:69)
	at scala.Option.foreach(Option.scala:407)
	at com.firebase.core.namespace.rules.tree.RuleNode.validateRule(RuleNode.scala:69)
	at com.firebase.core.namespace.rules.tree.RuleNode.$anonfun$validateRule$6(RuleNode.scala:81)
	at com.firebase.core.namespace.rules.tree.RuleNode.$anonfun$validateRule$6$adapted(RuleNode.scala:80)
	at scala.collection.IndexedSeqOptimized.foreach(IndexedSeqOptimized.scala:36)
	at scala.collection.IndexedSeqOptimized.foreach$(IndexedSeqOptimized.scala:33)
	at scala.collection.mutable.ArrayOps$ofRef.foreach(ArrayOps.scala:198)
	at com.firebase.core.namespace.rules.tree.RuleNode.validateRule(RuleNode.scala:80)
	at com.firebase.core.namespace.rules.tree.RuleNodeParser$.$anonfun$parse$1(RuleNodeParser.scala:38)
	at scala.util.DynamicVariable.withValue(DynamicVariable.scala:62)
	at com.firebase.core.namespace.rules.tree.RuleNodeParser$.parse(RuleNodeParser.scala:29)
	at com.firebase.core.namespace.NamespaceManager.parseUntrustedRules(NamespaceManager.scala:266)
	at com.firebase.core.namespace.NamespaceManager.validateRules(NamespaceManager.scala:288)
	at com.firebase.core.namespace.NamespaceActor.handleNewRules(NamespaceActor.scala:1801)
	at com.firebase.core.namespace.NamespaceActor.handleAllowedAdminMessage(NamespaceActor.scala:780)
	at com.firebase.core.namespace.NamespaceActor.handleAdminMessage(NamespaceActor.scala:771)
	at com.firebase.core.namespace.NamespaceActor.$anonfun$handleEnvelope$9(NamespaceActor.scala:689)
	at scala.concurrent.Future$.$anonfun$apply$1(Future.scala:659)
	at scala.util.Success.$anonfun$map$1(Try.scala:255)
	at scala.util.Success.map(Try.scala:213)
	at scala.concurrent.Future.$anonfun$map$1(Future.scala:292)
	at scala.concurrent.impl.Promise.liftedTree1$1(Promise.scala:33)
	at scala.concurrent.impl.Promise.$anonfun$transform$1(Promise.scala:33)
	at scala.concurrent.impl.CallbackRunnable.run(Promise.scala:64)
	at com.firebase.core.util.LoggingExecutionContextExecutor.$anonfun$execute$3(LoggingExecutionContextExecutor.scala:23)
	at scala.runtime.java8.JFunction0$mcV$sp.apply(JFunction0$mcV$sp.java:23)
	at com.firebase.core.util.LoggingExecutionContextExecutor.wrapExecution(LoggingExecutionContextExecutor.scala:29)
	at com.firebase.core.util.LoggingExecutionContextExecutor.$anonfun$execute$2(LoggingExecutionContextExecutor.scala:23)
	at akka.dispatch.TaskInvocation.run(AbstractDispatcher.scala:48)
	at akka.dispatch.ForkJoinExecutorConfigurator$AkkaForkJoinTask.exec(ForkJoinExecutorConfigurator.scala:48)
	at java.base/java.util.concurrent.ForkJoinTask.doExec(ForkJoinTask.java:511)
	at java.base/java.util.concurrent.ForkJoinPool$WorkQueue.topLevelExec(ForkJoinPool.java:1450)
	at java.base/java.util.concurrent.ForkJoinPool.runWorker(ForkJoinPool.java:2019)
	at java.base/java.util.concurrent.ForkJoinWorkerThread.run(ForkJoinWorkerThread.java:187)
13:31:46.336 [NamespaceSystem-blocking-namespace-operation-dispatcher-12] ERROR com.firebase.core.namespace.rules.util.ValidationContext - invalid path (settings.manage) found while validating ruleset (thread: NamespaceSystem-blocking-namespace-operation-dispatcher-12)
com.firebase.core.namespace.rules.util.ExpressionValidationException: String can't contain ".", "#", "$", "/", "[", or "]"
	at com.firebase.core.namespace.rules.ast.Helpers$.validationError(Helpers.scala:29)
	at com.firebase.core.namespace.rules.util.ValidationContext.maybeValidateStringLiteralAsPath(ValidationContext.scala:59)
	at com.firebase.core.namespace.rules.ast.StringLiteral.validate(Literals.scala:51)
	at com.firebase.core.namespace.rules.ast.members.data.Child$.validate(Child.scala:15)
	at com.firebase.core.namespace.rules.ast.FunctionCall.validate(FunctionCall.scala:32)
	at com.firebase.core.namespace.rules.ast.PropertyGet.validate(PropertyGet.scala:77)
	at com.firebase.core.namespace.rules.ast.FunctionCall.validate(FunctionCall.scala:23)
	at com.firebase.core.namespace.rules.ast.Equals.validate(EqualityOperators.scala:51)
	at com.firebase.core.namespace.rules.ast.Or.validate(LogicalOperators.scala:54)
	at com.firebase.core.namespace.rules.ast.And.validate(LogicalOperators.scala:25)
	at com.firebase.core.namespace.rules.tree.RuleExpression.validate(RuleExpression.scala:76)
	at com.firebase.core.namespace.rules.tree.RuleNode.$anonfun$validateRule$1(RuleNode.scala:68)
	at com.firebase.core.namespace.rules.tree.RuleNode.$anonfun$validateRule$1$adapted(RuleNode.scala:68)
	at scala.Option.foreach(Option.scala:407)
	at com.firebase.core.namespace.rules.tree.RuleNode.validateRule(RuleNode.scala:68)
	at com.firebase.core.namespace.rules.tree.RuleNode.$anonfun$validateRule$6(RuleNode.scala:81)
	at com.firebase.core.namespace.rules.tree.RuleNode.$anonfun$validateRule$6$adapted(RuleNode.scala:80)
	at scala.collection.IndexedSeqOptimized.foreach(IndexedSeqOptimized.scala:36)
	at scala.collection.IndexedSeqOptimized.foreach$(IndexedSeqOptimized.scala:33)
	at scala.collection.mutable.ArrayOps$ofRef.foreach(ArrayOps.scala:198)
	at com.firebase.core.namespace.rules.tree.RuleNode.validateRule(RuleNode.scala:80)
	at com.firebase.core.namespace.rules.tree.RuleNodeParser$.$anonfun$parse$1(RuleNodeParser.scala:38)
	at scala.util.DynamicVariable.withValue(DynamicVariable.scala:62)
	at com.firebase.core.namespace.rules.tree.RuleNodeParser$.parse(RuleNodeParser.scala:29)
	at com.firebase.core.namespace.NamespaceManager.parseUntrustedRules(NamespaceManager.scala:266)
	at com.firebase.core.namespace.NamespaceManager.validateRules(NamespaceManager.scala:288)
	at com.firebase.core.namespace.NamespaceActor.handleNewRules(NamespaceActor.scala:1801)
	at com.firebase.core.namespace.NamespaceActor.handleAllowedAdminMessage(NamespaceActor.scala:780)
	at com.firebase.core.namespace.NamespaceActor.handleAdminMessage(NamespaceActor.scala:771)
	at com.firebase.core.namespace.NamespaceActor.$anonfun$handleEnvelope$9(NamespaceActor.scala:689)
	at scala.concurrent.Future$.$anonfun$apply$1(Future.scala:659)
	at scala.util.Success.$anonfun$map$1(Try.scala:255)
	at scala.util.Success.map(Try.scala:213)
	at scala.concurrent.Future.$anonfun$map$1(Future.scala:292)
	at scala.concurrent.impl.Promise.liftedTree1$1(Promise.scala:33)
	at scala.concurrent.impl.Promise.$anonfun$transform$1(Promise.scala:33)
	at scala.concurrent.impl.CallbackRunnable.run(Promise.scala:64)
	at com.firebase.core.util.LoggingExecutionContextExecutor.$anonfun$execute$3(LoggingExecutionContextExecutor.scala:23)
	at scala.runtime.java8.JFunction0$mcV$sp.apply(JFunction0$mcV$sp.java:23)
	at com.firebase.core.util.LoggingExecutionContextExecutor.wrapExecution(LoggingExecutionContextExecutor.scala:29)
	at com.firebase.core.util.LoggingExecutionContextExecutor.$anonfun$execute$2(LoggingExecutionContextExecutor.scala:23)
	at akka.dispatch.TaskInvocation.run(AbstractDispatcher.scala:48)
	at akka.dispatch.ForkJoinExecutorConfigurator$AkkaForkJoinTask.exec(ForkJoinExecutorConfigurator.scala:48)
	at java.base/java.util.concurrent.ForkJoinTask.doExec(ForkJoinTask.java:511)
	at java.base/java.util.concurrent.ForkJoinPool$WorkQueue.topLevelExec(ForkJoinPool.java:1450)
	at java.base/java.util.concurrent.ForkJoinPool.runWorker(ForkJoinPool.java:2019)
	at java.base/java.util.concurrent.ForkJoinWorkerThread.run(ForkJoinWorkerThread.java:187)
13:31:46.337 [NamespaceSystem-blocking-namespace-operation-dispatcher-12] ERROR com.firebase.core.namespace.rules.util.ValidationContext - invalid path (roles.manage) found while validating ruleset (thread: NamespaceSystem-blocking-namespace-operation-dispatcher-12)
com.firebase.core.namespace.rules.util.ExpressionValidationException: String can't contain ".", "#", "$", "/", "[", or "]"
	at com.firebase.core.namespace.rules.ast.Helpers$.validationError(Helpers.scala:29)
	at com.firebase.core.namespace.rules.util.ValidationContext.maybeValidateStringLiteralAsPath(ValidationContext.scala:59)
	at com.firebase.core.namespace.rules.ast.StringLiteral.validate(Literals.scala:51)
	at com.firebase.core.namespace.rules.ast.members.data.Child$.validate(Child.scala:15)
	at com.firebase.core.namespace.rules.ast.FunctionCall.validate(FunctionCall.scala:32)
	at com.firebase.core.namespace.rules.ast.PropertyGet.validate(PropertyGet.scala:77)
	at com.firebase.core.namespace.rules.ast.FunctionCall.validate(FunctionCall.scala:23)
	at com.firebase.core.namespace.rules.ast.Equals.validate(EqualityOperators.scala:51)
	at com.firebase.core.namespace.rules.ast.Or.validate(LogicalOperators.scala:54)
	at com.firebase.core.namespace.rules.ast.And.validate(LogicalOperators.scala:25)
	at com.firebase.core.namespace.rules.tree.RuleExpression.validate(RuleExpression.scala:76)
	at com.firebase.core.namespace.rules.tree.RuleNode.$anonfun$validateRule$2(RuleNode.scala:69)
	at com.firebase.core.namespace.rules.tree.RuleNode.$anonfun$validateRule$2$adapted(RuleNode.scala:69)
	at scala.Option.foreach(Option.scala:407)
	at com.firebase.core.namespace.rules.tree.RuleNode.validateRule(RuleNode.scala:69)
	at com.firebase.core.namespace.rules.tree.RuleNode.$anonfun$validateRule$6(RuleNode.scala:81)
	at com.firebase.core.namespace.rules.tree.RuleNode.$anonfun$validateRule$6$adapted(RuleNode.scala:80)
	at scala.collection.IndexedSeqOptimized.foreach(IndexedSeqOptimized.scala:36)
	at scala.collection.IndexedSeqOptimized.foreach$(IndexedSeqOptimized.scala:33)
	at scala.collection.mutable.ArrayOps$ofRef.foreach(ArrayOps.scala:198)
	at com.firebase.core.namespace.rules.tree.RuleNode.validateRule(RuleNode.scala:80)
	at com.firebase.core.namespace.rules.tree.RuleNodeParser$.$anonfun$parse$1(RuleNodeParser.scala:38)
	at scala.util.DynamicVariable.withValue(DynamicVariable.scala:62)
	at com.firebase.core.namespace.rules.tree.RuleNodeParser$.parse(RuleNodeParser.scala:29)
	at com.firebase.core.namespace.NamespaceManager.parseUntrustedRules(NamespaceManager.scala:266)
	at com.firebase.core.namespace.NamespaceManager.validateRules(NamespaceManager.scala:288)
	at com.firebase.core.namespace.NamespaceActor.handleNewRules(NamespaceActor.scala:1801)
	at com.firebase.core.namespace.NamespaceActor.handleAllowedAdminMessage(NamespaceActor.scala:780)
	at com.firebase.core.namespace.NamespaceActor.handleAdminMessage(NamespaceActor.scala:771)
	at com.firebase.core.namespace.NamespaceActor.$anonfun$handleEnvelope$9(NamespaceActor.scala:689)
	at scala.concurrent.Future$.$anonfun$apply$1(Future.scala:659)
	at scala.util.Success.$anonfun$map$1(Try.scala:255)
	at scala.util.Success.map(Try.scala:213)
	at scala.concurrent.Future.$anonfun$map$1(Future.scala:292)
	at scala.concurrent.impl.Promise.liftedTree1$1(Promise.scala:33)
	at scala.concurrent.impl.Promise.$anonfun$transform$1(Promise.scala:33)
	at scala.concurrent.impl.CallbackRunnable.run(Promise.scala:64)
	at com.firebase.core.util.LoggingExecutionContextExecutor.$anonfun$execute$3(LoggingExecutionContextExecutor.scala:23)
	at scala.runtime.java8.JFunction0$mcV$sp.apply(JFunction0$mcV$sp.java:23)
	at com.firebase.core.util.LoggingExecutionContextExecutor.wrapExecution(LoggingExecutionContextExecutor.scala:29)
	at com.firebase.core.util.LoggingExecutionContextExecutor.$anonfun$execute$2(LoggingExecutionContextExecutor.scala:23)
	at akka.dispatch.TaskInvocation.run(AbstractDispatcher.scala:48)
	at akka.dispatch.ForkJoinExecutorConfigurator$AkkaForkJoinTask.exec(ForkJoinExecutorConfigurator.scala:48)
	at java.base/java.util.concurrent.ForkJoinTask.doExec(ForkJoinTask.java:511)
	at java.base/java.util.concurrent.ForkJoinPool$WorkQueue.topLevelExec(ForkJoinPool.java:1450)
	at java.base/java.util.concurrent.ForkJoinPool.runWorker(ForkJoinPool.java:2019)
	at java.base/java.util.concurrent.ForkJoinWorkerThread.run(ForkJoinWorkerThread.java:187)
13:31:46.339 [NamespaceSystem-blocking-namespace-operation-dispatcher-12] ERROR com.firebase.core.namespace.rules.util.ValidationContext - invalid path (roles.manage) found while validating ruleset (thread: NamespaceSystem-blocking-namespace-operation-dispatcher-12)
com.firebase.core.namespace.rules.util.ExpressionValidationException: String can't contain ".", "#", "$", "/", "[", or "]"
	at com.firebase.core.namespace.rules.ast.Helpers$.validationError(Helpers.scala:29)
	at com.firebase.core.namespace.rules.util.ValidationContext.maybeValidateStringLiteralAsPath(ValidationContext.scala:59)
	at com.firebase.core.namespace.rules.ast.StringLiteral.validate(Literals.scala:51)
	at com.firebase.core.namespace.rules.ast.members.data.Child$.validate(Child.scala:15)
	at com.firebase.core.namespace.rules.ast.FunctionCall.validate(FunctionCall.scala:32)
	at com.firebase.core.namespace.rules.ast.PropertyGet.validate(PropertyGet.scala:77)
	at com.firebase.core.namespace.rules.ast.FunctionCall.validate(FunctionCall.scala:23)
	at com.firebase.core.namespace.rules.ast.Equals.validate(EqualityOperators.scala:51)
	at com.firebase.core.namespace.rules.ast.Or.validate(LogicalOperators.scala:54)
	at com.firebase.core.namespace.rules.ast.And.validate(LogicalOperators.scala:25)
	at com.firebase.core.namespace.rules.tree.RuleExpression.validate(RuleExpression.scala:76)
	at com.firebase.core.namespace.rules.tree.RuleNode.$anonfun$validateRule$2(RuleNode.scala:69)
	at com.firebase.core.namespace.rules.tree.RuleNode.$anonfun$validateRule$2$adapted(RuleNode.scala:69)
	at scala.Option.foreach(Option.scala:407)
	at com.firebase.core.namespace.rules.tree.RuleNode.validateRule(RuleNode.scala:69)
	at com.firebase.core.namespace.rules.tree.RuleNode.$anonfun$validateRule$6(RuleNode.scala:81)
	at com.firebase.core.namespace.rules.tree.RuleNode.$anonfun$validateRule$6$adapted(RuleNode.scala:80)
	at scala.collection.IndexedSeqOptimized.foreach(IndexedSeqOptimized.scala:36)
	at scala.collection.IndexedSeqOptimized.foreach$(IndexedSeqOptimized.scala:33)
	at scala.collection.mutable.ArrayOps$ofRef.foreach(ArrayOps.scala:198)
	at com.firebase.core.namespace.rules.tree.RuleNode.validateRule(RuleNode.scala:80)
	at com.firebase.core.namespace.rules.tree.RuleNodeParser$.$anonfun$parse$1(RuleNodeParser.scala:38)
	at scala.util.DynamicVariable.withValue(DynamicVariable.scala:62)
	at com.firebase.core.namespace.rules.tree.RuleNodeParser$.parse(RuleNodeParser.scala:29)
	at com.firebase.core.namespace.NamespaceManager.parseUntrustedRules(NamespaceManager.scala:266)
	at com.firebase.core.namespace.NamespaceManager.validateRules(NamespaceManager.scala:288)
	at com.firebase.core.namespace.NamespaceActor.handleNewRules(NamespaceActor.scala:1801)
	at com.firebase.core.namespace.NamespaceActor.handleAllowedAdminMessage(NamespaceActor.scala:780)
	at com.firebase.core.namespace.NamespaceActor.handleAdminMessage(NamespaceActor.scala:771)
	at com.firebase.core.namespace.NamespaceActor.$anonfun$handleEnvelope$9(NamespaceActor.scala:689)
	at scala.concurrent.Future$.$anonfun$apply$1(Future.scala:659)
	at scala.util.Success.$anonfun$map$1(Try.scala:255)
	at scala.util.Success.map(Try.scala:213)
	at scala.concurrent.Future.$anonfun$map$1(Future.scala:292)
	at scala.concurrent.impl.Promise.liftedTree1$1(Promise.scala:33)
	at scala.concurrent.impl.Promise.$anonfun$transform$1(Promise.scala:33)
	at scala.concurrent.impl.CallbackRunnable.run(Promise.scala:64)
	at com.firebase.core.util.LoggingExecutionContextExecutor.$anonfun$execute$3(LoggingExecutionContextExecutor.scala:23)
	at scala.runtime.java8.JFunction0$mcV$sp.apply(JFunction0$mcV$sp.java:23)
	at com.firebase.core.util.LoggingExecutionContextExecutor.wrapExecution(LoggingExecutionContextExecutor.scala:29)
	at com.firebase.core.util.LoggingExecutionContextExecutor.$anonfun$execute$2(LoggingExecutionContextExecutor.scala:23)
	at akka.dispatch.TaskInvocation.run(AbstractDispatcher.scala:48)
	at akka.dispatch.ForkJoinExecutorConfigurator$AkkaForkJoinTask.exec(ForkJoinExecutorConfigurator.scala:48)
	at java.base/java.util.concurrent.ForkJoinTask.doExec(ForkJoinTask.java:511)
	at java.base/java.util.concurrent.ForkJoinPool$WorkQueue.topLevelExec(ForkJoinPool.java:1450)
	at java.base/java.util.concurrent.ForkJoinPool.runWorker(ForkJoinPool.java:2019)
	at java.base/java.util.concurrent.ForkJoinWorkerThread.run(ForkJoinWorkerThread.java:187)
13:31:46.340 [NamespaceSystem-blocking-namespace-operation-dispatcher-12] ERROR com.firebase.core.namespace.rules.util.ValidationContext - invalid path (roles.manage) found while validating ruleset (thread: NamespaceSystem-blocking-namespace-operation-dispatcher-12)
com.firebase.core.namespace.rules.util.ExpressionValidationException: String can't contain ".", "#", "$", "/", "[", or "]"
	at com.firebase.core.namespace.rules.ast.Helpers$.validationError(Helpers.scala:29)
	at com.firebase.core.namespace.rules.util.ValidationContext.maybeValidateStringLiteralAsPath(ValidationContext.scala:59)
	at com.firebase.core.namespace.rules.ast.StringLiteral.validate(Literals.scala:51)
	at com.firebase.core.namespace.rules.ast.members.data.Child$.validate(Child.scala:15)
	at com.firebase.core.namespace.rules.ast.FunctionCall.validate(FunctionCall.scala:32)
	at com.firebase.core.namespace.rules.ast.PropertyGet.validate(PropertyGet.scala:77)
	at com.firebase.core.namespace.rules.ast.FunctionCall.validate(FunctionCall.scala:23)
	at com.firebase.core.namespace.rules.ast.Equals.validate(EqualityOperators.scala:51)
	at com.firebase.core.namespace.rules.ast.Or.validate(LogicalOperators.scala:54)
	at com.firebase.core.namespace.rules.ast.And.validate(LogicalOperators.scala:25)
	at com.firebase.core.namespace.rules.tree.RuleExpression.validate(RuleExpression.scala:76)
	at com.firebase.core.namespace.rules.tree.RuleNode.$anonfun$validateRule$2(RuleNode.scala:69)
	at com.firebase.core.namespace.rules.tree.RuleNode.$anonfun$validateRule$2$adapted(RuleNode.scala:69)
	at scala.Option.foreach(Option.scala:407)
	at com.firebase.core.namespace.rules.tree.RuleNode.validateRule(RuleNode.scala:69)
	at com.firebase.core.namespace.rules.tree.RuleNode.$anonfun$validateRule$6(RuleNode.scala:81)
	at com.firebase.core.namespace.rules.tree.RuleNode.$anonfun$validateRule$6$adapted(RuleNode.scala:80)
	at scala.collection.IndexedSeqOptimized.foreach(IndexedSeqOptimized.scala:36)
	at scala.collection.IndexedSeqOptimized.foreach$(IndexedSeqOptimized.scala:33)
	at scala.collection.mutable.ArrayOps$ofRef.foreach(ArrayOps.scala:198)
	at com.firebase.core.namespace.rules.tree.RuleNode.validateRule(RuleNode.scala:80)
	at com.firebase.core.namespace.rules.tree.RuleNodeParser$.$anonfun$parse$1(RuleNodeParser.scala:38)
	at scala.util.DynamicVariable.withValue(DynamicVariable.scala:62)
	at com.firebase.core.namespace.rules.tree.RuleNodeParser$.parse(RuleNodeParser.scala:29)
	at com.firebase.core.namespace.NamespaceManager.parseUntrustedRules(NamespaceManager.scala:266)
	at com.firebase.core.namespace.NamespaceManager.validateRules(NamespaceManager.scala:288)
	at com.firebase.core.namespace.NamespaceActor.handleNewRules(NamespaceActor.scala:1801)
	at com.firebase.core.namespace.NamespaceActor.handleAllowedAdminMessage(NamespaceActor.scala:780)
	at com.firebase.core.namespace.NamespaceActor.handleAdminMessage(NamespaceActor.scala:771)
	at com.firebase.core.namespace.NamespaceActor.$anonfun$handleEnvelope$9(NamespaceActor.scala:689)
	at scala.concurrent.Future$.$anonfun$apply$1(Future.scala:659)
	at scala.util.Success.$anonfun$map$1(Try.scala:255)
	at scala.util.Success.map(Try.scala:213)
	at scala.concurrent.Future.$anonfun$map$1(Future.scala:292)
	at scala.concurrent.impl.Promise.liftedTree1$1(Promise.scala:33)
	at scala.concurrent.impl.Promise.$anonfun$transform$1(Promise.scala:33)
	at scala.concurrent.impl.CallbackRunnable.run(Promise.scala:64)
	at com.firebase.core.util.LoggingExecutionContextExecutor.$anonfun$execute$3(LoggingExecutionContextExecutor.scala:23)
	at scala.runtime.java8.JFunction0$mcV$sp.apply(JFunction0$mcV$sp.java:23)
	at com.firebase.core.util.LoggingExecutionContextExecutor.wrapExecution(LoggingExecutionContextExecutor.scala:29)
	at com.firebase.core.util.LoggingExecutionContextExecutor.$anonfun$execute$2(LoggingExecutionContextExecutor.scala:23)
	at akka.dispatch.TaskInvocation.run(AbstractDispatcher.scala:48)
	at akka.dispatch.ForkJoinExecutorConfigurator$AkkaForkJoinTask.exec(ForkJoinExecutorConfigurator.scala:48)
	at java.base/java.util.concurrent.ForkJoinTask.doExec(ForkJoinTask.java:511)
	at java.base/java.util.concurrent.ForkJoinPool$WorkQueue.topLevelExec(ForkJoinPool.java:1450)
	at java.base/java.util.concurrent.ForkJoinPool.runWorker(ForkJoinPool.java:2019)
	at java.base/java.util.concurrent.ForkJoinWorkerThread.run(ForkJoinWorkerThread.java:187)
13:31:46.340 [NamespaceSystem-blocking-namespace-operation-dispatcher-12] ERROR com.firebase.core.namespace.rules.util.ValidationContext - invalid path (rh.read) found while validating ruleset (thread: NamespaceSystem-blocking-namespace-operation-dispatcher-12)
com.firebase.core.namespace.rules.util.ExpressionValidationException: String can't contain ".", "#", "$", "/", "[", or "]"
	at com.firebase.core.namespace.rules.ast.Helpers$.validationError(Helpers.scala:29)
	at com.firebase.core.namespace.rules.util.ValidationContext.maybeValidateStringLiteralAsPath(ValidationContext.scala:59)
	at com.firebase.core.namespace.rules.ast.StringLiteral.validate(Literals.scala:51)
	at com.firebase.core.namespace.rules.ast.members.data.Child$.validate(Child.scala:15)
	at com.firebase.core.namespace.rules.ast.FunctionCall.validate(FunctionCall.scala:32)
	at com.firebase.core.namespace.rules.ast.PropertyGet.validate(PropertyGet.scala:77)
	at com.firebase.core.namespace.rules.ast.FunctionCall.validate(FunctionCall.scala:23)
	at com.firebase.core.namespace.rules.ast.Equals.validate(EqualityOperators.scala:51)
	at com.firebase.core.namespace.rules.ast.Or.validate(LogicalOperators.scala:53)
	at com.firebase.core.namespace.rules.ast.And.validate(LogicalOperators.scala:25)
	at com.firebase.core.namespace.rules.tree.RuleExpression.validate(RuleExpression.scala:76)
	at com.firebase.core.namespace.rules.tree.RuleNode.$anonfun$validateRule$1(RuleNode.scala:68)
	at com.firebase.core.namespace.rules.tree.RuleNode.$anonfun$validateRule$1$adapted(RuleNode.scala:68)
	at scala.Option.foreach(Option.scala:407)
	at com.firebase.core.namespace.rules.tree.RuleNode.validateRule(RuleNode.scala:68)
	at com.firebase.core.namespace.rules.tree.RuleNode.validateRule(RuleNode.scala:85)
	at com.firebase.core.namespace.rules.tree.RuleNode.$anonfun$validateRule$6(RuleNode.scala:81)
	at com.firebase.core.namespace.rules.tree.RuleNode.$anonfun$validateRule$6$adapted(RuleNode.scala:80)
	at scala.collection.IndexedSeqOptimized.foreach(IndexedSeqOptimized.scala:36)
	at scala.collection.IndexedSeqOptimized.foreach$(IndexedSeqOptimized.scala:33)
	at scala.collection.mutable.ArrayOps$ofRef.foreach(ArrayOps.scala:198)
	at com.firebase.core.namespace.rules.tree.RuleNode.validateRule(RuleNode.scala:80)
	at com.firebase.core.namespace.rules.tree.RuleNodeParser$.$anonfun$parse$1(RuleNodeParser.scala:38)
	at scala.util.DynamicVariable.withValue(DynamicVariable.scala:62)
	at com.firebase.core.namespace.rules.tree.RuleNodeParser$.parse(RuleNodeParser.scala:29)
	at com.firebase.core.namespace.NamespaceManager.parseUntrustedRules(NamespaceManager.scala:266)
	at com.firebase.core.namespace.NamespaceManager.validateRules(NamespaceManager.scala:288)
	at com.firebase.core.namespace.NamespaceActor.handleNewRules(NamespaceActor.scala:1801)
	at com.firebase.core.namespace.NamespaceActor.handleAllowedAdminMessage(NamespaceActor.scala:780)
	at com.firebase.core.namespace.NamespaceActor.handleAdminMessage(NamespaceActor.scala:771)
	at com.firebase.core.namespace.NamespaceActor.$anonfun$handleEnvelope$9(NamespaceActor.scala:689)
	at scala.concurrent.Future$.$anonfun$apply$1(Future.scala:659)
	at scala.util.Success.$anonfun$map$1(Try.scala:255)
	at scala.util.Success.map(Try.scala:213)
	at scala.concurrent.Future.$anonfun$map$1(Future.scala:292)
	at scala.concurrent.impl.Promise.liftedTree1$1(Promise.scala:33)
	at scala.concurrent.impl.Promise.$anonfun$transform$1(Promise.scala:33)
	at scala.concurrent.impl.CallbackRunnable.run(Promise.scala:64)
	at com.firebase.core.util.LoggingExecutionContextExecutor.$anonfun$execute$3(LoggingExecutionContextExecutor.scala:23)
	at scala.runtime.java8.JFunction0$mcV$sp.apply(JFunction0$mcV$sp.java:23)
	at com.firebase.core.util.LoggingExecutionContextExecutor.wrapExecution(LoggingExecutionContextExecutor.scala:29)
	at com.firebase.core.util.LoggingExecutionContextExecutor.$anonfun$execute$2(LoggingExecutionContextExecutor.scala:23)
	at akka.dispatch.TaskInvocation.run(AbstractDispatcher.scala:48)
	at akka.dispatch.ForkJoinExecutorConfigurator$AkkaForkJoinTask.exec(ForkJoinExecutorConfigurator.scala:48)
	at java.base/java.util.concurrent.ForkJoinTask.doExec(ForkJoinTask.java:511)
	at java.base/java.util.concurrent.ForkJoinPool$WorkQueue.topLevelExec(ForkJoinPool.java:1450)
	at java.base/java.util.concurrent.ForkJoinPool.runWorker(ForkJoinPool.java:2019)
	at java.base/java.util.concurrent.ForkJoinWorkerThread.run(ForkJoinWorkerThread.java:187)
13:31:46.343 [NamespaceSystem-blocking-namespace-operation-dispatcher-12] ERROR com.firebase.core.namespace.rules.util.ValidationContext - invalid path (rh.update) found while validating ruleset (thread: NamespaceSystem-blocking-namespace-operation-dispatcher-12)
com.firebase.core.namespace.rules.util.ExpressionValidationException: String can't contain ".", "#", "$", "/", "[", or "]"
	at com.firebase.core.namespace.rules.ast.Helpers$.validationError(Helpers.scala:29)
	at com.firebase.core.namespace.rules.util.ValidationContext.maybeValidateStringLiteralAsPath(ValidationContext.scala:59)
	at com.firebase.core.namespace.rules.ast.StringLiteral.validate(Literals.scala:51)
	at com.firebase.core.namespace.rules.ast.members.data.Child$.validate(Child.scala:15)
	at com.firebase.core.namespace.rules.ast.FunctionCall.validate(FunctionCall.scala:32)
	at com.firebase.core.namespace.rules.ast.PropertyGet.validate(PropertyGet.scala:77)
	at com.firebase.core.namespace.rules.ast.FunctionCall.validate(FunctionCall.scala:23)
	at com.firebase.core.namespace.rules.ast.Equals.validate(EqualityOperators.scala:51)
	at com.firebase.core.namespace.rules.ast.Or.validate(LogicalOperators.scala:53)
	at com.firebase.core.namespace.rules.ast.And.validate(LogicalOperators.scala:25)
	at com.firebase.core.namespace.rules.tree.RuleExpression.validate(RuleExpression.scala:76)
	at com.firebase.core.namespace.rules.tree.RuleNode.$anonfun$validateRule$2(RuleNode.scala:69)
	at com.firebase.core.namespace.rules.tree.RuleNode.$anonfun$validateRule$2$adapted(RuleNode.scala:69)
	at scala.Option.foreach(Option.scala:407)
	at com.firebase.core.namespace.rules.tree.RuleNode.validateRule(RuleNode.scala:69)
	at com.firebase.core.namespace.rules.tree.RuleNode.validateRule(RuleNode.scala:85)
	at com.firebase.core.namespace.rules.tree.RuleNode.$anonfun$validateRule$6(RuleNode.scala:81)
	at com.firebase.core.namespace.rules.tree.RuleNode.$anonfun$validateRule$6$adapted(RuleNode.scala:80)
	at scala.collection.IndexedSeqOptimized.foreach(IndexedSeqOptimized.scala:36)
	at scala.collection.IndexedSeqOptimized.foreach$(IndexedSeqOptimized.scala:33)
	at scala.collection.mutable.ArrayOps$ofRef.foreach(ArrayOps.scala:198)
	at com.firebase.core.namespace.rules.tree.RuleNode.validateRule(RuleNode.scala:80)
	at com.firebase.core.namespace.rules.tree.RuleNodeParser$.$anonfun$parse$1(RuleNodeParser.scala:38)
	at scala.util.DynamicVariable.withValue(DynamicVariable.scala:62)
	at com.firebase.core.namespace.rules.tree.RuleNodeParser$.parse(RuleNodeParser.scala:29)
	at com.firebase.core.namespace.NamespaceManager.parseUntrustedRules(NamespaceManager.scala:266)
	at com.firebase.core.namespace.NamespaceManager.validateRules(NamespaceManager.scala:288)
	at com.firebase.core.namespace.NamespaceActor.handleNewRules(NamespaceActor.scala:1801)
	at com.firebase.core.namespace.NamespaceActor.handleAllowedAdminMessage(NamespaceActor.scala:780)
	at com.firebase.core.namespace.NamespaceActor.handleAdminMessage(NamespaceActor.scala:771)
	at com.firebase.core.namespace.NamespaceActor.$anonfun$handleEnvelope$9(NamespaceActor.scala:689)
	at scala.concurrent.Future$.$anonfun$apply$1(Future.scala:659)
	at scala.util.Success.$anonfun$map$1(Try.scala:255)
	at scala.util.Success.map(Try.scala:213)
	at scala.concurrent.Future.$anonfun$map$1(Future.scala:292)
	at scala.concurrent.impl.Promise.liftedTree1$1(Promise.scala:33)
	at scala.concurrent.impl.Promise.$anonfun$transform$1(Promise.scala:33)
	at scala.concurrent.impl.CallbackRunnable.run(Promise.scala:64)
	at com.firebase.core.util.LoggingExecutionContextExecutor.$anonfun$execute$3(LoggingExecutionContextExecutor.scala:23)
	at scala.runtime.java8.JFunction0$mcV$sp.apply(JFunction0$mcV$sp.java:23)
	at com.firebase.core.util.LoggingExecutionContextExecutor.wrapExecution(LoggingExecutionContextExecutor.scala:29)
	at com.firebase.core.util.LoggingExecutionContextExecutor.$anonfun$execute$2(LoggingExecutionContextExecutor.scala:23)
	at akka.dispatch.TaskInvocation.run(AbstractDispatcher.scala:48)
	at akka.dispatch.ForkJoinExecutorConfigurator$AkkaForkJoinTask.exec(ForkJoinExecutorConfigurator.scala:48)
	at java.base/java.util.concurrent.ForkJoinTask.doExec(ForkJoinTask.java:511)
	at java.base/java.util.concurrent.ForkJoinPool$WorkQueue.topLevelExec(ForkJoinPool.java:1450)
	at java.base/java.util.concurrent.ForkJoinPool.runWorker(ForkJoinPool.java:2019)
	at java.base/java.util.concurrent.ForkJoinWorkerThread.run(ForkJoinWorkerThread.java:187)
13:31:46.344 [NamespaceSystem-blocking-namespace-operation-dispatcher-12] ERROR com.firebase.core.namespace.rules.util.ValidationContext - invalid path (rh.read) found while validating ruleset (thread: NamespaceSystem-blocking-namespace-operation-dispatcher-12)
com.firebase.core.namespace.rules.util.ExpressionValidationException: String can't contain ".", "#", "$", "/", "[", or "]"
	at com.firebase.core.namespace.rules.ast.Helpers$.validationError(Helpers.scala:29)
	at com.firebase.core.namespace.rules.util.ValidationContext.maybeValidateStringLiteralAsPath(ValidationContext.scala:59)
	at com.firebase.core.namespace.rules.ast.StringLiteral.validate(Literals.scala:51)
	at com.firebase.core.namespace.rules.ast.members.data.Child$.validate(Child.scala:15)
	at com.firebase.core.namespace.rules.ast.FunctionCall.validate(FunctionCall.scala:32)
	at com.firebase.core.namespace.rules.ast.PropertyGet.validate(PropertyGet.scala:77)
	at com.firebase.core.namespace.rules.ast.FunctionCall.validate(FunctionCall.scala:23)
	at com.firebase.core.namespace.rules.ast.Equals.validate(EqualityOperators.scala:51)
	at com.firebase.core.namespace.rules.ast.Or.validate(LogicalOperators.scala:53)
	at com.firebase.core.namespace.rules.ast.And.validate(LogicalOperators.scala:25)
	at com.firebase.core.namespace.rules.tree.RuleExpression.validate(RuleExpression.scala:76)
	at com.firebase.core.namespace.rules.tree.RuleNode.$anonfun$validateRule$1(RuleNode.scala:68)
	at com.firebase.core.namespace.rules.tree.RuleNode.$anonfun$validateRule$1$adapted(RuleNode.scala:68)
	at scala.Option.foreach(Option.scala:407)
	at com.firebase.core.namespace.rules.tree.RuleNode.validateRule(RuleNode.scala:68)
	at com.firebase.core.namespace.rules.tree.RuleNode.$anonfun$validateRule$6(RuleNode.scala:81)
	at com.firebase.core.namespace.rules.tree.RuleNode.$anonfun$validateRule$6$adapted(RuleNode.scala:80)
	at scala.collection.IndexedSeqOptimized.foreach(IndexedSeqOptimized.scala:36)
	at scala.collection.IndexedSeqOptimized.foreach$(IndexedSeqOptimized.scala:33)
	at scala.collection.mutable.ArrayOps$ofRef.foreach(ArrayOps.scala:198)
	at com.firebase.core.namespace.rules.tree.RuleNode.validateRule(RuleNode.scala:80)
	at com.firebase.core.namespace.rules.tree.RuleNode.validateRule(RuleNode.scala:85)
	at com.firebase.core.namespace.rules.tree.RuleNode.$anonfun$validateRule$6(RuleNode.scala:81)
	at com.firebase.core.namespace.rules.tree.RuleNode.$anonfun$validateRule$6$adapted(RuleNode.scala:80)
	at scala.collection.IndexedSeqOptimized.foreach(IndexedSeqOptimized.scala:36)
	at scala.collection.IndexedSeqOptimized.foreach$(IndexedSeqOptimized.scala:33)
	at scala.collection.mutable.ArrayOps$ofRef.foreach(ArrayOps.scala:198)
	at com.firebase.core.namespace.rules.tree.RuleNode.validateRule(RuleNode.scala:80)
	at com.firebase.core.namespace.rules.tree.RuleNodeParser$.$anonfun$parse$1(RuleNodeParser.scala:38)
	at scala.util.DynamicVariable.withValue(DynamicVariable.scala:62)
	at com.firebase.core.namespace.rules.tree.RuleNodeParser$.parse(RuleNodeParser.scala:29)
	at com.firebase.core.namespace.NamespaceManager.parseUntrustedRules(NamespaceManager.scala:266)
	at com.firebase.core.namespace.NamespaceManager.validateRules(NamespaceManager.scala:288)
	at com.firebase.core.namespace.NamespaceActor.handleNewRules(NamespaceActor.scala:1801)
	at com.firebase.core.namespace.NamespaceActor.handleAllowedAdminMessage(NamespaceActor.scala:780)
	at com.firebase.core.namespace.NamespaceActor.handleAdminMessage(NamespaceActor.scala:771)
	at com.firebase.core.namespace.NamespaceActor.$anonfun$handleEnvelope$9(NamespaceActor.scala:689)
	at scala.concurrent.Future$.$anonfun$apply$1(Future.scala:659)
	at scala.util.Success.$anonfun$map$1(Try.scala:255)
	at scala.util.Success.map(Try.scala:213)
	at scala.concurrent.Future.$anonfun$map$1(Future.scala:292)
	at scala.concurrent.impl.Promise.liftedTree1$1(Promise.scala:33)
	at scala.concurrent.impl.Promise.$anonfun$transform$1(Promise.scala:33)
	at scala.concurrent.impl.CallbackRunnable.run(Promise.scala:64)
	at com.firebase.core.util.LoggingExecutionContextExecutor.$anonfun$execute$3(LoggingExecutionContextExecutor.scala:23)
	at scala.runtime.java8.JFunction0$mcV$sp.apply(JFunction0$mcV$sp.java:23)
	at com.firebase.core.util.LoggingExecutionContextExecutor.wrapExecution(LoggingExecutionContextExecutor.scala:29)
	at com.firebase.core.util.LoggingExecutionContextExecutor.$anonfun$execute$2(LoggingExecutionContextExecutor.scala:23)
	at akka.dispatch.TaskInvocation.run(AbstractDispatcher.scala:48)
	at akka.dispatch.ForkJoinExecutorConfigurator$AkkaForkJoinTask.exec(ForkJoinExecutorConfigurator.scala:48)
	at java.base/java.util.concurrent.ForkJoinTask.doExec(ForkJoinTask.java:511)
	at java.base/java.util.concurrent.ForkJoinPool$WorkQueue.topLevelExec(ForkJoinPool.java:1450)
	at java.base/java.util.concurrent.ForkJoinPool.runWorker(ForkJoinPool.java:2019)
	at java.base/java.util.concurrent.ForkJoinWorkerThread.run(ForkJoinWorkerThread.java:187)
13:31:46.348 [NamespaceSystem-blocking-namespace-operation-dispatcher-12] ERROR com.firebase.core.namespace.rules.util.ValidationContext - invalid path (attendance.read) found while validating ruleset (thread: NamespaceSystem-blocking-namespace-operation-dispatcher-12)
com.firebase.core.namespace.rules.util.ExpressionValidationException: String can't contain ".", "#", "$", "/", "[", or "]"
	at com.firebase.core.namespace.rules.ast.Helpers$.validationError(Helpers.scala:29)
	at com.firebase.core.namespace.rules.util.ValidationContext.maybeValidateStringLiteralAsPath(ValidationContext.scala:59)
	at com.firebase.core.namespace.rules.ast.StringLiteral.validate(Literals.scala:51)
	at com.firebase.core.namespace.rules.ast.members.data.Child$.validate(Child.scala:15)
	at com.firebase.core.namespace.rules.ast.FunctionCall.validate(FunctionCall.scala:32)
	at com.firebase.core.namespace.rules.ast.PropertyGet.validate(PropertyGet.scala:77)
	at com.firebase.core.namespace.rules.ast.FunctionCall.validate(FunctionCall.scala:23)
	at com.firebase.core.namespace.rules.ast.Equals.validate(EqualityOperators.scala:51)
	at com.firebase.core.namespace.rules.ast.Or.validate(LogicalOperators.scala:53)
	at com.firebase.core.namespace.rules.ast.Or.validate(LogicalOperators.scala:54)
	at com.firebase.core.namespace.rules.ast.And.validate(LogicalOperators.scala:25)
	at com.firebase.core.namespace.rules.tree.RuleExpression.validate(RuleExpression.scala:76)
	at com.firebase.core.namespace.rules.tree.RuleNode.$anonfun$validateRule$1(RuleNode.scala:68)
	at com.firebase.core.namespace.rules.tree.RuleNode.$anonfun$validateRule$1$adapted(RuleNode.scala:68)
	at scala.Option.foreach(Option.scala:407)
	at com.firebase.core.namespace.rules.tree.RuleNode.validateRule(RuleNode.scala:68)
	at com.firebase.core.namespace.rules.tree.RuleNode.validateRule(RuleNode.scala:85)
	at com.firebase.core.namespace.rules.tree.RuleNode.$anonfun$validateRule$6(RuleNode.scala:81)
	at com.firebase.core.namespace.rules.tree.RuleNode.$anonfun$validateRule$6$adapted(RuleNode.scala:80)
	at scala.collection.IndexedSeqOptimized.foreach(IndexedSeqOptimized.scala:36)
	at scala.collection.IndexedSeqOptimized.foreach$(IndexedSeqOptimized.scala:33)
	at scala.collection.mutable.ArrayOps$ofRef.foreach(ArrayOps.scala:198)
	at com.firebase.core.namespace.rules.tree.RuleNode.validateRule(RuleNode.scala:80)
	at com.firebase.core.namespace.rules.tree.RuleNodeParser$.$anonfun$parse$1(RuleNodeParser.scala:38)
	at scala.util.DynamicVariable.withValue(DynamicVariable.scala:62)
	at com.firebase.core.namespace.rules.tree.RuleNodeParser$.parse(RuleNodeParser.scala:29)
	at com.firebase.core.namespace.NamespaceManager.parseUntrustedRules(NamespaceManager.scala:266)
	at com.firebase.core.namespace.NamespaceManager.validateRules(NamespaceManager.scala:288)
	at com.firebase.core.namespace.NamespaceActor.handleNewRules(NamespaceActor.scala:1801)
	at com.firebase.core.namespace.NamespaceActor.handleAllowedAdminMessage(NamespaceActor.scala:780)
	at com.firebase.core.namespace.NamespaceActor.handleAdminMessage(NamespaceActor.scala:771)
	at com.firebase.core.namespace.NamespaceActor.$anonfun$handleEnvelope$9(NamespaceActor.scala:689)
	at scala.concurrent.Future$.$anonfun$apply$1(Future.scala:659)
	at scala.util.Success.$anonfun$map$1(Try.scala:255)
	at scala.util.Success.map(Try.scala:213)
	at scala.concurrent.Future.$anonfun$map$1(Future.scala:292)
	at scala.concurrent.impl.Promise.liftedTree1$1(Promise.scala:33)
	at scala.concurrent.impl.Promise.$anonfun$transform$1(Promise.scala:33)
	at scala.concurrent.impl.CallbackRunnable.run(Promise.scala:64)
	at com.firebase.core.util.LoggingExecutionContextExecutor.$anonfun$execute$3(LoggingExecutionContextExecutor.scala:23)
	at scala.runtime.java8.JFunction0$mcV$sp.apply(JFunction0$mcV$sp.java:23)
	at com.firebase.core.util.LoggingExecutionContextExecutor.wrapExecution(LoggingExecutionContextExecutor.scala:29)
	at com.firebase.core.util.LoggingExecutionContextExecutor.$anonfun$execute$2(LoggingExecutionContextExecutor.scala:23)
	at akka.dispatch.TaskInvocation.run(AbstractDispatcher.scala:48)
	at akka.dispatch.ForkJoinExecutorConfigurator$AkkaForkJoinTask.exec(ForkJoinExecutorConfigurator.scala:48)
	at java.base/java.util.concurrent.ForkJoinTask.doExec(ForkJoinTask.java:511)
	at java.base/java.util.concurrent.ForkJoinPool$WorkQueue.topLevelExec(ForkJoinPool.java:1450)
	at java.base/java.util.concurrent.ForkJoinPool.runWorker(ForkJoinPool.java:2019)
	at java.base/java.util.concurrent.ForkJoinWorkerThread.run(ForkJoinWorkerThread.java:187)
13:31:46.348 [NamespaceSystem-blocking-namespace-operation-dispatcher-12] ERROR com.firebase.core.namespace.rules.util.ValidationContext - invalid path (attendance.manage) found while validating ruleset (thread: NamespaceSystem-blocking-namespace-operation-dispatcher-12)
com.firebase.core.namespace.rules.util.ExpressionValidationException: String can't contain ".", "#", "$", "/", "[", or "]"
	at com.firebase.core.namespace.rules.ast.Helpers$.validationError(Helpers.scala:29)
	at com.firebase.core.namespace.rules.util.ValidationContext.maybeValidateStringLiteralAsPath(ValidationContext.scala:59)
	at com.firebase.core.namespace.rules.ast.StringLiteral.validate(Literals.scala:51)
	at com.firebase.core.namespace.rules.ast.members.data.Child$.validate(Child.scala:15)
	at com.firebase.core.namespace.rules.ast.FunctionCall.validate(FunctionCall.scala:32)
	at com.firebase.core.namespace.rules.ast.PropertyGet.validate(PropertyGet.scala:77)
	at com.firebase.core.namespace.rules.ast.FunctionCall.validate(FunctionCall.scala:23)
	at com.firebase.core.namespace.rules.ast.Equals.validate(EqualityOperators.scala:51)
	at com.firebase.core.namespace.rules.ast.Or.validate(LogicalOperators.scala:53)
	at com.firebase.core.namespace.rules.ast.And.validate(LogicalOperators.scala:25)
	at com.firebase.core.namespace.rules.tree.RuleExpression.validate(RuleExpression.scala:76)
	at com.firebase.core.namespace.rules.tree.RuleNode.$anonfun$validateRule$2(RuleNode.scala:69)
	at com.firebase.core.namespace.rules.tree.RuleNode.$anonfun$validateRule$2$adapted(RuleNode.scala:69)
	at scala.Option.foreach(Option.scala:407)
	at com.firebase.core.namespace.rules.tree.RuleNode.validateRule(RuleNode.scala:69)
	at com.firebase.core.namespace.rules.tree.RuleNode.validateRule(RuleNode.scala:85)
	at com.firebase.core.namespace.rules.tree.RuleNode.$anonfun$validateRule$6(RuleNode.scala:81)
	at com.firebase.core.namespace.rules.tree.RuleNode.$anonfun$validateRule$6$adapted(RuleNode.scala:80)
	at scala.collection.IndexedSeqOptimized.foreach(IndexedSeqOptimized.scala:36)
	at scala.collection.IndexedSeqOptimized.foreach$(IndexedSeqOptimized.scala:33)
	at scala.collection.mutable.ArrayOps$ofRef.foreach(ArrayOps.scala:198)
	at com.firebase.core.namespace.rules.tree.RuleNode.validateRule(RuleNode.scala:80)
	at com.firebase.core.namespace.rules.tree.RuleNodeParser$.$anonfun$parse$1(RuleNodeParser.scala:38)
	at scala.util.DynamicVariable.withValue(DynamicVariable.scala:62)
	at com.firebase.core.namespace.rules.tree.RuleNodeParser$.parse(RuleNodeParser.scala:29)
	at com.firebase.core.namespace.NamespaceManager.parseUntrustedRules(NamespaceManager.scala:266)
	at com.firebase.core.namespace.NamespaceManager.validateRules(NamespaceManager.scala:288)
	at com.firebase.core.namespace.NamespaceActor.handleNewRules(NamespaceActor.scala:1801)
	at com.firebase.core.namespace.NamespaceActor.handleAllowedAdminMessage(NamespaceActor.scala:780)
	at com.firebase.core.namespace.NamespaceActor.handleAdminMessage(NamespaceActor.scala:771)
	at com.firebase.core.namespace.NamespaceActor.$anonfun$handleEnvelope$9(NamespaceActor.scala:689)
	at scala.concurrent.Future$.$anonfun$apply$1(Future.scala:659)
	at scala.util.Success.$anonfun$map$1(Try.scala:255)
	at scala.util.Success.map(Try.scala:213)
	at scala.concurrent.Future.$anonfun$map$1(Future.scala:292)
	at scala.concurrent.impl.Promise.liftedTree1$1(Promise.scala:33)
	at scala.concurrent.impl.Promise.$anonfun$transform$1(Promise.scala:33)
	at scala.concurrent.impl.CallbackRunnable.run(Promise.scala:64)
	at com.firebase.core.util.LoggingExecutionContextExecutor.$anonfun$execute$3(LoggingExecutionContextExecutor.scala:23)
	at scala.runtime.java8.JFunction0$mcV$sp.apply(JFunction0$mcV$sp.java:23)
	at com.firebase.core.util.LoggingExecutionContextExecutor.wrapExecution(LoggingExecutionContextExecutor.scala:29)
	at com.firebase.core.util.LoggingExecutionContextExecutor.$anonfun$execute$2(LoggingExecutionContextExecutor.scala:23)
	at akka.dispatch.TaskInvocation.run(AbstractDispatcher.scala:48)
	at akka.dispatch.ForkJoinExecutorConfigurator$AkkaForkJoinTask.exec(ForkJoinExecutorConfigurator.scala:48)
	at java.base/java.util.concurrent.ForkJoinTask.doExec(ForkJoinTask.java:511)
	at java.base/java.util.concurrent.ForkJoinPool$WorkQueue.topLevelExec(ForkJoinPool.java:1450)
	at java.base/java.util.concurrent.ForkJoinPool.runWorker(ForkJoinPool.java:2019)
	at java.base/java.util.concurrent.ForkJoinWorkerThread.run(ForkJoinWorkerThread.java:187)
13:31:46.350 [NamespaceSystem-blocking-namespace-operation-dispatcher-12] ERROR com.firebase.core.namespace.rules.util.ValidationContext - invalid path (attendance.read) found while validating ruleset (thread: NamespaceSystem-blocking-namespace-operation-dispatcher-12)
com.firebase.core.namespace.rules.util.ExpressionValidationException: String can't contain ".", "#", "$", "/", "[", or "]"
	at com.firebase.core.namespace.rules.ast.Helpers$.validationError(Helpers.scala:29)
	at com.firebase.core.namespace.rules.util.ValidationContext.maybeValidateStringLiteralAsPath(ValidationContext.scala:59)
	at com.firebase.core.namespace.rules.ast.StringLiteral.validate(Literals.scala:51)
	at com.firebase.core.namespace.rules.ast.members.data.Child$.validate(Child.scala:15)
	at com.firebase.core.namespace.rules.ast.FunctionCall.validate(FunctionCall.scala:32)
	at com.firebase.core.namespace.rules.ast.PropertyGet.validate(PropertyGet.scala:77)
	at com.firebase.core.namespace.rules.ast.FunctionCall.validate(FunctionCall.scala:23)
	at com.firebase.core.namespace.rules.ast.Equals.validate(EqualityOperators.scala:51)
	at com.firebase.core.namespace.rules.ast.Or.validate(LogicalOperators.scala:53)
	at com.firebase.core.namespace.rules.ast.And.validate(LogicalOperators.scala:25)
	at com.firebase.core.namespace.rules.tree.RuleExpression.validate(RuleExpression.scala:76)
	at com.firebase.core.namespace.rules.tree.RuleNode.$anonfun$validateRule$1(RuleNode.scala:68)
	at com.firebase.core.namespace.rules.tree.RuleNode.$anonfun$validateRule$1$adapted(RuleNode.scala:68)
	at scala.Option.foreach(Option.scala:407)
	at com.firebase.core.namespace.rules.tree.RuleNode.validateRule(RuleNode.scala:68)
	at com.firebase.core.namespace.rules.tree.RuleNode.validateRule(RuleNode.scala:85)
	at com.firebase.core.namespace.rules.tree.RuleNode.$anonfun$validateRule$6(RuleNode.scala:81)
	at com.firebase.core.namespace.rules.tree.RuleNode.$anonfun$validateRule$6$adapted(RuleNode.scala:80)
	at scala.collection.IndexedSeqOptimized.foreach(IndexedSeqOptimized.scala:36)
	at scala.collection.IndexedSeqOptimized.foreach$(IndexedSeqOptimized.scala:33)
	at scala.collection.mutable.ArrayOps$ofRef.foreach(ArrayOps.scala:198)
	at com.firebase.core.namespace.rules.tree.RuleNode.validateRule(RuleNode.scala:80)
	at com.firebase.core.namespace.rules.tree.RuleNodeParser$.$anonfun$parse$1(RuleNodeParser.scala:38)
	at scala.util.DynamicVariable.withValue(DynamicVariable.scala:62)
	at com.firebase.core.namespace.rules.tree.RuleNodeParser$.parse(RuleNodeParser.scala:29)
	at com.firebase.core.namespace.NamespaceManager.parseUntrustedRules(NamespaceManager.scala:266)
	at com.firebase.core.namespace.NamespaceManager.validateRules(NamespaceManager.scala:288)
	at com.firebase.core.namespace.NamespaceActor.handleNewRules(NamespaceActor.scala:1801)
	at com.firebase.core.namespace.NamespaceActor.handleAllowedAdminMessage(NamespaceActor.scala:780)
	at com.firebase.core.namespace.NamespaceActor.handleAdminMessage(NamespaceActor.scala:771)
	at com.firebase.core.namespace.NamespaceActor.$anonfun$handleEnvelope$9(NamespaceActor.scala:689)
	at scala.concurrent.Future$.$anonfun$apply$1(Future.scala:659)
	at scala.util.Success.$anonfun$map$1(Try.scala:255)
	at scala.util.Success.map(Try.scala:213)
	at scala.concurrent.Future.$anonfun$map$1(Future.scala:292)
	at scala.concurrent.impl.Promise.liftedTree1$1(Promise.scala:33)
	at scala.concurrent.impl.Promise.$anonfun$transform$1(Promise.scala:33)
	at scala.concurrent.impl.CallbackRunnable.run(Promise.scala:64)
	at com.firebase.core.util.LoggingExecutionContextExecutor.$anonfun$execute$3(LoggingExecutionContextExecutor.scala:23)
	at scala.runtime.java8.JFunction0$mcV$sp.apply(JFunction0$mcV$sp.java:23)
	at com.firebase.core.util.LoggingExecutionContextExecutor.wrapExecution(LoggingExecutionContextExecutor.scala:29)
	at com.firebase.core.util.LoggingExecutionContextExecutor.$anonfun$execute$2(LoggingExecutionContextExecutor.scala:23)
	at akka.dispatch.TaskInvocation.run(AbstractDispatcher.scala:48)
	at akka.dispatch.ForkJoinExecutorConfigurator$AkkaForkJoinTask.exec(ForkJoinExecutorConfigurator.scala:48)
	at java.base/java.util.concurrent.ForkJoinTask.doExec(ForkJoinTask.java:511)
	at java.base/java.util.concurrent.ForkJoinPool$WorkQueue.topLevelExec(ForkJoinPool.java:1450)
	at java.base/java.util.concurrent.ForkJoinPool.runWorker(ForkJoinPool.java:2019)
	at java.base/java.util.concurrent.ForkJoinWorkerThread.run(ForkJoinWorkerThread.java:187)
13:31:46.351 [NamespaceSystem-blocking-namespace-operation-dispatcher-12] ERROR com.firebase.core.namespace.rules.util.ValidationContext - invalid path (attendance.manage) found while validating ruleset (thread: NamespaceSystem-blocking-namespace-operation-dispatcher-12)
com.firebase.core.namespace.rules.util.ExpressionValidationException: String can't contain ".", "#", "$", "/", "[", or "]"
	at com.firebase.core.namespace.rules.ast.Helpers$.validationError(Helpers.scala:29)
	at com.firebase.core.namespace.rules.util.ValidationContext.maybeValidateStringLiteralAsPath(ValidationContext.scala:59)
	at com.firebase.core.namespace.rules.ast.StringLiteral.validate(Literals.scala:51)
	at com.firebase.core.namespace.rules.ast.members.data.Child$.validate(Child.scala:15)
	at com.firebase.core.namespace.rules.ast.FunctionCall.validate(FunctionCall.scala:32)
	at com.firebase.core.namespace.rules.ast.PropertyGet.validate(PropertyGet.scala:77)
	at com.firebase.core.namespace.rules.ast.FunctionCall.validate(FunctionCall.scala:23)
	at com.firebase.core.namespace.rules.ast.Equals.validate(EqualityOperators.scala:51)
	at com.firebase.core.namespace.rules.ast.Or.validate(LogicalOperators.scala:53)
	at com.firebase.core.namespace.rules.ast.And.validate(LogicalOperators.scala:25)
	at com.firebase.core.namespace.rules.tree.RuleExpression.validate(RuleExpression.scala:76)
	at com.firebase.core.namespace.rules.tree.RuleNode.$anonfun$validateRule$2(RuleNode.scala:69)
	at com.firebase.core.namespace.rules.tree.RuleNode.$anonfun$validateRule$2$adapted(RuleNode.scala:69)
	at scala.Option.foreach(Option.scala:407)
	at com.firebase.core.namespace.rules.tree.RuleNode.validateRule(RuleNode.scala:69)
	at com.firebase.core.namespace.rules.tree.RuleNode.validateRule(RuleNode.scala:85)
	at com.firebase.core.namespace.rules.tree.RuleNode.$anonfun$validateRule$6(RuleNode.scala:81)
	at com.firebase.core.namespace.rules.tree.RuleNode.$anonfun$validateRule$6$adapted(RuleNode.scala:80)
	at scala.collection.IndexedSeqOptimized.foreach(IndexedSeqOptimized.scala:36)
	at scala.collection.IndexedSeqOptimized.foreach$(IndexedSeqOptimized.scala:33)
	at scala.collection.mutable.ArrayOps$ofRef.foreach(ArrayOps.scala:198)
	at com.firebase.core.namespace.rules.tree.RuleNode.validateRule(RuleNode.scala:80)
	at com.firebase.core.namespace.rules.tree.RuleNodeParser$.$anonfun$parse$1(RuleNodeParser.scala:38)
	at scala.util.DynamicVariable.withValue(DynamicVariable.scala:62)
	at com.firebase.core.namespace.rules.tree.RuleNodeParser$.parse(RuleNodeParser.scala:29)
	at com.firebase.core.namespace.NamespaceManager.parseUntrustedRules(NamespaceManager.scala:266)
	at com.firebase.core.namespace.NamespaceManager.validateRules(NamespaceManager.scala:288)
	at com.firebase.core.namespace.NamespaceActor.handleNewRules(NamespaceActor.scala:1801)
	at com.firebase.core.namespace.NamespaceActor.handleAllowedAdminMessage(NamespaceActor.scala:780)
	at com.firebase.core.namespace.NamespaceActor.handleAdminMessage(NamespaceActor.scala:771)
	at com.firebase.core.namespace.NamespaceActor.$anonfun$handleEnvelope$9(NamespaceActor.scala:689)
	at scala.concurrent.Future$.$anonfun$apply$1(Future.scala:659)
	at scala.util.Success.$anonfun$map$1(Try.scala:255)
	at scala.util.Success.map(Try.scala:213)
	at scala.concurrent.Future.$anonfun$map$1(Future.scala:292)
	at scala.concurrent.impl.Promise.liftedTree1$1(Promise.scala:33)
	at scala.concurrent.impl.Promise.$anonfun$transform$1(Promise.scala:33)
	at scala.concurrent.impl.CallbackRunnable.run(Promise.scala:64)
	at com.firebase.core.util.LoggingExecutionContextExecutor.$anonfun$execute$3(LoggingExecutionContextExecutor.scala:23)
	at scala.runtime.java8.JFunction0$mcV$sp.apply(JFunction0$mcV$sp.java:23)
	at com.firebase.core.util.LoggingExecutionContextExecutor.wrapExecution(LoggingExecutionContextExecutor.scala:29)
	at com.firebase.core.util.LoggingExecutionContextExecutor.$anonfun$execute$2(LoggingExecutionContextExecutor.scala:23)
	at akka.dispatch.TaskInvocation.run(AbstractDispatcher.scala:48)
	at akka.dispatch.ForkJoinExecutorConfigurator$AkkaForkJoinTask.exec(ForkJoinExecutorConfigurator.scala:48)
	at java.base/java.util.concurrent.ForkJoinTask.doExec(ForkJoinTask.java:511)
	at java.base/java.util.concurrent.ForkJoinPool$WorkQueue.topLevelExec(ForkJoinPool.java:1450)
	at java.base/java.util.concurrent.ForkJoinPool.runWorker(ForkJoinPool.java:2019)
	at java.base/java.util.concurrent.ForkJoinWorkerThread.run(ForkJoinWorkerThread.java:187)
13:31:46.353 [NamespaceSystem-blocking-namespace-operation-dispatcher-12] ERROR com.firebase.core.namespace.rules.util.ValidationContext - invalid path (events.read) found while validating ruleset (thread: NamespaceSystem-blocking-namespace-operation-dispatcher-12)
com.firebase.core.namespace.rules.util.ExpressionValidationException: String can't contain ".", "#", "$", "/", "[", or "]"
	at com.firebase.core.namespace.rules.ast.Helpers$.validationError(Helpers.scala:29)
	at com.firebase.core.namespace.rules.util.ValidationContext.maybeValidateStringLiteralAsPath(ValidationContext.scala:59)
	at com.firebase.core.namespace.rules.ast.StringLiteral.validate(Literals.scala:51)
	at com.firebase.core.namespace.rules.ast.members.data.Child$.validate(Child.scala:15)
	at com.firebase.core.namespace.rules.ast.FunctionCall.validate(FunctionCall.scala:32)
	at com.firebase.core.namespace.rules.ast.PropertyGet.validate(PropertyGet.scala:77)
	at com.firebase.core.namespace.rules.ast.FunctionCall.validate(FunctionCall.scala:23)
	at com.firebase.core.namespace.rules.ast.Equals.validate(EqualityOperators.scala:51)
	at com.firebase.core.namespace.rules.ast.Or.validate(LogicalOperators.scala:53)
	at com.firebase.core.namespace.rules.ast.And.validate(LogicalOperators.scala:25)
	at com.firebase.core.namespace.rules.ast.Or.validate(LogicalOperators.scala:54)
	at com.firebase.core.namespace.rules.tree.RuleExpression.validate(RuleExpression.scala:76)
	at com.firebase.core.namespace.rules.tree.RuleNode.$anonfun$validateRule$1(RuleNode.scala:68)
	at com.firebase.core.namespace.rules.tree.RuleNode.$anonfun$validateRule$1$adapted(RuleNode.scala:68)
	at scala.Option.foreach(Option.scala:407)
	at com.firebase.core.namespace.rules.tree.RuleNode.validateRule(RuleNode.scala:68)
	at com.firebase.core.namespace.rules.tree.RuleNode.validateRule(RuleNode.scala:85)
	at com.firebase.core.namespace.rules.tree.RuleNode.$anonfun$validateRule$6(RuleNode.scala:81)
	at com.firebase.core.namespace.rules.tree.RuleNode.$anonfun$validateRule$6$adapted(RuleNode.scala:80)
	at scala.collection.IndexedSeqOptimized.foreach(IndexedSeqOptimized.scala:36)
	at scala.collection.IndexedSeqOptimized.foreach$(IndexedSeqOptimized.scala:33)
	at scala.collection.mutable.ArrayOps$ofRef.foreach(ArrayOps.scala:198)
	at com.firebase.core.namespace.rules.tree.RuleNode.validateRule(RuleNode.scala:80)
	at com.firebase.core.namespace.rules.tree.RuleNodeParser$.$anonfun$parse$1(RuleNodeParser.scala:38)
	at scala.util.DynamicVariable.withValue(DynamicVariable.scala:62)
	at com.firebase.core.namespace.rules.tree.RuleNodeParser$.parse(RuleNodeParser.scala:29)
	at com.firebase.core.namespace.NamespaceManager.parseUntrustedRules(NamespaceManager.scala:266)
	at com.firebase.core.namespace.NamespaceManager.validateRules(NamespaceManager.scala:288)
	at com.firebase.core.namespace.NamespaceActor.handleNewRules(NamespaceActor.scala:1801)
	at com.firebase.core.namespace.NamespaceActor.handleAllowedAdminMessage(NamespaceActor.scala:780)
	at com.firebase.core.namespace.NamespaceActor.handleAdminMessage(NamespaceActor.scala:771)
	at com.firebase.core.namespace.NamespaceActor.$anonfun$handleEnvelope$9(NamespaceActor.scala:689)
	at scala.concurrent.Future$.$anonfun$apply$1(Future.scala:659)
	at scala.util.Success.$anonfun$map$1(Try.scala:255)
	at scala.util.Success.map(Try.scala:213)
	at scala.concurrent.Future.$anonfun$map$1(Future.scala:292)
	at scala.concurrent.impl.Promise.liftedTree1$1(Promise.scala:33)
	at scala.concurrent.impl.Promise.$anonfun$transform$1(Promise.scala:33)
	at scala.concurrent.impl.CallbackRunnable.run(Promise.scala:64)
	at com.firebase.core.util.LoggingExecutionContextExecutor.$anonfun$execute$3(LoggingExecutionContextExecutor.scala:23)
	at scala.runtime.java8.JFunction0$mcV$sp.apply(JFunction0$mcV$sp.java:23)
	at com.firebase.core.util.LoggingExecutionContextExecutor.wrapExecution(LoggingExecutionContextExecutor.scala:29)
	at com.firebase.core.util.LoggingExecutionContextExecutor.$anonfun$execute$2(LoggingExecutionContextExecutor.scala:23)
	at akka.dispatch.TaskInvocation.run(AbstractDispatcher.scala:48)
	at akka.dispatch.ForkJoinExecutorConfigurator$AkkaForkJoinTask.exec(ForkJoinExecutorConfigurator.scala:48)
	at java.base/java.util.concurrent.ForkJoinTask.doExec(ForkJoinTask.java:511)
	at java.base/java.util.concurrent.ForkJoinPool$WorkQueue.topLevelExec(ForkJoinPool.java:1450)
	at java.base/java.util.concurrent.ForkJoinPool.runWorker(ForkJoinPool.java:2019)
	at java.base/java.util.concurrent.ForkJoinWorkerThread.run(ForkJoinWorkerThread.java:187)
13:31:46.354 [NamespaceSystem-blocking-namespace-operation-dispatcher-12] ERROR com.firebase.core.namespace.rules.util.ValidationContext - invalid path (events.manage) found while validating ruleset (thread: NamespaceSystem-blocking-namespace-operation-dispatcher-12)
com.firebase.core.namespace.rules.util.ExpressionValidationException: String can't contain ".", "#", "$", "/", "[", or "]"
	at com.firebase.core.namespace.rules.ast.Helpers$.validationError(Helpers.scala:29)
	at com.firebase.core.namespace.rules.util.ValidationContext.maybeValidateStringLiteralAsPath(ValidationContext.scala:59)
	at com.firebase.core.namespace.rules.ast.StringLiteral.validate(Literals.scala:51)
	at com.firebase.core.namespace.rules.ast.members.data.Child$.validate(Child.scala:15)
	at com.firebase.core.namespace.rules.ast.FunctionCall.validate(FunctionCall.scala:32)
	at com.firebase.core.namespace.rules.ast.PropertyGet.validate(PropertyGet.scala:77)
	at com.firebase.core.namespace.rules.ast.FunctionCall.validate(FunctionCall.scala:23)
	at com.firebase.core.namespace.rules.ast.Equals.validate(EqualityOperators.scala:51)
	at com.firebase.core.namespace.rules.ast.Or.validate(LogicalOperators.scala:53)
	at com.firebase.core.namespace.rules.ast.And.validate(LogicalOperators.scala:25)
	at com.firebase.core.namespace.rules.tree.RuleExpression.validate(RuleExpression.scala:76)
	at com.firebase.core.namespace.rules.tree.RuleNode.$anonfun$validateRule$2(RuleNode.scala:69)
	at com.firebase.core.namespace.rules.tree.RuleNode.$anonfun$validateRule$2$adapted(RuleNode.scala:69)
	at scala.Option.foreach(Option.scala:407)
	at com.firebase.core.namespace.rules.tree.RuleNode.validateRule(RuleNode.scala:69)
	at com.firebase.core.namespace.rules.tree.RuleNode.validateRule(RuleNode.scala:85)
	at com.firebase.core.namespace.rules.tree.RuleNode.$anonfun$validateRule$6(RuleNode.scala:81)
	at com.firebase.core.namespace.rules.tree.RuleNode.$anonfun$validateRule$6$adapted(RuleNode.scala:80)
	at scala.collection.IndexedSeqOptimized.foreach(IndexedSeqOptimized.scala:36)
	at scala.collection.IndexedSeqOptimized.foreach$(IndexedSeqOptimized.scala:33)
	at scala.collection.mutable.ArrayOps$ofRef.foreach(ArrayOps.scala:198)
	at com.firebase.core.namespace.rules.tree.RuleNode.validateRule(RuleNode.scala:80)
	at com.firebase.core.namespace.rules.tree.RuleNodeParser$.$anonfun$parse$1(RuleNodeParser.scala:38)
	at scala.util.DynamicVariable.withValue(DynamicVariable.scala:62)
	at com.firebase.core.namespace.rules.tree.RuleNodeParser$.parse(RuleNodeParser.scala:29)
	at com.firebase.core.namespace.NamespaceManager.parseUntrustedRules(NamespaceManager.scala:266)
	at com.firebase.core.namespace.NamespaceManager.validateRules(NamespaceManager.scala:288)
	at com.firebase.core.namespace.NamespaceActor.handleNewRules(NamespaceActor.scala:1801)
	at com.firebase.core.namespace.NamespaceActor.handleAllowedAdminMessage(NamespaceActor.scala:780)
	at com.firebase.core.namespace.NamespaceActor.handleAdminMessage(NamespaceActor.scala:771)
	at com.firebase.core.namespace.NamespaceActor.$anonfun$handleEnvelope$9(NamespaceActor.scala:689)
	at scala.concurrent.Future$.$anonfun$apply$1(Future.scala:659)
	at scala.util.Success.$anonfun$map$1(Try.scala:255)
	at scala.util.Success.map(Try.scala:213)
	at scala.concurrent.Future.$anonfun$map$1(Future.scala:292)
	at scala.concurrent.impl.Promise.liftedTree1$1(Promise.scala:33)
	at scala.concurrent.impl.Promise.$anonfun$transform$1(Promise.scala:33)
	at scala.concurrent.impl.CallbackRunnable.run(Promise.scala:64)
	at com.firebase.core.util.LoggingExecutionContextExecutor.$anonfun$execute$3(LoggingExecutionContextExecutor.scala:23)
	at scala.runtime.java8.JFunction0$mcV$sp.apply(JFunction0$mcV$sp.java:23)
	at com.firebase.core.util.LoggingExecutionContextExecutor.wrapExecution(LoggingExecutionContextExecutor.scala:29)
	at com.firebase.core.util.LoggingExecutionContextExecutor.$anonfun$execute$2(LoggingExecutionContextExecutor.scala:23)
	at akka.dispatch.TaskInvocation.run(AbstractDispatcher.scala:48)
	at akka.dispatch.ForkJoinExecutorConfigurator$AkkaForkJoinTask.exec(ForkJoinExecutorConfigurator.scala:48)
	at java.base/java.util.concurrent.ForkJoinTask.doExec(ForkJoinTask.java:511)
	at java.base/java.util.concurrent.ForkJoinPool$WorkQueue.topLevelExec(ForkJoinPool.java:1450)
	at java.base/java.util.concurrent.ForkJoinPool.runWorker(ForkJoinPool.java:2019)
	at java.base/java.util.concurrent.ForkJoinWorkerThread.run(ForkJoinWorkerThread.java:187)
13:31:46.357 [NamespaceSystem-blocking-namespace-operation-dispatcher-12] INFO com.firebase.core.namespace.StateManager - Namespace site-amm-test status Active to Active
13:31:46.386 [NamespaceSystem-blocking-namespace-operation-dispatcher-12] ERROR com.firebase.core.namespace.rules.util.ValidationContext - invalid path (users.manage) found while validating ruleset (thread: NamespaceSystem-blocking-namespace-operation-dispatcher-12)
com.firebase.core.namespace.rules.util.ExpressionValidationException: String can't contain ".", "#", "$", "/", "[", or "]"
	at com.firebase.core.namespace.rules.ast.Helpers$.validationError(Helpers.scala:29)
	at com.firebase.core.namespace.rules.util.ValidationContext.maybeValidateStringLiteralAsPath(ValidationContext.scala:59)
	at com.firebase.core.namespace.rules.ast.StringLiteral.validate(Literals.scala:51)
	at com.firebase.core.namespace.rules.ast.members.data.Child$.validate(Child.scala:15)
	at com.firebase.core.namespace.rules.ast.FunctionCall.validate(FunctionCall.scala:32)
	at com.firebase.core.namespace.rules.ast.PropertyGet.validate(PropertyGet.scala:77)
	at com.firebase.core.namespace.rules.ast.FunctionCall.validate(FunctionCall.scala:23)
	at com.firebase.core.namespace.rules.ast.Equals.validate(EqualityOperators.scala:51)
	at com.firebase.core.namespace.rules.ast.Or.validate(LogicalOperators.scala:54)
	at com.firebase.core.namespace.rules.ast.Or.validate(LogicalOperators.scala:54)
	at com.firebase.core.namespace.rules.ast.And.validate(LogicalOperators.scala:25)
	at com.firebase.core.namespace.rules.tree.RuleExpression.validate(RuleExpression.scala:76)
	at com.firebase.core.namespace.rules.tree.RuleNode.$anonfun$validateRule$1(RuleNode.scala:68)
	at com.firebase.core.namespace.rules.tree.RuleNode.$anonfun$validateRule$1$adapted(RuleNode.scala:68)
	at scala.Option.foreach(Option.scala:407)
	at com.firebase.core.namespace.rules.tree.RuleNode.validateRule(RuleNode.scala:68)
	at com.firebase.core.namespace.rules.tree.RuleNode.validateRule(RuleNode.scala:85)
	at com.firebase.core.namespace.rules.tree.RuleNode.$anonfun$validateRule$6(RuleNode.scala:81)
	at com.firebase.core.namespace.rules.tree.RuleNode.$anonfun$validateRule$6$adapted(RuleNode.scala:80)
	at scala.collection.IndexedSeqOptimized.foreach(IndexedSeqOptimized.scala:36)
	at scala.collection.IndexedSeqOptimized.foreach$(IndexedSeqOptimized.scala:33)
	at scala.collection.mutable.ArrayOps$ofRef.foreach(ArrayOps.scala:198)
	at com.firebase.core.namespace.rules.tree.RuleNode.validateRule(RuleNode.scala:80)
	at com.firebase.core.namespace.rules.tree.RuleNodeParser$.$anonfun$parse$1(RuleNodeParser.scala:38)
	at scala.util.DynamicVariable.withValue(DynamicVariable.scala:62)
	at com.firebase.core.namespace.rules.tree.RuleNodeParser$.parse(RuleNodeParser.scala:29)
	at com.firebase.core.namespace.NamespaceManager.parseUntrustedRules(NamespaceManager.scala:266)
	at com.firebase.core.namespace.NamespaceManager.updateRules(NamespaceManager.scala:310)
	at com.firebase.core.namespace.NamespaceActor.$anonfun$new$5(NamespaceActor.scala:1811)
	at com.firebase.core.namespace.NamespaceActor.$anonfun$new$5$adapted(NamespaceActor.scala:1807)
	at com.firebase.util.misc.MutableProvider.$anonfun$set$1(Provider.scala:28)
	at com.firebase.util.misc.MutableProvider.$anonfun$set$1$adapted(Provider.scala:27)
	at scala.collection.immutable.HashSet$HashSet1.foreach(HashSet.scala:330)
	at scala.collection.immutable.HashSet$HashTrieSet.foreach(HashSet.scala:1104)
	at com.firebase.util.misc.MutableProvider.set(Provider.scala:27)
	at com.firebase.core.namespace.NamespaceActor.persistMetadataResult(NamespaceActor.scala:1877)
	at com.firebase.core.namespace.NamespaceActor.$anonfun$handleNewRules$1(NamespaceActor.scala:1802)
	at com.firebase.util.result.package$Result.flatMap(package.scala:59)
	at com.firebase.util.result.package$Result.flatMap$(package.scala:57)
	at com.firebase.util.result.package$Value.flatMap(package.scala:203)
	at com.firebase.core.namespace.NamespaceActor.handleNewRules(NamespaceActor.scala:1801)
	at com.firebase.core.namespace.NamespaceActor.handleAllowedAdminMessage(NamespaceActor.scala:780)
	at com.firebase.core.namespace.NamespaceActor.handleAdminMessage(NamespaceActor.scala:771)
	at com.firebase.core.namespace.NamespaceActor.$anonfun$handleEnvelope$9(NamespaceActor.scala:689)
	at scala.concurrent.Future$.$anonfun$apply$1(Future.scala:659)
	at scala.util.Success.$anonfun$map$1(Try.scala:255)
	at scala.util.Success.map(Try.scala:213)
	at scala.concurrent.Future.$anonfun$map$1(Future.scala:292)
	at scala.concurrent.impl.Promise.liftedTree1$1(Promise.scala:33)
	at scala.concurrent.impl.Promise.$anonfun$transform$1(Promise.scala:33)
	at scala.concurrent.impl.CallbackRunnable.run(Promise.scala:64)
	at com.firebase.core.util.LoggingExecutionContextExecutor.$anonfun$execute$3(LoggingExecutionContextExecutor.scala:23)
	at scala.runtime.java8.JFunction0$mcV$sp.apply(JFunction0$mcV$sp.java:23)
	at com.firebase.core.util.LoggingExecutionContextExecutor.wrapExecution(LoggingExecutionContextExecutor.scala:29)
	at com.firebase.core.util.LoggingExecutionContextExecutor.$anonfun$execute$2(LoggingExecutionContextExecutor.scala:23)
	at akka.dispatch.TaskInvocation.run(AbstractDispatcher.scala:48)
	at akka.dispatch.ForkJoinExecutorConfigurator$AkkaForkJoinTask.exec(ForkJoinExecutorConfigurator.scala:48)
	at java.base/java.util.concurrent.ForkJoinTask.doExec(ForkJoinTask.java:511)
	at java.base/java.util.concurrent.ForkJoinPool$WorkQueue.topLevelExec(ForkJoinPool.java:1450)
	at java.base/java.util.concurrent.ForkJoinPool.runWorker(ForkJoinPool.java:2019)
	at java.base/java.util.concurrent.ForkJoinWorkerThread.run(ForkJoinWorkerThread.java:187)
13:31:46.389 [NamespaceSystem-blocking-namespace-operation-dispatcher-12] ERROR com.firebase.core.namespace.rules.util.ValidationContext - invalid path (users.manage) found while validating ruleset (thread: NamespaceSystem-blocking-namespace-operation-dispatcher-12)
com.firebase.core.namespace.rules.util.ExpressionValidationException: String can't contain ".", "#", "$", "/", "[", or "]"
	at com.firebase.core.namespace.rules.ast.Helpers$.validationError(Helpers.scala:29)
	at com.firebase.core.namespace.rules.util.ValidationContext.maybeValidateStringLiteralAsPath(ValidationContext.scala:59)
	at com.firebase.core.namespace.rules.ast.StringLiteral.validate(Literals.scala:51)
	at com.firebase.core.namespace.rules.ast.members.data.Child$.validate(Child.scala:15)
	at com.firebase.core.namespace.rules.ast.FunctionCall.validate(FunctionCall.scala:32)
	at com.firebase.core.namespace.rules.ast.PropertyGet.validate(PropertyGet.scala:77)
	at com.firebase.core.namespace.rules.ast.FunctionCall.validate(FunctionCall.scala:23)
	at com.firebase.core.namespace.rules.ast.Equals.validate(EqualityOperators.scala:51)
	at com.firebase.core.namespace.rules.ast.Or.validate(LogicalOperators.scala:54)
	at com.firebase.core.namespace.rules.ast.And.validate(LogicalOperators.scala:25)
	at com.firebase.core.namespace.rules.tree.RuleExpression.validate(RuleExpression.scala:76)
	at com.firebase.core.namespace.rules.tree.RuleNode.$anonfun$validateRule$2(RuleNode.scala:69)
	at com.firebase.core.namespace.rules.tree.RuleNode.$anonfun$validateRule$2$adapted(RuleNode.scala:69)
	at scala.Option.foreach(Option.scala:407)
	at com.firebase.core.namespace.rules.tree.RuleNode.validateRule(RuleNode.scala:69)
	at com.firebase.core.namespace.rules.tree.RuleNode.validateRule(RuleNode.scala:85)
	at com.firebase.core.namespace.rules.tree.RuleNode.$anonfun$validateRule$6(RuleNode.scala:81)
	at com.firebase.core.namespace.rules.tree.RuleNode.$anonfun$validateRule$6$adapted(RuleNode.scala:80)
	at scala.collection.IndexedSeqOptimized.foreach(IndexedSeqOptimized.scala:36)
	at scala.collection.IndexedSeqOptimized.foreach$(IndexedSeqOptimized.scala:33)
	at scala.collection.mutable.ArrayOps$ofRef.foreach(ArrayOps.scala:198)
	at com.firebase.core.namespace.rules.tree.RuleNode.validateRule(RuleNode.scala:80)
	at com.firebase.core.namespace.rules.tree.RuleNodeParser$.$anonfun$parse$1(RuleNodeParser.scala:38)
	at scala.util.DynamicVariable.withValue(DynamicVariable.scala:62)
	at com.firebase.core.namespace.rules.tree.RuleNodeParser$.parse(RuleNodeParser.scala:29)
	at com.firebase.core.namespace.NamespaceManager.parseUntrustedRules(NamespaceManager.scala:266)
	at com.firebase.core.namespace.NamespaceManager.updateRules(NamespaceManager.scala:310)
	at com.firebase.core.namespace.NamespaceActor.$anonfun$new$5(NamespaceActor.scala:1811)
	at com.firebase.core.namespace.NamespaceActor.$anonfun$new$5$adapted(NamespaceActor.scala:1807)
	at com.firebase.util.misc.MutableProvider.$anonfun$set$1(Provider.scala:28)
	at com.firebase.util.misc.MutableProvider.$anonfun$set$1$adapted(Provider.scala:27)
	at scala.collection.immutable.HashSet$HashSet1.foreach(HashSet.scala:330)
	at scala.collection.immutable.HashSet$HashTrieSet.foreach(HashSet.scala:1104)
	at com.firebase.util.misc.MutableProvider.set(Provider.scala:27)
	at com.firebase.core.namespace.NamespaceActor.persistMetadataResult(NamespaceActor.scala:1877)
	at com.firebase.core.namespace.NamespaceActor.$anonfun$handleNewRules$1(NamespaceActor.scala:1802)
	at com.firebase.util.result.package$Result.flatMap(package.scala:59)
	at com.firebase.util.result.package$Result.flatMap$(package.scala:57)
	at com.firebase.util.result.package$Value.flatMap(package.scala:203)
	at com.firebase.core.namespace.NamespaceActor.handleNewRules(NamespaceActor.scala:1801)
	at com.firebase.core.namespace.NamespaceActor.handleAllowedAdminMessage(NamespaceActor.scala:780)
	at com.firebase.core.namespace.NamespaceActor.handleAdminMessage(NamespaceActor.scala:771)
	at com.firebase.core.namespace.NamespaceActor.$anonfun$handleEnvelope$9(NamespaceActor.scala:689)
	at scala.concurrent.Future$.$anonfun$apply$1(Future.scala:659)
	at scala.util.Success.$anonfun$map$1(Try.scala:255)
	at scala.util.Success.map(Try.scala:213)
	at scala.concurrent.Future.$anonfun$map$1(Future.scala:292)
	at scala.concurrent.impl.Promise.liftedTree1$1(Promise.scala:33)
	at scala.concurrent.impl.Promise.$anonfun$transform$1(Promise.scala:33)
	at scala.concurrent.impl.CallbackRunnable.run(Promise.scala:64)
	at com.firebase.core.util.LoggingExecutionContextExecutor.$anonfun$execute$3(LoggingExecutionContextExecutor.scala:23)
	at scala.runtime.java8.JFunction0$mcV$sp.apply(JFunction0$mcV$sp.java:23)
	at com.firebase.core.util.LoggingExecutionContextExecutor.wrapExecution(LoggingExecutionContextExecutor.scala:29)
	at com.firebase.core.util.LoggingExecutionContextExecutor.$anonfun$execute$2(LoggingExecutionContextExecutor.scala:23)
	at akka.dispatch.TaskInvocation.run(AbstractDispatcher.scala:48)
	at akka.dispatch.ForkJoinExecutorConfigurator$AkkaForkJoinTask.exec(ForkJoinExecutorConfigurator.scala:48)
	at java.base/java.util.concurrent.ForkJoinTask.doExec(ForkJoinTask.java:511)
	at java.base/java.util.concurrent.ForkJoinPool$WorkQueue.topLevelExec(ForkJoinPool.java:1450)
	at java.base/java.util.concurrent.ForkJoinPool.runWorker(ForkJoinPool.java:2019)
	at java.base/java.util.concurrent.ForkJoinWorkerThread.run(ForkJoinWorkerThread.java:187)
13:31:46.396 [NamespaceSystem-blocking-namespace-operation-dispatcher-12] ERROR com.firebase.core.namespace.rules.util.ValidationContext - invalid path (users.manage) found while validating ruleset (thread: NamespaceSystem-blocking-namespace-operation-dispatcher-12)
com.firebase.core.namespace.rules.util.ExpressionValidationException: String can't contain ".", "#", "$", "/", "[", or "]"
	at com.firebase.core.namespace.rules.ast.Helpers$.validationError(Helpers.scala:29)
	at com.firebase.core.namespace.rules.util.ValidationContext.maybeValidateStringLiteralAsPath(ValidationContext.scala:59)
	at com.firebase.core.namespace.rules.ast.StringLiteral.validate(Literals.scala:51)
	at com.firebase.core.namespace.rules.ast.members.data.Child$.validate(Child.scala:15)
	at com.firebase.core.namespace.rules.ast.FunctionCall.validate(FunctionCall.scala:32)
	at com.firebase.core.namespace.rules.ast.PropertyGet.validate(PropertyGet.scala:77)
	at com.firebase.core.namespace.rules.ast.FunctionCall.validate(FunctionCall.scala:23)
	at com.firebase.core.namespace.rules.ast.Equals.validate(EqualityOperators.scala:51)
	at com.firebase.core.namespace.rules.ast.Or.validate(LogicalOperators.scala:54)
	at com.firebase.core.namespace.rules.ast.And.validate(LogicalOperators.scala:25)
	at com.firebase.core.namespace.rules.tree.RuleExpression.validate(RuleExpression.scala:76)
	at com.firebase.core.namespace.rules.tree.RuleNode.$anonfun$validateRule$1(RuleNode.scala:68)
	at com.firebase.core.namespace.rules.tree.RuleNode.$anonfun$validateRule$1$adapted(RuleNode.scala:68)
	at scala.Option.foreach(Option.scala:407)
	at com.firebase.core.namespace.rules.tree.RuleNode.validateRule(RuleNode.scala:68)
	at com.firebase.core.namespace.rules.tree.RuleNode.validateRule(RuleNode.scala:85)
	at com.firebase.core.namespace.rules.tree.RuleNode.$anonfun$validateRule$6(RuleNode.scala:81)
	at com.firebase.core.namespace.rules.tree.RuleNode.$anonfun$validateRule$6$adapted(RuleNode.scala:80)
	at scala.collection.IndexedSeqOptimized.foreach(IndexedSeqOptimized.scala:36)
	at scala.collection.IndexedSeqOptimized.foreach$(IndexedSeqOptimized.scala:33)
	at scala.collection.mutable.ArrayOps$ofRef.foreach(ArrayOps.scala:198)
	at com.firebase.core.namespace.rules.tree.RuleNode.validateRule(RuleNode.scala:80)
	at com.firebase.core.namespace.rules.tree.RuleNodeParser$.$anonfun$parse$1(RuleNodeParser.scala:38)
	at scala.util.DynamicVariable.withValue(DynamicVariable.scala:62)
	at com.firebase.core.namespace.rules.tree.RuleNodeParser$.parse(RuleNodeParser.scala:29)
	at com.firebase.core.namespace.NamespaceManager.parseUntrustedRules(NamespaceManager.scala:266)
	at com.firebase.core.namespace.NamespaceManager.updateRules(NamespaceManager.scala:310)
	at com.firebase.core.namespace.NamespaceActor.$anonfun$new$5(NamespaceActor.scala:1811)
	at com.firebase.core.namespace.NamespaceActor.$anonfun$new$5$adapted(NamespaceActor.scala:1807)
	at com.firebase.util.misc.MutableProvider.$anonfun$set$1(Provider.scala:28)
	at com.firebase.util.misc.MutableProvider.$anonfun$set$1$adapted(Provider.scala:27)
	at scala.collection.immutable.HashSet$HashSet1.foreach(HashSet.scala:330)
	at scala.collection.immutable.HashSet$HashTrieSet.foreach(HashSet.scala:1104)
	at com.firebase.util.misc.MutableProvider.set(Provider.scala:27)
	at com.firebase.core.namespace.NamespaceActor.persistMetadataResult(NamespaceActor.scala:1877)
	at com.firebase.core.namespace.NamespaceActor.$anonfun$handleNewRules$1(NamespaceActor.scala:1802)
	at com.firebase.util.result.package$Result.flatMap(package.scala:59)
	at com.firebase.util.result.package$Result.flatMap$(package.scala:57)
	at com.firebase.util.result.package$Value.flatMap(package.scala:203)
	at com.firebase.core.namespace.NamespaceActor.handleNewRules(NamespaceActor.scala:1801)
	at com.firebase.core.namespace.NamespaceActor.handleAllowedAdminMessage(NamespaceActor.scala:780)
	at com.firebase.core.namespace.NamespaceActor.handleAdminMessage(NamespaceActor.scala:771)
	at com.firebase.core.namespace.NamespaceActor.$anonfun$handleEnvelope$9(NamespaceActor.scala:689)
	at scala.concurrent.Future$.$anonfun$apply$1(Future.scala:659)
	at scala.util.Success.$anonfun$map$1(Try.scala:255)
	at scala.util.Success.map(Try.scala:213)
	at scala.concurrent.Future.$anonfun$map$1(Future.scala:292)
	at scala.concurrent.impl.Promise.liftedTree1$1(Promise.scala:33)
	at scala.concurrent.impl.Promise.$anonfun$transform$1(Promise.scala:33)
	at scala.concurrent.impl.CallbackRunnable.run(Promise.scala:64)
	at com.firebase.core.util.LoggingExecutionContextExecutor.$anonfun$execute$3(LoggingExecutionContextExecutor.scala:23)
	at scala.runtime.java8.JFunction0$mcV$sp.apply(JFunction0$mcV$sp.java:23)
	at com.firebase.core.util.LoggingExecutionContextExecutor.wrapExecution(LoggingExecutionContextExecutor.scala:29)
	at com.firebase.core.util.LoggingExecutionContextExecutor.$anonfun$execute$2(LoggingExecutionContextExecutor.scala:23)
	at akka.dispatch.TaskInvocation.run(AbstractDispatcher.scala:48)
	at akka.dispatch.ForkJoinExecutorConfigurator$AkkaForkJoinTask.exec(ForkJoinExecutorConfigurator.scala:48)
	at java.base/java.util.concurrent.ForkJoinTask.doExec(ForkJoinTask.java:511)
	at java.base/java.util.concurrent.ForkJoinPool$WorkQueue.topLevelExec(ForkJoinPool.java:1450)
	at java.base/java.util.concurrent.ForkJoinPool.runWorker(ForkJoinPool.java:2019)
	at java.base/java.util.concurrent.ForkJoinWorkerThread.run(ForkJoinWorkerThread.java:187)
13:31:46.399 [NamespaceSystem-blocking-namespace-operation-dispatcher-12] ERROR com.firebase.core.namespace.rules.util.ValidationContext - invalid path (users.manage) found while validating ruleset (thread: NamespaceSystem-blocking-namespace-operation-dispatcher-12)
com.firebase.core.namespace.rules.util.ExpressionValidationException: String can't contain ".", "#", "$", "/", "[", or "]"
	at com.firebase.core.namespace.rules.ast.Helpers$.validationError(Helpers.scala:29)
	at com.firebase.core.namespace.rules.util.ValidationContext.maybeValidateStringLiteralAsPath(ValidationContext.scala:59)
	at com.firebase.core.namespace.rules.ast.StringLiteral.validate(Literals.scala:51)
	at com.firebase.core.namespace.rules.ast.members.data.Child$.validate(Child.scala:15)
	at com.firebase.core.namespace.rules.ast.FunctionCall.validate(FunctionCall.scala:32)
	at com.firebase.core.namespace.rules.ast.PropertyGet.validate(PropertyGet.scala:77)
	at com.firebase.core.namespace.rules.ast.FunctionCall.validate(FunctionCall.scala:23)
	at com.firebase.core.namespace.rules.ast.Equals.validate(EqualityOperators.scala:51)
	at com.firebase.core.namespace.rules.ast.Or.validate(LogicalOperators.scala:54)
	at com.firebase.core.namespace.rules.ast.And.validate(LogicalOperators.scala:25)
	at com.firebase.core.namespace.rules.tree.RuleExpression.validate(RuleExpression.scala:76)
	at com.firebase.core.namespace.rules.tree.RuleNode.$anonfun$validateRule$2(RuleNode.scala:69)
	at com.firebase.core.namespace.rules.tree.RuleNode.$anonfun$validateRule$2$adapted(RuleNode.scala:69)
	at scala.Option.foreach(Option.scala:407)
	at com.firebase.core.namespace.rules.tree.RuleNode.validateRule(RuleNode.scala:69)
	at com.firebase.core.namespace.rules.tree.RuleNode.validateRule(RuleNode.scala:85)
	at com.firebase.core.namespace.rules.tree.RuleNode.$anonfun$validateRule$6(RuleNode.scala:81)
	at com.firebase.core.namespace.rules.tree.RuleNode.$anonfun$validateRule$6$adapted(RuleNode.scala:80)
	at scala.collection.IndexedSeqOptimized.foreach(IndexedSeqOptimized.scala:36)
	at scala.collection.IndexedSeqOptimized.foreach$(IndexedSeqOptimized.scala:33)
	at scala.collection.mutable.ArrayOps$ofRef.foreach(ArrayOps.scala:198)
	at com.firebase.core.namespace.rules.tree.RuleNode.validateRule(RuleNode.scala:80)
	at com.firebase.core.namespace.rules.tree.RuleNodeParser$.$anonfun$parse$1(RuleNodeParser.scala:38)
	at scala.util.DynamicVariable.withValue(DynamicVariable.scala:62)
	at com.firebase.core.namespace.rules.tree.RuleNodeParser$.parse(RuleNodeParser.scala:29)
	at com.firebase.core.namespace.NamespaceManager.parseUntrustedRules(NamespaceManager.scala:266)
	at com.firebase.core.namespace.NamespaceManager.updateRules(NamespaceManager.scala:310)
	at com.firebase.core.namespace.NamespaceActor.$anonfun$new$5(NamespaceActor.scala:1811)
	at com.firebase.core.namespace.NamespaceActor.$anonfun$new$5$adapted(NamespaceActor.scala:1807)
	at com.firebase.util.misc.MutableProvider.$anonfun$set$1(Provider.scala:28)
	at com.firebase.util.misc.MutableProvider.$anonfun$set$1$adapted(Provider.scala:27)
	at scala.collection.immutable.HashSet$HashSet1.foreach(HashSet.scala:330)
	at scala.collection.immutable.HashSet$HashTrieSet.foreach(HashSet.scala:1104)
	at com.firebase.util.misc.MutableProvider.set(Provider.scala:27)
	at com.firebase.core.namespace.NamespaceActor.persistMetadataResult(NamespaceActor.scala:1877)
	at com.firebase.core.namespace.NamespaceActor.$anonfun$handleNewRules$1(NamespaceActor.scala:1802)
	at com.firebase.util.result.package$Result.flatMap(package.scala:59)
	at com.firebase.util.result.package$Result.flatMap$(package.scala:57)
	at com.firebase.util.result.package$Value.flatMap(package.scala:203)
	at com.firebase.core.namespace.NamespaceActor.handleNewRules(NamespaceActor.scala:1801)
	at com.firebase.core.namespace.NamespaceActor.handleAllowedAdminMessage(NamespaceActor.scala:780)
	at com.firebase.core.namespace.NamespaceActor.handleAdminMessage(NamespaceActor.scala:771)
	at com.firebase.core.namespace.NamespaceActor.$anonfun$handleEnvelope$9(NamespaceActor.scala:689)
	at scala.concurrent.Future$.$anonfun$apply$1(Future.scala:659)
	at scala.util.Success.$anonfun$map$1(Try.scala:255)
	at scala.util.Success.map(Try.scala:213)
	at scala.concurrent.Future.$anonfun$map$1(Future.scala:292)
	at scala.concurrent.impl.Promise.liftedTree1$1(Promise.scala:33)
	at scala.concurrent.impl.Promise.$anonfun$transform$1(Promise.scala:33)
	at scala.concurrent.impl.CallbackRunnable.run(Promise.scala:64)
	at com.firebase.core.util.LoggingExecutionContextExecutor.$anonfun$execute$3(LoggingExecutionContextExecutor.scala:23)
	at scala.runtime.java8.JFunction0$mcV$sp.apply(JFunction0$mcV$sp.java:23)
	at com.firebase.core.util.LoggingExecutionContextExecutor.wrapExecution(LoggingExecutionContextExecutor.scala:29)
	at com.firebase.core.util.LoggingExecutionContextExecutor.$anonfun$execute$2(LoggingExecutionContextExecutor.scala:23)
	at akka.dispatch.TaskInvocation.run(AbstractDispatcher.scala:48)
	at akka.dispatch.ForkJoinExecutorConfigurator$AkkaForkJoinTask.exec(ForkJoinExecutorConfigurator.scala:48)
	at java.base/java.util.concurrent.ForkJoinTask.doExec(ForkJoinTask.java:511)
	at java.base/java.util.concurrent.ForkJoinPool$WorkQueue.topLevelExec(ForkJoinPool.java:1450)
	at java.base/java.util.concurrent.ForkJoinPool.runWorker(ForkJoinPool.java:2019)
	at java.base/java.util.concurrent.ForkJoinWorkerThread.run(ForkJoinWorkerThread.java:187)
13:31:46.402 [NamespaceSystem-blocking-namespace-operation-dispatcher-12] ERROR com.firebase.core.namespace.rules.util.ValidationContext - invalid path (audit.read) found while validating ruleset (thread: NamespaceSystem-blocking-namespace-operation-dispatcher-12)
com.firebase.core.namespace.rules.util.ExpressionValidationException: String can't contain ".", "#", "$", "/", "[", or "]"
	at com.firebase.core.namespace.rules.ast.Helpers$.validationError(Helpers.scala:29)
	at com.firebase.core.namespace.rules.util.ValidationContext.maybeValidateStringLiteralAsPath(ValidationContext.scala:59)
	at com.firebase.core.namespace.rules.ast.StringLiteral.validate(Literals.scala:51)
	at com.firebase.core.namespace.rules.ast.members.data.Child$.validate(Child.scala:15)
	at com.firebase.core.namespace.rules.ast.FunctionCall.validate(FunctionCall.scala:32)
	at com.firebase.core.namespace.rules.ast.PropertyGet.validate(PropertyGet.scala:77)
	at com.firebase.core.namespace.rules.ast.FunctionCall.validate(FunctionCall.scala:23)
	at com.firebase.core.namespace.rules.ast.Equals.validate(EqualityOperators.scala:51)
	at com.firebase.core.namespace.rules.ast.Or.validate(LogicalOperators.scala:54)
	at com.firebase.core.namespace.rules.ast.And.validate(LogicalOperators.scala:25)
	at com.firebase.core.namespace.rules.tree.RuleExpression.validate(RuleExpression.scala:76)
	at com.firebase.core.namespace.rules.tree.RuleNode.$anonfun$validateRule$1(RuleNode.scala:68)
	at com.firebase.core.namespace.rules.tree.RuleNode.$anonfun$validateRule$1$adapted(RuleNode.scala:68)
	at scala.Option.foreach(Option.scala:407)
	at com.firebase.core.namespace.rules.tree.RuleNode.validateRule(RuleNode.scala:68)
	at com.firebase.core.namespace.rules.tree.RuleNode.$anonfun$validateRule$6(RuleNode.scala:81)
	at com.firebase.core.namespace.rules.tree.RuleNode.$anonfun$validateRule$6$adapted(RuleNode.scala:80)
	at scala.collection.IndexedSeqOptimized.foreach(IndexedSeqOptimized.scala:36)
	at scala.collection.IndexedSeqOptimized.foreach$(IndexedSeqOptimized.scala:33)
	at scala.collection.mutable.ArrayOps$ofRef.foreach(ArrayOps.scala:198)
	at com.firebase.core.namespace.rules.tree.RuleNode.validateRule(RuleNode.scala:80)
	at com.firebase.core.namespace.rules.tree.RuleNodeParser$.$anonfun$parse$1(RuleNodeParser.scala:38)
	at scala.util.DynamicVariable.withValue(DynamicVariable.scala:62)
	at com.firebase.core.namespace.rules.tree.RuleNodeParser$.parse(RuleNodeParser.scala:29)
	at com.firebase.core.namespace.NamespaceManager.parseUntrustedRules(NamespaceManager.scala:266)
	at com.firebase.core.namespace.NamespaceManager.updateRules(NamespaceManager.scala:310)
	at com.firebase.core.namespace.NamespaceActor.$anonfun$new$5(NamespaceActor.scala:1811)
	at com.firebase.core.namespace.NamespaceActor.$anonfun$new$5$adapted(NamespaceActor.scala:1807)
	at com.firebase.util.misc.MutableProvider.$anonfun$set$1(Provider.scala:28)
	at com.firebase.util.misc.MutableProvider.$anonfun$set$1$adapted(Provider.scala:27)
	at scala.collection.immutable.HashSet$HashSet1.foreach(HashSet.scala:330)
	at scala.collection.immutable.HashSet$HashTrieSet.foreach(HashSet.scala:1104)
	at com.firebase.util.misc.MutableProvider.set(Provider.scala:27)
	at com.firebase.core.namespace.NamespaceActor.persistMetadataResult(NamespaceActor.scala:1877)
	at com.firebase.core.namespace.NamespaceActor.$anonfun$handleNewRules$1(NamespaceActor.scala:1802)
	at com.firebase.util.result.package$Result.flatMap(package.scala:59)
	at com.firebase.util.result.package$Result.flatMap$(package.scala:57)
	at com.firebase.util.result.package$Value.flatMap(package.scala:203)
	at com.firebase.core.namespace.NamespaceActor.handleNewRules(NamespaceActor.scala:1801)
	at com.firebase.core.namespace.NamespaceActor.handleAllowedAdminMessage(NamespaceActor.scala:780)
	at com.firebase.core.namespace.NamespaceActor.handleAdminMessage(NamespaceActor.scala:771)
	at com.firebase.core.namespace.NamespaceActor.$anonfun$handleEnvelope$9(NamespaceActor.scala:689)
	at scala.concurrent.Future$.$anonfun$apply$1(Future.scala:659)
	at scala.util.Success.$anonfun$map$1(Try.scala:255)
	at scala.util.Success.map(Try.scala:213)
	at scala.concurrent.Future.$anonfun$map$1(Future.scala:292)
	at scala.concurrent.impl.Promise.liftedTree1$1(Promise.scala:33)
	at scala.concurrent.impl.Promise.$anonfun$transform$1(Promise.scala:33)
	at scala.concurrent.impl.CallbackRunnable.run(Promise.scala:64)
	at com.firebase.core.util.LoggingExecutionContextExecutor.$anonfun$execute$3(LoggingExecutionContextExecutor.scala:23)
	at scala.runtime.java8.JFunction0$mcV$sp.apply(JFunction0$mcV$sp.java:23)
	at com.firebase.core.util.LoggingExecutionContextExecutor.wrapExecution(LoggingExecutionContextExecutor.scala:29)
	at com.firebase.core.util.LoggingExecutionContextExecutor.$anonfun$execute$2(LoggingExecutionContextExecutor.scala:23)
	at akka.dispatch.TaskInvocation.run(AbstractDispatcher.scala:48)
	at akka.dispatch.ForkJoinExecutorConfigurator$AkkaForkJoinTask.exec(ForkJoinExecutorConfigurator.scala:48)
	at java.base/java.util.concurrent.ForkJoinTask.doExec(ForkJoinTask.java:511)
	at java.base/java.util.concurrent.ForkJoinPool$WorkQueue.topLevelExec(ForkJoinPool.java:1450)
	at java.base/java.util.concurrent.ForkJoinPool.runWorker(ForkJoinPool.java:2019)
	at java.base/java.util.concurrent.ForkJoinWorkerThread.run(ForkJoinWorkerThread.java:187)
13:31:46.404 [NamespaceSystem-blocking-namespace-operation-dispatcher-12] ERROR com.firebase.core.namespace.rules.util.ValidationContext - invalid path (settings.manage) found while validating ruleset (thread: NamespaceSystem-blocking-namespace-operation-dispatcher-12)
com.firebase.core.namespace.rules.util.ExpressionValidationException: String can't contain ".", "#", "$", "/", "[", or "]"
	at com.firebase.core.namespace.rules.ast.Helpers$.validationError(Helpers.scala:29)
	at com.firebase.core.namespace.rules.util.ValidationContext.maybeValidateStringLiteralAsPath(ValidationContext.scala:59)
	at com.firebase.core.namespace.rules.ast.StringLiteral.validate(Literals.scala:51)
	at com.firebase.core.namespace.rules.ast.members.data.Child$.validate(Child.scala:15)
	at com.firebase.core.namespace.rules.ast.FunctionCall.validate(FunctionCall.scala:32)
	at com.firebase.core.namespace.rules.ast.PropertyGet.validate(PropertyGet.scala:77)
	at com.firebase.core.namespace.rules.ast.FunctionCall.validate(FunctionCall.scala:23)
	at com.firebase.core.namespace.rules.ast.Equals.validate(EqualityOperators.scala:51)
	at com.firebase.core.namespace.rules.ast.Or.validate(LogicalOperators.scala:54)
	at com.firebase.core.namespace.rules.ast.And.validate(LogicalOperators.scala:25)
	at com.firebase.core.namespace.rules.tree.RuleExpression.validate(RuleExpression.scala:76)
	at com.firebase.core.namespace.rules.tree.RuleNode.$anonfun$validateRule$2(RuleNode.scala:69)
	at com.firebase.core.namespace.rules.tree.RuleNode.$anonfun$validateRule$2$adapted(RuleNode.scala:69)
	at scala.Option.foreach(Option.scala:407)
	at com.firebase.core.namespace.rules.tree.RuleNode.validateRule(RuleNode.scala:69)
	at com.firebase.core.namespace.rules.tree.RuleNode.$anonfun$validateRule$6(RuleNode.scala:81)
	at com.firebase.core.namespace.rules.tree.RuleNode.$anonfun$validateRule$6$adapted(RuleNode.scala:80)
	at scala.collection.IndexedSeqOptimized.foreach(IndexedSeqOptimized.scala:36)
	at scala.collection.IndexedSeqOptimized.foreach$(IndexedSeqOptimized.scala:33)
	at scala.collection.mutable.ArrayOps$ofRef.foreach(ArrayOps.scala:198)
	at com.firebase.core.namespace.rules.tree.RuleNode.validateRule(RuleNode.scala:80)
	at com.firebase.core.namespace.rules.tree.RuleNodeParser$.$anonfun$parse$1(RuleNodeParser.scala:38)
	at scala.util.DynamicVariable.withValue(DynamicVariable.scala:62)
	at com.firebase.core.namespace.rules.tree.RuleNodeParser$.parse(RuleNodeParser.scala:29)
	at com.firebase.core.namespace.NamespaceManager.parseUntrustedRules(NamespaceManager.scala:266)
	at com.firebase.core.namespace.NamespaceManager.updateRules(NamespaceManager.scala:310)
	at com.firebase.core.namespace.NamespaceActor.$anonfun$new$5(NamespaceActor.scala:1811)
	at com.firebase.core.namespace.NamespaceActor.$anonfun$new$5$adapted(NamespaceActor.scala:1807)
	at com.firebase.util.misc.MutableProvider.$anonfun$set$1(Provider.scala:28)
	at com.firebase.util.misc.MutableProvider.$anonfun$set$1$adapted(Provider.scala:27)
	at scala.collection.immutable.HashSet$HashSet1.foreach(HashSet.scala:330)
	at scala.collection.immutable.HashSet$HashTrieSet.foreach(HashSet.scala:1104)
	at com.firebase.util.misc.MutableProvider.set(Provider.scala:27)
	at com.firebase.core.namespace.NamespaceActor.persistMetadataResult(NamespaceActor.scala:1877)
	at com.firebase.core.namespace.NamespaceActor.$anonfun$handleNewRules$1(NamespaceActor.scala:1802)
	at com.firebase.util.result.package$Result.flatMap(package.scala:59)
	at com.firebase.util.result.package$Result.flatMap$(package.scala:57)
	at com.firebase.util.result.package$Value.flatMap(package.scala:203)
	at com.firebase.core.namespace.NamespaceActor.handleNewRules(NamespaceActor.scala:1801)
	at com.firebase.core.namespace.NamespaceActor.handleAllowedAdminMessage(NamespaceActor.scala:780)
	at com.firebase.core.namespace.NamespaceActor.handleAdminMessage(NamespaceActor.scala:771)
	at com.firebase.core.namespace.NamespaceActor.$anonfun$handleEnvelope$9(NamespaceActor.scala:689)
	at scala.concurrent.Future$.$anonfun$apply$1(Future.scala:659)
	at scala.util.Success.$anonfun$map$1(Try.scala:255)
	at scala.util.Success.map(Try.scala:213)
	at scala.concurrent.Future.$anonfun$map$1(Future.scala:292)
	at scala.concurrent.impl.Promise.liftedTree1$1(Promise.scala:33)
	at scala.concurrent.impl.Promise.$anonfun$transform$1(Promise.scala:33)
	at scala.concurrent.impl.CallbackRunnable.run(Promise.scala:64)
	at com.firebase.core.util.LoggingExecutionContextExecutor.$anonfun$execute$3(LoggingExecutionContextExecutor.scala:23)
	at scala.runtime.java8.JFunction0$mcV$sp.apply(JFunction0$mcV$sp.java:23)
	at com.firebase.core.util.LoggingExecutionContextExecutor.wrapExecution(LoggingExecutionContextExecutor.scala:29)
	at com.firebase.core.util.LoggingExecutionContextExecutor.$anonfun$execute$2(LoggingExecutionContextExecutor.scala:23)
	at akka.dispatch.TaskInvocation.run(AbstractDispatcher.scala:48)
	at akka.dispatch.ForkJoinExecutorConfigurator$AkkaForkJoinTask.exec(ForkJoinExecutorConfigurator.scala:48)
	at java.base/java.util.concurrent.ForkJoinTask.doExec(ForkJoinTask.java:511)
	at java.base/java.util.concurrent.ForkJoinPool$WorkQueue.topLevelExec(ForkJoinPool.java:1450)
	at java.base/java.util.concurrent.ForkJoinPool.runWorker(ForkJoinPool.java:2019)
	at java.base/java.util.concurrent.ForkJoinWorkerThread.run(ForkJoinWorkerThread.java:187)
13:31:46.405 [NamespaceSystem-blocking-namespace-operation-dispatcher-12] ERROR com.firebase.core.namespace.rules.util.ValidationContext - invalid path (settings.manage) found while validating ruleset (thread: NamespaceSystem-blocking-namespace-operation-dispatcher-12)
com.firebase.core.namespace.rules.util.ExpressionValidationException: String can't contain ".", "#", "$", "/", "[", or "]"
	at com.firebase.core.namespace.rules.ast.Helpers$.validationError(Helpers.scala:29)
	at com.firebase.core.namespace.rules.util.ValidationContext.maybeValidateStringLiteralAsPath(ValidationContext.scala:59)
	at com.firebase.core.namespace.rules.ast.StringLiteral.validate(Literals.scala:51)
	at com.firebase.core.namespace.rules.ast.members.data.Child$.validate(Child.scala:15)
	at com.firebase.core.namespace.rules.ast.FunctionCall.validate(FunctionCall.scala:32)
	at com.firebase.core.namespace.rules.ast.PropertyGet.validate(PropertyGet.scala:77)
	at com.firebase.core.namespace.rules.ast.FunctionCall.validate(FunctionCall.scala:23)
	at com.firebase.core.namespace.rules.ast.Equals.validate(EqualityOperators.scala:51)
	at com.firebase.core.namespace.rules.ast.Or.validate(LogicalOperators.scala:54)
	at com.firebase.core.namespace.rules.ast.And.validate(LogicalOperators.scala:25)
	at com.firebase.core.namespace.rules.tree.RuleExpression.validate(RuleExpression.scala:76)
	at com.firebase.core.namespace.rules.tree.RuleNode.$anonfun$validateRule$1(RuleNode.scala:68)
	at com.firebase.core.namespace.rules.tree.RuleNode.$anonfun$validateRule$1$adapted(RuleNode.scala:68)
	at scala.Option.foreach(Option.scala:407)
	at com.firebase.core.namespace.rules.tree.RuleNode.validateRule(RuleNode.scala:68)
	at com.firebase.core.namespace.rules.tree.RuleNode.$anonfun$validateRule$6(RuleNode.scala:81)
	at com.firebase.core.namespace.rules.tree.RuleNode.$anonfun$validateRule$6$adapted(RuleNode.scala:80)
	at scala.collection.IndexedSeqOptimized.foreach(IndexedSeqOptimized.scala:36)
	at scala.collection.IndexedSeqOptimized.foreach$(IndexedSeqOptimized.scala:33)
	at scala.collection.mutable.ArrayOps$ofRef.foreach(ArrayOps.scala:198)
	at com.firebase.core.namespace.rules.tree.RuleNode.validateRule(RuleNode.scala:80)
	at com.firebase.core.namespace.rules.tree.RuleNodeParser$.$anonfun$parse$1(RuleNodeParser.scala:38)
	at scala.util.DynamicVariable.withValue(DynamicVariable.scala:62)
	at com.firebase.core.namespace.rules.tree.RuleNodeParser$.parse(RuleNodeParser.scala:29)
	at com.firebase.core.namespace.NamespaceManager.parseUntrustedRules(NamespaceManager.scala:266)
	at com.firebase.core.namespace.NamespaceManager.updateRules(NamespaceManager.scala:310)
	at com.firebase.core.namespace.NamespaceActor.$anonfun$new$5(NamespaceActor.scala:1811)
	at com.firebase.core.namespace.NamespaceActor.$anonfun$new$5$adapted(NamespaceActor.scala:1807)
	at com.firebase.util.misc.MutableProvider.$anonfun$set$1(Provider.scala:28)
	at com.firebase.util.misc.MutableProvider.$anonfun$set$1$adapted(Provider.scala:27)
	at scala.collection.immutable.HashSet$HashSet1.foreach(HashSet.scala:330)
	at scala.collection.immutable.HashSet$HashTrieSet.foreach(HashSet.scala:1104)
	at com.firebase.util.misc.MutableProvider.set(Provider.scala:27)
	at com.firebase.core.namespace.NamespaceActor.persistMetadataResult(NamespaceActor.scala:1877)
	at com.firebase.core.namespace.NamespaceActor.$anonfun$handleNewRules$1(NamespaceActor.scala:1802)
	at com.firebase.util.result.package$Result.flatMap(package.scala:59)
	at com.firebase.util.result.package$Result.flatMap$(package.scala:57)
	at com.firebase.util.result.package$Value.flatMap(package.scala:203)
	at com.firebase.core.namespace.NamespaceActor.handleNewRules(NamespaceActor.scala:1801)
	at com.firebase.core.namespace.NamespaceActor.handleAllowedAdminMessage(NamespaceActor.scala:780)
	at com.firebase.core.namespace.NamespaceActor.handleAdminMessage(NamespaceActor.scala:771)
	at com.firebase.core.namespace.NamespaceActor.$anonfun$handleEnvelope$9(NamespaceActor.scala:689)
	at scala.concurrent.Future$.$anonfun$apply$1(Future.scala:659)
	at scala.util.Success.$anonfun$map$1(Try.scala:255)
	at scala.util.Success.map(Try.scala:213)
	at scala.concurrent.Future.$anonfun$map$1(Future.scala:292)
	at scala.concurrent.impl.Promise.liftedTree1$1(Promise.scala:33)
	at scala.concurrent.impl.Promise.$anonfun$transform$1(Promise.scala:33)
	at scala.concurrent.impl.CallbackRunnable.run(Promise.scala:64)
	at com.firebase.core.util.LoggingExecutionContextExecutor.$anonfun$execute$3(LoggingExecutionContextExecutor.scala:23)
	at scala.runtime.java8.JFunction0$mcV$sp.apply(JFunction0$mcV$sp.java:23)
	at com.firebase.core.util.LoggingExecutionContextExecutor.wrapExecution(LoggingExecutionContextExecutor.scala:29)
	at com.firebase.core.util.LoggingExecutionContextExecutor.$anonfun$execute$2(LoggingExecutionContextExecutor.scala:23)
	at akka.dispatch.TaskInvocation.run(AbstractDispatcher.scala:48)
	at akka.dispatch.ForkJoinExecutorConfigurator$AkkaForkJoinTask.exec(ForkJoinExecutorConfigurator.scala:48)
	at java.base/java.util.concurrent.ForkJoinTask.doExec(ForkJoinTask.java:511)
	at java.base/java.util.concurrent.ForkJoinPool$WorkQueue.topLevelExec(ForkJoinPool.java:1450)
	at java.base/java.util.concurrent.ForkJoinPool.runWorker(ForkJoinPool.java:2019)
	at java.base/java.util.concurrent.ForkJoinWorkerThread.run(ForkJoinWorkerThread.java:187)
13:31:46.409 [NamespaceSystem-blocking-namespace-operation-dispatcher-12] ERROR com.firebase.core.namespace.rules.util.ValidationContext - invalid path (roles.manage) found while validating ruleset (thread: NamespaceSystem-blocking-namespace-operation-dispatcher-12)
com.firebase.core.namespace.rules.util.ExpressionValidationException: String can't contain ".", "#", "$", "/", "[", or "]"
	at com.firebase.core.namespace.rules.ast.Helpers$.validationError(Helpers.scala:29)
	at com.firebase.core.namespace.rules.util.ValidationContext.maybeValidateStringLiteralAsPath(ValidationContext.scala:59)
	at com.firebase.core.namespace.rules.ast.StringLiteral.validate(Literals.scala:51)
	at com.firebase.core.namespace.rules.ast.members.data.Child$.validate(Child.scala:15)
	at com.firebase.core.namespace.rules.ast.FunctionCall.validate(FunctionCall.scala:32)
	at com.firebase.core.namespace.rules.ast.PropertyGet.validate(PropertyGet.scala:77)
	at com.firebase.core.namespace.rules.ast.FunctionCall.validate(FunctionCall.scala:23)
	at com.firebase.core.namespace.rules.ast.Equals.validate(EqualityOperators.scala:51)
	at com.firebase.core.namespace.rules.ast.Or.validate(LogicalOperators.scala:54)
	at com.firebase.core.namespace.rules.ast.And.validate(LogicalOperators.scala:25)
	at com.firebase.core.namespace.rules.tree.RuleExpression.validate(RuleExpression.scala:76)
	at com.firebase.core.namespace.rules.tree.RuleNode.$anonfun$validateRule$2(RuleNode.scala:69)
	at com.firebase.core.namespace.rules.tree.RuleNode.$anonfun$validateRule$2$adapted(RuleNode.scala:69)
	at scala.Option.foreach(Option.scala:407)
	at com.firebase.core.namespace.rules.tree.RuleNode.validateRule(RuleNode.scala:69)
	at com.firebase.core.namespace.rules.tree.RuleNode.$anonfun$validateRule$6(RuleNode.scala:81)
	at com.firebase.core.namespace.rules.tree.RuleNode.$anonfun$validateRule$6$adapted(RuleNode.scala:80)
	at scala.collection.IndexedSeqOptimized.foreach(IndexedSeqOptimized.scala:36)
	at scala.collection.IndexedSeqOptimized.foreach$(IndexedSeqOptimized.scala:33)
	at scala.collection.mutable.ArrayOps$ofRef.foreach(ArrayOps.scala:198)
	at com.firebase.core.namespace.rules.tree.RuleNode.validateRule(RuleNode.scala:80)
	at com.firebase.core.namespace.rules.tree.RuleNodeParser$.$anonfun$parse$1(RuleNodeParser.scala:38)
	at scala.util.DynamicVariable.withValue(DynamicVariable.scala:62)
	at com.firebase.core.namespace.rules.tree.RuleNodeParser$.parse(RuleNodeParser.scala:29)
	at com.firebase.core.namespace.NamespaceManager.parseUntrustedRules(NamespaceManager.scala:266)
	at com.firebase.core.namespace.NamespaceManager.updateRules(NamespaceManager.scala:310)
	at com.firebase.core.namespace.NamespaceActor.$anonfun$new$5(NamespaceActor.scala:1811)
	at com.firebase.core.namespace.NamespaceActor.$anonfun$new$5$adapted(NamespaceActor.scala:1807)
	at com.firebase.util.misc.MutableProvider.$anonfun$set$1(Provider.scala:28)
	at com.firebase.util.misc.MutableProvider.$anonfun$set$1$adapted(Provider.scala:27)
	at scala.collection.immutable.HashSet$HashSet1.foreach(HashSet.scala:330)
	at scala.collection.immutable.HashSet$HashTrieSet.foreach(HashSet.scala:1104)
	at com.firebase.util.misc.MutableProvider.set(Provider.scala:27)
	at com.firebase.core.namespace.NamespaceActor.persistMetadataResult(NamespaceActor.scala:1877)
	at com.firebase.core.namespace.NamespaceActor.$anonfun$handleNewRules$1(NamespaceActor.scala:1802)
	at com.firebase.util.result.package$Result.flatMap(package.scala:59)
	at com.firebase.util.result.package$Result.flatMap$(package.scala:57)
	at com.firebase.util.result.package$Value.flatMap(package.scala:203)
	at com.firebase.core.namespace.NamespaceActor.handleNewRules(NamespaceActor.scala:1801)
	at com.firebase.core.namespace.NamespaceActor.handleAllowedAdminMessage(NamespaceActor.scala:780)
	at com.firebase.core.namespace.NamespaceActor.handleAdminMessage(NamespaceActor.scala:771)
	at com.firebase.core.namespace.NamespaceActor.$anonfun$handleEnvelope$9(NamespaceActor.scala:689)
	at scala.concurrent.Future$.$anonfun$apply$1(Future.scala:659)
	at scala.util.Success.$anonfun$map$1(Try.scala:255)
	at scala.util.Success.map(Try.scala:213)
	at scala.concurrent.Future.$anonfun$map$1(Future.scala:292)
	at scala.concurrent.impl.Promise.liftedTree1$1(Promise.scala:33)
	at scala.concurrent.impl.Promise.$anonfun$transform$1(Promise.scala:33)
	at scala.concurrent.impl.CallbackRunnable.run(Promise.scala:64)
	at com.firebase.core.util.LoggingExecutionContextExecutor.$anonfun$execute$3(LoggingExecutionContextExecutor.scala:23)
	at scala.runtime.java8.JFunction0$mcV$sp.apply(JFunction0$mcV$sp.java:23)
	at com.firebase.core.util.LoggingExecutionContextExecutor.wrapExecution(LoggingExecutionContextExecutor.scala:29)
	at com.firebase.core.util.LoggingExecutionContextExecutor.$anonfun$execute$2(LoggingExecutionContextExecutor.scala:23)
	at akka.dispatch.TaskInvocation.run(AbstractDispatcher.scala:48)
	at akka.dispatch.ForkJoinExecutorConfigurator$AkkaForkJoinTask.exec(ForkJoinExecutorConfigurator.scala:48)
	at java.base/java.util.concurrent.ForkJoinTask.doExec(ForkJoinTask.java:511)
	at java.base/java.util.concurrent.ForkJoinPool$WorkQueue.topLevelExec(ForkJoinPool.java:1450)
	at java.base/java.util.concurrent.ForkJoinPool.runWorker(ForkJoinPool.java:2019)
	at java.base/java.util.concurrent.ForkJoinWorkerThread.run(ForkJoinWorkerThread.java:187)
13:31:46.411 [NamespaceSystem-blocking-namespace-operation-dispatcher-12] ERROR com.firebase.core.namespace.rules.util.ValidationContext - invalid path (roles.manage) found while validating ruleset (thread: NamespaceSystem-blocking-namespace-operation-dispatcher-12)
com.firebase.core.namespace.rules.util.ExpressionValidationException: String can't contain ".", "#", "$", "/", "[", or "]"
	at com.firebase.core.namespace.rules.ast.Helpers$.validationError(Helpers.scala:29)
	at com.firebase.core.namespace.rules.util.ValidationContext.maybeValidateStringLiteralAsPath(ValidationContext.scala:59)
	at com.firebase.core.namespace.rules.ast.StringLiteral.validate(Literals.scala:51)
	at com.firebase.core.namespace.rules.ast.members.data.Child$.validate(Child.scala:15)
	at com.firebase.core.namespace.rules.ast.FunctionCall.validate(FunctionCall.scala:32)
	at com.firebase.core.namespace.rules.ast.PropertyGet.validate(PropertyGet.scala:77)
	at com.firebase.core.namespace.rules.ast.FunctionCall.validate(FunctionCall.scala:23)
	at com.firebase.core.namespace.rules.ast.Equals.validate(EqualityOperators.scala:51)
	at com.firebase.core.namespace.rules.ast.Or.validate(LogicalOperators.scala:54)
	at com.firebase.core.namespace.rules.ast.And.validate(LogicalOperators.scala:25)
	at com.firebase.core.namespace.rules.tree.RuleExpression.validate(RuleExpression.scala:76)
	at com.firebase.core.namespace.rules.tree.RuleNode.$anonfun$validateRule$2(RuleNode.scala:69)
	at com.firebase.core.namespace.rules.tree.RuleNode.$anonfun$validateRule$2$adapted(RuleNode.scala:69)
	at scala.Option.foreach(Option.scala:407)
	at com.firebase.core.namespace.rules.tree.RuleNode.validateRule(RuleNode.scala:69)
	at com.firebase.core.namespace.rules.tree.RuleNode.$anonfun$validateRule$6(RuleNode.scala:81)
	at com.firebase.core.namespace.rules.tree.RuleNode.$anonfun$validateRule$6$adapted(RuleNode.scala:80)
	at scala.collection.IndexedSeqOptimized.foreach(IndexedSeqOptimized.scala:36)
	at scala.collection.IndexedSeqOptimized.foreach$(IndexedSeqOptimized.scala:33)
	at scala.collection.mutable.ArrayOps$ofRef.foreach(ArrayOps.scala:198)
	at com.firebase.core.namespace.rules.tree.RuleNode.validateRule(RuleNode.scala:80)
	at com.firebase.core.namespace.rules.tree.RuleNodeParser$.$anonfun$parse$1(RuleNodeParser.scala:38)
	at scala.util.DynamicVariable.withValue(DynamicVariable.scala:62)
	at com.firebase.core.namespace.rules.tree.RuleNodeParser$.parse(RuleNodeParser.scala:29)
	at com.firebase.core.namespace.NamespaceManager.parseUntrustedRules(NamespaceManager.scala:266)
	at com.firebase.core.namespace.NamespaceManager.updateRules(NamespaceManager.scala:310)
	at com.firebase.core.namespace.NamespaceActor.$anonfun$new$5(NamespaceActor.scala:1811)
	at com.firebase.core.namespace.NamespaceActor.$anonfun$new$5$adapted(NamespaceActor.scala:1807)
	at com.firebase.util.misc.MutableProvider.$anonfun$set$1(Provider.scala:28)
	at com.firebase.util.misc.MutableProvider.$anonfun$set$1$adapted(Provider.scala:27)
	at scala.collection.immutable.HashSet$HashSet1.foreach(HashSet.scala:330)
	at scala.collection.immutable.HashSet$HashTrieSet.foreach(HashSet.scala:1104)
	at com.firebase.util.misc.MutableProvider.set(Provider.scala:27)
	at com.firebase.core.namespace.NamespaceActor.persistMetadataResult(NamespaceActor.scala:1877)
	at com.firebase.core.namespace.NamespaceActor.$anonfun$handleNewRules$1(NamespaceActor.scala:1802)
	at com.firebase.util.result.package$Result.flatMap(package.scala:59)
	at com.firebase.util.result.package$Result.flatMap$(package.scala:57)
	at com.firebase.util.result.package$Value.flatMap(package.scala:203)
	at com.firebase.core.namespace.NamespaceActor.handleNewRules(NamespaceActor.scala:1801)
	at com.firebase.core.namespace.NamespaceActor.handleAllowedAdminMessage(NamespaceActor.scala:780)
	at com.firebase.core.namespace.NamespaceActor.handleAdminMessage(NamespaceActor.scala:771)
	at com.firebase.core.namespace.NamespaceActor.$anonfun$handleEnvelope$9(NamespaceActor.scala:689)
	at scala.concurrent.Future$.$anonfun$apply$1(Future.scala:659)
	at scala.util.Success.$anonfun$map$1(Try.scala:255)
	at scala.util.Success.map(Try.scala:213)
	at scala.concurrent.Future.$anonfun$map$1(Future.scala:292)
	at scala.concurrent.impl.Promise.liftedTree1$1(Promise.scala:33)
	at scala.concurrent.impl.Promise.$anonfun$transform$1(Promise.scala:33)
	at scala.concurrent.impl.CallbackRunnable.run(Promise.scala:64)
	at com.firebase.core.util.LoggingExecutionContextExecutor.$anonfun$execute$3(LoggingExecutionContextExecutor.scala:23)
	at scala.runtime.java8.JFunction0$mcV$sp.apply(JFunction0$mcV$sp.java:23)
	at com.firebase.core.util.LoggingExecutionContextExecutor.wrapExecution(LoggingExecutionContextExecutor.scala:29)
	at com.firebase.core.util.LoggingExecutionContextExecutor.$anonfun$execute$2(LoggingExecutionContextExecutor.scala:23)
	at akka.dispatch.TaskInvocation.run(AbstractDispatcher.scala:48)
	at akka.dispatch.ForkJoinExecutorConfigurator$AkkaForkJoinTask.exec(ForkJoinExecutorConfigurator.scala:48)
	at java.base/java.util.concurrent.ForkJoinTask.doExec(ForkJoinTask.java:511)
	at java.base/java.util.concurrent.ForkJoinPool$WorkQueue.topLevelExec(ForkJoinPool.java:1450)
	at java.base/java.util.concurrent.ForkJoinPool.runWorker(ForkJoinPool.java:2019)
	at java.base/java.util.concurrent.ForkJoinWorkerThread.run(ForkJoinWorkerThread.java:187)
13:31:46.414 [NamespaceSystem-blocking-namespace-operation-dispatcher-12] ERROR com.firebase.core.namespace.rules.util.ValidationContext - invalid path (roles.manage) found while validating ruleset (thread: NamespaceSystem-blocking-namespace-operation-dispatcher-12)
com.firebase.core.namespace.rules.util.ExpressionValidationException: String can't contain ".", "#", "$", "/", "[", or "]"
	at com.firebase.core.namespace.rules.ast.Helpers$.validationError(Helpers.scala:29)
	at com.firebase.core.namespace.rules.util.ValidationContext.maybeValidateStringLiteralAsPath(ValidationContext.scala:59)
	at com.firebase.core.namespace.rules.ast.StringLiteral.validate(Literals.scala:51)
	at com.firebase.core.namespace.rules.ast.members.data.Child$.validate(Child.scala:15)
	at com.firebase.core.namespace.rules.ast.FunctionCall.validate(FunctionCall.scala:32)
	at com.firebase.core.namespace.rules.ast.PropertyGet.validate(PropertyGet.scala:77)
	at com.firebase.core.namespace.rules.ast.FunctionCall.validate(FunctionCall.scala:23)
	at com.firebase.core.namespace.rules.ast.Equals.validate(EqualityOperators.scala:51)
	at com.firebase.core.namespace.rules.ast.Or.validate(LogicalOperators.scala:54)
	at com.firebase.core.namespace.rules.ast.And.validate(LogicalOperators.scala:25)
	at com.firebase.core.namespace.rules.tree.RuleExpression.validate(RuleExpression.scala:76)
	at com.firebase.core.namespace.rules.tree.RuleNode.$anonfun$validateRule$2(RuleNode.scala:69)
	at com.firebase.core.namespace.rules.tree.RuleNode.$anonfun$validateRule$2$adapted(RuleNode.scala:69)
	at scala.Option.foreach(Option.scala:407)
	at com.firebase.core.namespace.rules.tree.RuleNode.validateRule(RuleNode.scala:69)
	at com.firebase.core.namespace.rules.tree.RuleNode.$anonfun$validateRule$6(RuleNode.scala:81)
	at com.firebase.core.namespace.rules.tree.RuleNode.$anonfun$validateRule$6$adapted(RuleNode.scala:80)
	at scala.collection.IndexedSeqOptimized.foreach(IndexedSeqOptimized.scala:36)
	at scala.collection.IndexedSeqOptimized.foreach$(IndexedSeqOptimized.scala:33)
	at scala.collection.mutable.ArrayOps$ofRef.foreach(ArrayOps.scala:198)
	at com.firebase.core.namespace.rules.tree.RuleNode.validateRule(RuleNode.scala:80)
	at com.firebase.core.namespace.rules.tree.RuleNodeParser$.$anonfun$parse$1(RuleNodeParser.scala:38)
	at scala.util.DynamicVariable.withValue(DynamicVariable.scala:62)
	at com.firebase.core.namespace.rules.tree.RuleNodeParser$.parse(RuleNodeParser.scala:29)
	at com.firebase.core.namespace.NamespaceManager.parseUntrustedRules(NamespaceManager.scala:266)
	at com.firebase.core.namespace.NamespaceManager.updateRules(NamespaceManager.scala:310)
	at com.firebase.core.namespace.NamespaceActor.$anonfun$new$5(NamespaceActor.scala:1811)
	at com.firebase.core.namespace.NamespaceActor.$anonfun$new$5$adapted(NamespaceActor.scala:1807)
	at com.firebase.util.misc.MutableProvider.$anonfun$set$1(Provider.scala:28)
	at com.firebase.util.misc.MutableProvider.$anonfun$set$1$adapted(Provider.scala:27)
	at scala.collection.immutable.HashSet$HashSet1.foreach(HashSet.scala:330)
	at scala.collection.immutable.HashSet$HashTrieSet.foreach(HashSet.scala:1104)
	at com.firebase.util.misc.MutableProvider.set(Provider.scala:27)
	at com.firebase.core.namespace.NamespaceActor.persistMetadataResult(NamespaceActor.scala:1877)
	at com.firebase.core.namespace.NamespaceActor.$anonfun$handleNewRules$1(NamespaceActor.scala:1802)
	at com.firebase.util.result.package$Result.flatMap(package.scala:59)
	at com.firebase.util.result.package$Result.flatMap$(package.scala:57)
	at com.firebase.util.result.package$Value.flatMap(package.scala:203)
	at com.firebase.core.namespace.NamespaceActor.handleNewRules(NamespaceActor.scala:1801)
	at com.firebase.core.namespace.NamespaceActor.handleAllowedAdminMessage(NamespaceActor.scala:780)
	at com.firebase.core.namespace.NamespaceActor.handleAdminMessage(NamespaceActor.scala:771)
	at com.firebase.core.namespace.NamespaceActor.$anonfun$handleEnvelope$9(NamespaceActor.scala:689)
	at scala.concurrent.Future$.$anonfun$apply$1(Future.scala:659)
	at scala.util.Success.$anonfun$map$1(Try.scala:255)
	at scala.util.Success.map(Try.scala:213)
	at scala.concurrent.Future.$anonfun$map$1(Future.scala:292)
	at scala.concurrent.impl.Promise.liftedTree1$1(Promise.scala:33)
	at scala.concurrent.impl.Promise.$anonfun$transform$1(Promise.scala:33)
	at scala.concurrent.impl.CallbackRunnable.run(Promise.scala:64)
	at com.firebase.core.util.LoggingExecutionContextExecutor.$anonfun$execute$3(LoggingExecutionContextExecutor.scala:23)
	at scala.runtime.java8.JFunction0$mcV$sp.apply(JFunction0$mcV$sp.java:23)
	at com.firebase.core.util.LoggingExecutionContextExecutor.wrapExecution(LoggingExecutionContextExecutor.scala:29)
	at com.firebase.core.util.LoggingExecutionContextExecutor.$anonfun$execute$2(LoggingExecutionContextExecutor.scala:23)
	at akka.dispatch.TaskInvocation.run(AbstractDispatcher.scala:48)
	at akka.dispatch.ForkJoinExecutorConfigurator$AkkaForkJoinTask.exec(ForkJoinExecutorConfigurator.scala:48)
	at java.base/java.util.concurrent.ForkJoinTask.doExec(ForkJoinTask.java:511)
	at java.base/java.util.concurrent.ForkJoinPool$WorkQueue.topLevelExec(ForkJoinPool.java:1450)
	at java.base/java.util.concurrent.ForkJoinPool.runWorker(ForkJoinPool.java:2019)
	at java.base/java.util.concurrent.ForkJoinWorkerThread.run(ForkJoinWorkerThread.java:187)
13:31:46.415 [NamespaceSystem-blocking-namespace-operation-dispatcher-12] ERROR com.firebase.core.namespace.rules.util.ValidationContext - invalid path (rh.read) found while validating ruleset (thread: NamespaceSystem-blocking-namespace-operation-dispatcher-12)
com.firebase.core.namespace.rules.util.ExpressionValidationException: String can't contain ".", "#", "$", "/", "[", or "]"
	at com.firebase.core.namespace.rules.ast.Helpers$.validationError(Helpers.scala:29)
	at com.firebase.core.namespace.rules.util.ValidationContext.maybeValidateStringLiteralAsPath(ValidationContext.scala:59)
	at com.firebase.core.namespace.rules.ast.StringLiteral.validate(Literals.scala:51)
	at com.firebase.core.namespace.rules.ast.members.data.Child$.validate(Child.scala:15)
	at com.firebase.core.namespace.rules.ast.FunctionCall.validate(FunctionCall.scala:32)
	at com.firebase.core.namespace.rules.ast.PropertyGet.validate(PropertyGet.scala:77)
	at com.firebase.core.namespace.rules.ast.FunctionCall.validate(FunctionCall.scala:23)
	at com.firebase.core.namespace.rules.ast.Equals.validate(EqualityOperators.scala:51)
	at com.firebase.core.namespace.rules.ast.Or.validate(LogicalOperators.scala:53)
	at com.firebase.core.namespace.rules.ast.And.validate(LogicalOperators.scala:25)
	at com.firebase.core.namespace.rules.tree.RuleExpression.validate(RuleExpression.scala:76)
	at com.firebase.core.namespace.rules.tree.RuleNode.$anonfun$validateRule$1(RuleNode.scala:68)
	at com.firebase.core.namespace.rules.tree.RuleNode.$anonfun$validateRule$1$adapted(RuleNode.scala:68)
	at scala.Option.foreach(Option.scala:407)
	at com.firebase.core.namespace.rules.tree.RuleNode.validateRule(RuleNode.scala:68)
	at com.firebase.core.namespace.rules.tree.RuleNode.validateRule(RuleNode.scala:85)
	at com.firebase.core.namespace.rules.tree.RuleNode.$anonfun$validateRule$6(RuleNode.scala:81)
	at com.firebase.core.namespace.rules.tree.RuleNode.$anonfun$validateRule$6$adapted(RuleNode.scala:80)
	at scala.collection.IndexedSeqOptimized.foreach(IndexedSeqOptimized.scala:36)
	at scala.collection.IndexedSeqOptimized.foreach$(IndexedSeqOptimized.scala:33)
	at scala.collection.mutable.ArrayOps$ofRef.foreach(ArrayOps.scala:198)
	at com.firebase.core.namespace.rules.tree.RuleNode.validateRule(RuleNode.scala:80)
	at com.firebase.core.namespace.rules.tree.RuleNodeParser$.$anonfun$parse$1(RuleNodeParser.scala:38)
	at scala.util.DynamicVariable.withValue(DynamicVariable.scala:62)
	at com.firebase.core.namespace.rules.tree.RuleNodeParser$.parse(RuleNodeParser.scala:29)
	at com.firebase.core.namespace.NamespaceManager.parseUntrustedRules(NamespaceManager.scala:266)
	at com.firebase.core.namespace.NamespaceManager.updateRules(NamespaceManager.scala:310)
	at com.firebase.core.namespace.NamespaceActor.$anonfun$new$5(NamespaceActor.scala:1811)
	at com.firebase.core.namespace.NamespaceActor.$anonfun$new$5$adapted(NamespaceActor.scala:1807)
	at com.firebase.util.misc.MutableProvider.$anonfun$set$1(Provider.scala:28)
	at com.firebase.util.misc.MutableProvider.$anonfun$set$1$adapted(Provider.scala:27)
	at scala.collection.immutable.HashSet$HashSet1.foreach(HashSet.scala:330)
	at scala.collection.immutable.HashSet$HashTrieSet.foreach(HashSet.scala:1104)
	at com.firebase.util.misc.MutableProvider.set(Provider.scala:27)
	at com.firebase.core.namespace.NamespaceActor.persistMetadataResult(NamespaceActor.scala:1877)
	at com.firebase.core.namespace.NamespaceActor.$anonfun$handleNewRules$1(NamespaceActor.scala:1802)
	at com.firebase.util.result.package$Result.flatMap(package.scala:59)
	at com.firebase.util.result.package$Result.flatMap$(package.scala:57)
	at com.firebase.util.result.package$Value.flatMap(package.scala:203)
	at com.firebase.core.namespace.NamespaceActor.handleNewRules(NamespaceActor.scala:1801)
	at com.firebase.core.namespace.NamespaceActor.handleAllowedAdminMessage(NamespaceActor.scala:780)
	at com.firebase.core.namespace.NamespaceActor.handleAdminMessage(NamespaceActor.scala:771)
	at com.firebase.core.namespace.NamespaceActor.$anonfun$handleEnvelope$9(NamespaceActor.scala:689)
	at scala.concurrent.Future$.$anonfun$apply$1(Future.scala:659)
	at scala.util.Success.$anonfun$map$1(Try.scala:255)
	at scala.util.Success.map(Try.scala:213)
	at scala.concurrent.Future.$anonfun$map$1(Future.scala:292)
	at scala.concurrent.impl.Promise.liftedTree1$1(Promise.scala:33)
	at scala.concurrent.impl.Promise.$anonfun$transform$1(Promise.scala:33)
	at scala.concurrent.impl.CallbackRunnable.run(Promise.scala:64)
	at com.firebase.core.util.LoggingExecutionContextExecutor.$anonfun$execute$3(LoggingExecutionContextExecutor.scala:23)
	at scala.runtime.java8.JFunction0$mcV$sp.apply(JFunction0$mcV$sp.java:23)
	at com.firebase.core.util.LoggingExecutionContextExecutor.wrapExecution(LoggingExecutionContextExecutor.scala:29)
	at com.firebase.core.util.LoggingExecutionContextExecutor.$anonfun$execute$2(LoggingExecutionContextExecutor.scala:23)
	at akka.dispatch.TaskInvocation.run(AbstractDispatcher.scala:48)
	at akka.dispatch.ForkJoinExecutorConfigurator$AkkaForkJoinTask.exec(ForkJoinExecutorConfigurator.scala:48)
	at java.base/java.util.concurrent.ForkJoinTask.doExec(ForkJoinTask.java:511)
	at java.base/java.util.concurrent.ForkJoinPool$WorkQueue.topLevelExec(ForkJoinPool.java:1450)
	at java.base/java.util.concurrent.ForkJoinPool.runWorker(ForkJoinPool.java:2019)
	at java.base/java.util.concurrent.ForkJoinWorkerThread.run(ForkJoinWorkerThread.java:187)
13:31:46.417 [NamespaceSystem-blocking-namespace-operation-dispatcher-12] ERROR com.firebase.core.namespace.rules.util.ValidationContext - invalid path (rh.update) found while validating ruleset (thread: NamespaceSystem-blocking-namespace-operation-dispatcher-12)
com.firebase.core.namespace.rules.util.ExpressionValidationException: String can't contain ".", "#", "$", "/", "[", or "]"
	at com.firebase.core.namespace.rules.ast.Helpers$.validationError(Helpers.scala:29)
	at com.firebase.core.namespace.rules.util.ValidationContext.maybeValidateStringLiteralAsPath(ValidationContext.scala:59)
	at com.firebase.core.namespace.rules.ast.StringLiteral.validate(Literals.scala:51)
	at com.firebase.core.namespace.rules.ast.members.data.Child$.validate(Child.scala:15)
	at com.firebase.core.namespace.rules.ast.FunctionCall.validate(FunctionCall.scala:32)
	at com.firebase.core.namespace.rules.ast.PropertyGet.validate(PropertyGet.scala:77)
	at com.firebase.core.namespace.rules.ast.FunctionCall.validate(FunctionCall.scala:23)
	at com.firebase.core.namespace.rules.ast.Equals.validate(EqualityOperators.scala:51)
	at com.firebase.core.namespace.rules.ast.Or.validate(LogicalOperators.scala:53)
	at com.firebase.core.namespace.rules.ast.And.validate(LogicalOperators.scala:25)
	at com.firebase.core.namespace.rules.tree.RuleExpression.validate(RuleExpression.scala:76)
	at com.firebase.core.namespace.rules.tree.RuleNode.$anonfun$validateRule$2(RuleNode.scala:69)
	at com.firebase.core.namespace.rules.tree.RuleNode.$anonfun$validateRule$2$adapted(RuleNode.scala:69)
	at scala.Option.foreach(Option.scala:407)
	at com.firebase.core.namespace.rules.tree.RuleNode.validateRule(RuleNode.scala:69)
	at com.firebase.core.namespace.rules.tree.RuleNode.validateRule(RuleNode.scala:85)
	at com.firebase.core.namespace.rules.tree.RuleNode.$anonfun$validateRule$6(RuleNode.scala:81)
	at com.firebase.core.namespace.rules.tree.RuleNode.$anonfun$validateRule$6$adapted(RuleNode.scala:80)
	at scala.collection.IndexedSeqOptimized.foreach(IndexedSeqOptimized.scala:36)
	at scala.collection.IndexedSeqOptimized.foreach$(IndexedSeqOptimized.scala:33)
	at scala.collection.mutable.ArrayOps$ofRef.foreach(ArrayOps.scala:198)
	at com.firebase.core.namespace.rules.tree.RuleNode.validateRule(RuleNode.scala:80)
	at com.firebase.core.namespace.rules.tree.RuleNodeParser$.$anonfun$parse$1(RuleNodeParser.scala:38)
	at scala.util.DynamicVariable.withValue(DynamicVariable.scala:62)
	at com.firebase.core.namespace.rules.tree.RuleNodeParser$.parse(RuleNodeParser.scala:29)
	at com.firebase.core.namespace.NamespaceManager.parseUntrustedRules(NamespaceManager.scala:266)
	at com.firebase.core.namespace.NamespaceManager.updateRules(NamespaceManager.scala:310)
	at com.firebase.core.namespace.NamespaceActor.$anonfun$new$5(NamespaceActor.scala:1811)
	at com.firebase.core.namespace.NamespaceActor.$anonfun$new$5$adapted(NamespaceActor.scala:1807)
	at com.firebase.util.misc.MutableProvider.$anonfun$set$1(Provider.scala:28)
	at com.firebase.util.misc.MutableProvider.$anonfun$set$1$adapted(Provider.scala:27)
	at scala.collection.immutable.HashSet$HashSet1.foreach(HashSet.scala:330)
	at scala.collection.immutable.HashSet$HashTrieSet.foreach(HashSet.scala:1104)
	at com.firebase.util.misc.MutableProvider.set(Provider.scala:27)
	at com.firebase.core.namespace.NamespaceActor.persistMetadataResult(NamespaceActor.scala:1877)
	at com.firebase.core.namespace.NamespaceActor.$anonfun$handleNewRules$1(NamespaceActor.scala:1802)
	at com.firebase.util.result.package$Result.flatMap(package.scala:59)
	at com.firebase.util.result.package$Result.flatMap$(package.scala:57)
	at com.firebase.util.result.package$Value.flatMap(package.scala:203)
	at com.firebase.core.namespace.NamespaceActor.handleNewRules(NamespaceActor.scala:1801)
	at com.firebase.core.namespace.NamespaceActor.handleAllowedAdminMessage(NamespaceActor.scala:780)
	at com.firebase.core.namespace.NamespaceActor.handleAdminMessage(NamespaceActor.scala:771)
	at com.firebase.core.namespace.NamespaceActor.$anonfun$handleEnvelope$9(NamespaceActor.scala:689)
	at scala.concurrent.Future$.$anonfun$apply$1(Future.scala:659)
	at scala.util.Success.$anonfun$map$1(Try.scala:255)
	at scala.util.Success.map(Try.scala:213)
	at scala.concurrent.Future.$anonfun$map$1(Future.scala:292)
	at scala.concurrent.impl.Promise.liftedTree1$1(Promise.scala:33)
	at scala.concurrent.impl.Promise.$anonfun$transform$1(Promise.scala:33)
	at scala.concurrent.impl.CallbackRunnable.run(Promise.scala:64)
	at com.firebase.core.util.LoggingExecutionContextExecutor.$anonfun$execute$3(LoggingExecutionContextExecutor.scala:23)
	at scala.runtime.java8.JFunction0$mcV$sp.apply(JFunction0$mcV$sp.java:23)
	at com.firebase.core.util.LoggingExecutionContextExecutor.wrapExecution(LoggingExecutionContextExecutor.scala:29)
	at com.firebase.core.util.LoggingExecutionContextExecutor.$anonfun$execute$2(LoggingExecutionContextExecutor.scala:23)
	at akka.dispatch.TaskInvocation.run(AbstractDispatcher.scala:48)
	at akka.dispatch.ForkJoinExecutorConfigurator$AkkaForkJoinTask.exec(ForkJoinExecutorConfigurator.scala:48)
	at java.base/java.util.concurrent.ForkJoinTask.doExec(ForkJoinTask.java:511)
	at java.base/java.util.concurrent.ForkJoinPool$WorkQueue.topLevelExec(ForkJoinPool.java:1450)
	at java.base/java.util.concurrent.ForkJoinPool.runWorker(ForkJoinPool.java:2019)
	at java.base/java.util.concurrent.ForkJoinWorkerThread.run(ForkJoinWorkerThread.java:187)
13:31:46.418 [NamespaceSystem-blocking-namespace-operation-dispatcher-12] ERROR com.firebase.core.namespace.rules.util.ValidationContext - invalid path (rh.read) found while validating ruleset (thread: NamespaceSystem-blocking-namespace-operation-dispatcher-12)
com.firebase.core.namespace.rules.util.ExpressionValidationException: String can't contain ".", "#", "$", "/", "[", or "]"
	at com.firebase.core.namespace.rules.ast.Helpers$.validationError(Helpers.scala:29)
	at com.firebase.core.namespace.rules.util.ValidationContext.maybeValidateStringLiteralAsPath(ValidationContext.scala:59)
	at com.firebase.core.namespace.rules.ast.StringLiteral.validate(Literals.scala:51)
	at com.firebase.core.namespace.rules.ast.members.data.Child$.validate(Child.scala:15)
	at com.firebase.core.namespace.rules.ast.FunctionCall.validate(FunctionCall.scala:32)
	at com.firebase.core.namespace.rules.ast.PropertyGet.validate(PropertyGet.scala:77)
	at com.firebase.core.namespace.rules.ast.FunctionCall.validate(FunctionCall.scala:23)
	at com.firebase.core.namespace.rules.ast.Equals.validate(EqualityOperators.scala:51)
	at com.firebase.core.namespace.rules.ast.Or.validate(LogicalOperators.scala:53)
	at com.firebase.core.namespace.rules.ast.And.validate(LogicalOperators.scala:25)
	at com.firebase.core.namespace.rules.tree.RuleExpression.validate(RuleExpression.scala:76)
	at com.firebase.core.namespace.rules.tree.RuleNode.$anonfun$validateRule$1(RuleNode.scala:68)
	at com.firebase.core.namespace.rules.tree.RuleNode.$anonfun$validateRule$1$adapted(RuleNode.scala:68)
	at scala.Option.foreach(Option.scala:407)
	at com.firebase.core.namespace.rules.tree.RuleNode.validateRule(RuleNode.scala:68)
	at com.firebase.core.namespace.rules.tree.RuleNode.$anonfun$validateRule$6(RuleNode.scala:81)
	at com.firebase.core.namespace.rules.tree.RuleNode.$anonfun$validateRule$6$adapted(RuleNode.scala:80)
	at scala.collection.IndexedSeqOptimized.foreach(IndexedSeqOptimized.scala:36)
	at scala.collection.IndexedSeqOptimized.foreach$(IndexedSeqOptimized.scala:33)
	at scala.collection.mutable.ArrayOps$ofRef.foreach(ArrayOps.scala:198)
	at com.firebase.core.namespace.rules.tree.RuleNode.validateRule(RuleNode.scala:80)
	at com.firebase.core.namespace.rules.tree.RuleNode.validateRule(RuleNode.scala:85)
	at com.firebase.core.namespace.rules.tree.RuleNode.$anonfun$validateRule$6(RuleNode.scala:81)
	at com.firebase.core.namespace.rules.tree.RuleNode.$anonfun$validateRule$6$adapted(RuleNode.scala:80)
	at scala.collection.IndexedSeqOptimized.foreach(IndexedSeqOptimized.scala:36)
	at scala.collection.IndexedSeqOptimized.foreach$(IndexedSeqOptimized.scala:33)
	at scala.collection.mutable.ArrayOps$ofRef.foreach(ArrayOps.scala:198)
	at com.firebase.core.namespace.rules.tree.RuleNode.validateRule(RuleNode.scala:80)
	at com.firebase.core.namespace.rules.tree.RuleNodeParser$.$anonfun$parse$1(RuleNodeParser.scala:38)
	at scala.util.DynamicVariable.withValue(DynamicVariable.scala:62)
	at com.firebase.core.namespace.rules.tree.RuleNodeParser$.parse(RuleNodeParser.scala:29)
	at com.firebase.core.namespace.NamespaceManager.parseUntrustedRules(NamespaceManager.scala:266)
	at com.firebase.core.namespace.NamespaceManager.updateRules(NamespaceManager.scala:310)
	at com.firebase.core.namespace.NamespaceActor.$anonfun$new$5(NamespaceActor.scala:1811)
	at com.firebase.core.namespace.NamespaceActor.$anonfun$new$5$adapted(NamespaceActor.scala:1807)
	at com.firebase.util.misc.MutableProvider.$anonfun$set$1(Provider.scala:28)
	at com.firebase.util.misc.MutableProvider.$anonfun$set$1$adapted(Provider.scala:27)
	at scala.collection.immutable.HashSet$HashSet1.foreach(HashSet.scala:330)
	at scala.collection.immutable.HashSet$HashTrieSet.foreach(HashSet.scala:1104)
	at com.firebase.util.misc.MutableProvider.set(Provider.scala:27)
	at com.firebase.core.namespace.NamespaceActor.persistMetadataResult(NamespaceActor.scala:1877)
	at com.firebase.core.namespace.NamespaceActor.$anonfun$handleNewRules$1(NamespaceActor.scala:1802)
	at com.firebase.util.result.package$Result.flatMap(package.scala:59)
	at com.firebase.util.result.package$Result.flatMap$(package.scala:57)
	at com.firebase.util.result.package$Value.flatMap(package.scala:203)
	at com.firebase.core.namespace.NamespaceActor.handleNewRules(NamespaceActor.scala:1801)
	at com.firebase.core.namespace.NamespaceActor.handleAllowedAdminMessage(NamespaceActor.scala:780)
	at com.firebase.core.namespace.NamespaceActor.handleAdminMessage(NamespaceActor.scala:771)
	at com.firebase.core.namespace.NamespaceActor.$anonfun$handleEnvelope$9(NamespaceActor.scala:689)
	at scala.concurrent.Future$.$anonfun$apply$1(Future.scala:659)
	at scala.util.Success.$anonfun$map$1(Try.scala:255)
	at scala.util.Success.map(Try.scala:213)
	at scala.concurrent.Future.$anonfun$map$1(Future.scala:292)
	at scala.concurrent.impl.Promise.liftedTree1$1(Promise.scala:33)
	at scala.concurrent.impl.Promise.$anonfun$transform$1(Promise.scala:33)
	at scala.concurrent.impl.CallbackRunnable.run(Promise.scala:64)
	at com.firebase.core.util.LoggingExecutionContextExecutor.$anonfun$execute$3(LoggingExecutionContextExecutor.scala:23)
	at scala.runtime.java8.JFunction0$mcV$sp.apply(JFunction0$mcV$sp.java:23)
	at com.firebase.core.util.LoggingExecutionContextExecutor.wrapExecution(LoggingExecutionContextExecutor.scala:29)
	at com.firebase.core.util.LoggingExecutionContextExecutor.$anonfun$execute$2(LoggingExecutionContextExecutor.scala:23)
	at akka.dispatch.TaskInvocation.run(AbstractDispatcher.scala:48)
	at akka.dispatch.ForkJoinExecutorConfigurator$AkkaForkJoinTask.exec(ForkJoinExecutorConfigurator.scala:48)
	at java.base/java.util.concurrent.ForkJoinTask.doExec(ForkJoinTask.java:511)
	at java.base/java.util.concurrent.ForkJoinPool$WorkQueue.topLevelExec(ForkJoinPool.java:1450)
	at java.base/java.util.concurrent.ForkJoinPool.runWorker(ForkJoinPool.java:2019)
	at java.base/java.util.concurrent.ForkJoinWorkerThread.run(ForkJoinWorkerThread.java:187)
13:31:46.419 [NamespaceSystem-blocking-namespace-operation-dispatcher-12] ERROR com.firebase.core.namespace.rules.util.ValidationContext - invalid path (attendance.read) found while validating ruleset (thread: NamespaceSystem-blocking-namespace-operation-dispatcher-12)
com.firebase.core.namespace.rules.util.ExpressionValidationException: String can't contain ".", "#", "$", "/", "[", or "]"
	at com.firebase.core.namespace.rules.ast.Helpers$.validationError(Helpers.scala:29)
	at com.firebase.core.namespace.rules.util.ValidationContext.maybeValidateStringLiteralAsPath(ValidationContext.scala:59)
	at com.firebase.core.namespace.rules.ast.StringLiteral.validate(Literals.scala:51)
	at com.firebase.core.namespace.rules.ast.members.data.Child$.validate(Child.scala:15)
	at com.firebase.core.namespace.rules.ast.FunctionCall.validate(FunctionCall.scala:32)
	at com.firebase.core.namespace.rules.ast.PropertyGet.validate(PropertyGet.scala:77)
	at com.firebase.core.namespace.rules.ast.FunctionCall.validate(FunctionCall.scala:23)
	at com.firebase.core.namespace.rules.ast.Equals.validate(EqualityOperators.scala:51)
	at com.firebase.core.namespace.rules.ast.Or.validate(LogicalOperators.scala:53)
	at com.firebase.core.namespace.rules.ast.Or.validate(LogicalOperators.scala:54)
	at com.firebase.core.namespace.rules.ast.And.validate(LogicalOperators.scala:25)
	at com.firebase.core.namespace.rules.tree.RuleExpression.validate(RuleExpression.scala:76)
	at com.firebase.core.namespace.rules.tree.RuleNode.$anonfun$validateRule$1(RuleNode.scala:68)
	at com.firebase.core.namespace.rules.tree.RuleNode.$anonfun$validateRule$1$adapted(RuleNode.scala:68)
	at scala.Option.foreach(Option.scala:407)
	at com.firebase.core.namespace.rules.tree.RuleNode.validateRule(RuleNode.scala:68)
	at com.firebase.core.namespace.rules.tree.RuleNode.validateRule(RuleNode.scala:85)
	at com.firebase.core.namespace.rules.tree.RuleNode.$anonfun$validateRule$6(RuleNode.scala:81)
	at com.firebase.core.namespace.rules.tree.RuleNode.$anonfun$validateRule$6$adapted(RuleNode.scala:80)
	at scala.collection.IndexedSeqOptimized.foreach(IndexedSeqOptimized.scala:36)
	at scala.collection.IndexedSeqOptimized.foreach$(IndexedSeqOptimized.scala:33)
	at scala.collection.mutable.ArrayOps$ofRef.foreach(ArrayOps.scala:198)
	at com.firebase.core.namespace.rules.tree.RuleNode.validateRule(RuleNode.scala:80)
	at com.firebase.core.namespace.rules.tree.RuleNodeParser$.$anonfun$parse$1(RuleNodeParser.scala:38)
	at scala.util.DynamicVariable.withValue(DynamicVariable.scala:62)
	at com.firebase.core.namespace.rules.tree.RuleNodeParser$.parse(RuleNodeParser.scala:29)
	at com.firebase.core.namespace.NamespaceManager.parseUntrustedRules(NamespaceManager.scala:266)
	at com.firebase.core.namespace.NamespaceManager.updateRules(NamespaceManager.scala:310)
	at com.firebase.core.namespace.NamespaceActor.$anonfun$new$5(NamespaceActor.scala:1811)
	at com.firebase.core.namespace.NamespaceActor.$anonfun$new$5$adapted(NamespaceActor.scala:1807)
	at com.firebase.util.misc.MutableProvider.$anonfun$set$1(Provider.scala:28)
	at com.firebase.util.misc.MutableProvider.$anonfun$set$1$adapted(Provider.scala:27)
	at scala.collection.immutable.HashSet$HashSet1.foreach(HashSet.scala:330)
	at scala.collection.immutable.HashSet$HashTrieSet.foreach(HashSet.scala:1104)
	at com.firebase.util.misc.MutableProvider.set(Provider.scala:27)
	at com.firebase.core.namespace.NamespaceActor.persistMetadataResult(NamespaceActor.scala:1877)
	at com.firebase.core.namespace.NamespaceActor.$anonfun$handleNewRules$1(NamespaceActor.scala:1802)
	at com.firebase.util.result.package$Result.flatMap(package.scala:59)
	at com.firebase.util.result.package$Result.flatMap$(package.scala:57)
	at com.firebase.util.result.package$Value.flatMap(package.scala:203)
	at com.firebase.core.namespace.NamespaceActor.handleNewRules(NamespaceActor.scala:1801)
	at com.firebase.core.namespace.NamespaceActor.handleAllowedAdminMessage(NamespaceActor.scala:780)
	at com.firebase.core.namespace.NamespaceActor.handleAdminMessage(NamespaceActor.scala:771)
	at com.firebase.core.namespace.NamespaceActor.$anonfun$handleEnvelope$9(NamespaceActor.scala:689)
	at scala.concurrent.Future$.$anonfun$apply$1(Future.scala:659)
	at scala.util.Success.$anonfun$map$1(Try.scala:255)
	at scala.util.Success.map(Try.scala:213)
	at scala.concurrent.Future.$anonfun$map$1(Future.scala:292)
	at scala.concurrent.impl.Promise.liftedTree1$1(Promise.scala:33)
	at scala.concurrent.impl.Promise.$anonfun$transform$1(Promise.scala:33)
	at scala.concurrent.impl.CallbackRunnable.run(Promise.scala:64)
	at com.firebase.core.util.LoggingExecutionContextExecutor.$anonfun$execute$3(LoggingExecutionContextExecutor.scala:23)
	at scala.runtime.java8.JFunction0$mcV$sp.apply(JFunction0$mcV$sp.java:23)
	at com.firebase.core.util.LoggingExecutionContextExecutor.wrapExecution(LoggingExecutionContextExecutor.scala:29)
	at com.firebase.core.util.LoggingExecutionContextExecutor.$anonfun$execute$2(LoggingExecutionContextExecutor.scala:23)
	at akka.dispatch.TaskInvocation.run(AbstractDispatcher.scala:48)
	at akka.dispatch.ForkJoinExecutorConfigurator$AkkaForkJoinTask.exec(ForkJoinExecutorConfigurator.scala:48)
	at java.base/java.util.concurrent.ForkJoinTask.doExec(ForkJoinTask.java:511)
	at java.base/java.util.concurrent.ForkJoinPool$WorkQueue.topLevelExec(ForkJoinPool.java:1450)
	at java.base/java.util.concurrent.ForkJoinPool.runWorker(ForkJoinPool.java:2019)
	at java.base/java.util.concurrent.ForkJoinWorkerThread.run(ForkJoinWorkerThread.java:187)
13:31:46.420 [NamespaceSystem-blocking-namespace-operation-dispatcher-12] ERROR com.firebase.core.namespace.rules.util.ValidationContext - invalid path (attendance.manage) found while validating ruleset (thread: NamespaceSystem-blocking-namespace-operation-dispatcher-12)
com.firebase.core.namespace.rules.util.ExpressionValidationException: String can't contain ".", "#", "$", "/", "[", or "]"
	at com.firebase.core.namespace.rules.ast.Helpers$.validationError(Helpers.scala:29)
	at com.firebase.core.namespace.rules.util.ValidationContext.maybeValidateStringLiteralAsPath(ValidationContext.scala:59)
	at com.firebase.core.namespace.rules.ast.StringLiteral.validate(Literals.scala:51)
	at com.firebase.core.namespace.rules.ast.members.data.Child$.validate(Child.scala:15)
	at com.firebase.core.namespace.rules.ast.FunctionCall.validate(FunctionCall.scala:32)
	at com.firebase.core.namespace.rules.ast.PropertyGet.validate(PropertyGet.scala:77)
	at com.firebase.core.namespace.rules.ast.FunctionCall.validate(FunctionCall.scala:23)
	at com.firebase.core.namespace.rules.ast.Equals.validate(EqualityOperators.scala:51)
	at com.firebase.core.namespace.rules.ast.Or.validate(LogicalOperators.scala:53)
	at com.firebase.core.namespace.rules.ast.And.validate(LogicalOperators.scala:25)
	at com.firebase.core.namespace.rules.tree.RuleExpression.validate(RuleExpression.scala:76)
	at com.firebase.core.namespace.rules.tree.RuleNode.$anonfun$validateRule$2(RuleNode.scala:69)
	at com.firebase.core.namespace.rules.tree.RuleNode.$anonfun$validateRule$2$adapted(RuleNode.scala:69)
	at scala.Option.foreach(Option.scala:407)
	at com.firebase.core.namespace.rules.tree.RuleNode.validateRule(RuleNode.scala:69)
	at com.firebase.core.namespace.rules.tree.RuleNode.validateRule(RuleNode.scala:85)
	at com.firebase.core.namespace.rules.tree.RuleNode.$anonfun$validateRule$6(RuleNode.scala:81)
	at com.firebase.core.namespace.rules.tree.RuleNode.$anonfun$validateRule$6$adapted(RuleNode.scala:80)
	at scala.collection.IndexedSeqOptimized.foreach(IndexedSeqOptimized.scala:36)
	at scala.collection.IndexedSeqOptimized.foreach$(IndexedSeqOptimized.scala:33)
	at scala.collection.mutable.ArrayOps$ofRef.foreach(ArrayOps.scala:198)
	at com.firebase.core.namespace.rules.tree.RuleNode.validateRule(RuleNode.scala:80)
	at com.firebase.core.namespace.rules.tree.RuleNodeParser$.$anonfun$parse$1(RuleNodeParser.scala:38)
	at scala.util.DynamicVariable.withValue(DynamicVariable.scala:62)
	at com.firebase.core.namespace.rules.tree.RuleNodeParser$.parse(RuleNodeParser.scala:29)
	at com.firebase.core.namespace.NamespaceManager.parseUntrustedRules(NamespaceManager.scala:266)
	at com.firebase.core.namespace.NamespaceManager.updateRules(NamespaceManager.scala:310)
	at com.firebase.core.namespace.NamespaceActor.$anonfun$new$5(NamespaceActor.scala:1811)
	at com.firebase.core.namespace.NamespaceActor.$anonfun$new$5$adapted(NamespaceActor.scala:1807)
	at com.firebase.util.misc.MutableProvider.$anonfun$set$1(Provider.scala:28)
	at com.firebase.util.misc.MutableProvider.$anonfun$set$1$adapted(Provider.scala:27)
	at scala.collection.immutable.HashSet$HashSet1.foreach(HashSet.scala:330)
	at scala.collection.immutable.HashSet$HashTrieSet.foreach(HashSet.scala:1104)
	at com.firebase.util.misc.MutableProvider.set(Provider.scala:27)
	at com.firebase.core.namespace.NamespaceActor.persistMetadataResult(NamespaceActor.scala:1877)
	at com.firebase.core.namespace.NamespaceActor.$anonfun$handleNewRules$1(NamespaceActor.scala:1802)
	at com.firebase.util.result.package$Result.flatMap(package.scala:59)
	at com.firebase.util.result.package$Result.flatMap$(package.scala:57)
	at com.firebase.util.result.package$Value.flatMap(package.scala:203)
	at com.firebase.core.namespace.NamespaceActor.handleNewRules(NamespaceActor.scala:1801)
	at com.firebase.core.namespace.NamespaceActor.handleAllowedAdminMessage(NamespaceActor.scala:780)
	at com.firebase.core.namespace.NamespaceActor.handleAdminMessage(NamespaceActor.scala:771)
	at com.firebase.core.namespace.NamespaceActor.$anonfun$handleEnvelope$9(NamespaceActor.scala:689)
	at scala.concurrent.Future$.$anonfun$apply$1(Future.scala:659)
	at scala.util.Success.$anonfun$map$1(Try.scala:255)
	at scala.util.Success.map(Try.scala:213)
	at scala.concurrent.Future.$anonfun$map$1(Future.scala:292)
	at scala.concurrent.impl.Promise.liftedTree1$1(Promise.scala:33)
	at scala.concurrent.impl.Promise.$anonfun$transform$1(Promise.scala:33)
	at scala.concurrent.impl.CallbackRunnable.run(Promise.scala:64)
	at com.firebase.core.util.LoggingExecutionContextExecutor.$anonfun$execute$3(LoggingExecutionContextExecutor.scala:23)
	at scala.runtime.java8.JFunction0$mcV$sp.apply(JFunction0$mcV$sp.java:23)
	at com.firebase.core.util.LoggingExecutionContextExecutor.wrapExecution(LoggingExecutionContextExecutor.scala:29)
	at com.firebase.core.util.LoggingExecutionContextExecutor.$anonfun$execute$2(LoggingExecutionContextExecutor.scala:23)
	at akka.dispatch.TaskInvocation.run(AbstractDispatcher.scala:48)
	at akka.dispatch.ForkJoinExecutorConfigurator$AkkaForkJoinTask.exec(ForkJoinExecutorConfigurator.scala:48)
	at java.base/java.util.concurrent.ForkJoinTask.doExec(ForkJoinTask.java:511)
	at java.base/java.util.concurrent.ForkJoinPool$WorkQueue.topLevelExec(ForkJoinPool.java:1450)
	at java.base/java.util.concurrent.ForkJoinPool.runWorker(ForkJoinPool.java:2019)
	at java.base/java.util.concurrent.ForkJoinWorkerThread.run(ForkJoinWorkerThread.java:187)
13:31:46.424 [NamespaceSystem-blocking-namespace-operation-dispatcher-12] ERROR com.firebase.core.namespace.rules.util.ValidationContext - invalid path (attendance.read) found while validating ruleset (thread: NamespaceSystem-blocking-namespace-operation-dispatcher-12)
com.firebase.core.namespace.rules.util.ExpressionValidationException: String can't contain ".", "#", "$", "/", "[", or "]"
	at com.firebase.core.namespace.rules.ast.Helpers$.validationError(Helpers.scala:29)
	at com.firebase.core.namespace.rules.util.ValidationContext.maybeValidateStringLiteralAsPath(ValidationContext.scala:59)
	at com.firebase.core.namespace.rules.ast.StringLiteral.validate(Literals.scala:51)
	at com.firebase.core.namespace.rules.ast.members.data.Child$.validate(Child.scala:15)
	at com.firebase.core.namespace.rules.ast.FunctionCall.validate(FunctionCall.scala:32)
	at com.firebase.core.namespace.rules.ast.PropertyGet.validate(PropertyGet.scala:77)
	at com.firebase.core.namespace.rules.ast.FunctionCall.validate(FunctionCall.scala:23)
	at com.firebase.core.namespace.rules.ast.Equals.validate(EqualityOperators.scala:51)
	at com.firebase.core.namespace.rules.ast.Or.validate(LogicalOperators.scala:53)
	at com.firebase.core.namespace.rules.ast.And.validate(LogicalOperators.scala:25)
	at com.firebase.core.namespace.rules.tree.RuleExpression.validate(RuleExpression.scala:76)
	at com.firebase.core.namespace.rules.tree.RuleNode.$anonfun$validateRule$1(RuleNode.scala:68)
	at com.firebase.core.namespace.rules.tree.RuleNode.$anonfun$validateRule$1$adapted(RuleNode.scala:68)
	at scala.Option.foreach(Option.scala:407)
	at com.firebase.core.namespace.rules.tree.RuleNode.validateRule(RuleNode.scala:68)
	at com.firebase.core.namespace.rules.tree.RuleNode.validateRule(RuleNode.scala:85)
	at com.firebase.core.namespace.rules.tree.RuleNode.$anonfun$validateRule$6(RuleNode.scala:81)
	at com.firebase.core.namespace.rules.tree.RuleNode.$anonfun$validateRule$6$adapted(RuleNode.scala:80)
	at scala.collection.IndexedSeqOptimized.foreach(IndexedSeqOptimized.scala:36)
	at scala.collection.IndexedSeqOptimized.foreach$(IndexedSeqOptimized.scala:33)
	at scala.collection.mutable.ArrayOps$ofRef.foreach(ArrayOps.scala:198)
	at com.firebase.core.namespace.rules.tree.RuleNode.validateRule(RuleNode.scala:80)
	at com.firebase.core.namespace.rules.tree.RuleNodeParser$.$anonfun$parse$1(RuleNodeParser.scala:38)
	at scala.util.DynamicVariable.withValue(DynamicVariable.scala:62)
	at com.firebase.core.namespace.rules.tree.RuleNodeParser$.parse(RuleNodeParser.scala:29)
	at com.firebase.core.namespace.NamespaceManager.parseUntrustedRules(NamespaceManager.scala:266)
	at com.firebase.core.namespace.NamespaceManager.updateRules(NamespaceManager.scala:310)
	at com.firebase.core.namespace.NamespaceActor.$anonfun$new$5(NamespaceActor.scala:1811)
	at com.firebase.core.namespace.NamespaceActor.$anonfun$new$5$adapted(NamespaceActor.scala:1807)
	at com.firebase.util.misc.MutableProvider.$anonfun$set$1(Provider.scala:28)
	at com.firebase.util.misc.MutableProvider.$anonfun$set$1$adapted(Provider.scala:27)
	at scala.collection.immutable.HashSet$HashSet1.foreach(HashSet.scala:330)
	at scala.collection.immutable.HashSet$HashTrieSet.foreach(HashSet.scala:1104)
	at com.firebase.util.misc.MutableProvider.set(Provider.scala:27)
	at com.firebase.core.namespace.NamespaceActor.persistMetadataResult(NamespaceActor.scala:1877)
	at com.firebase.core.namespace.NamespaceActor.$anonfun$handleNewRules$1(NamespaceActor.scala:1802)
	at com.firebase.util.result.package$Result.flatMap(package.scala:59)
	at com.firebase.util.result.package$Result.flatMap$(package.scala:57)
	at com.firebase.util.result.package$Value.flatMap(package.scala:203)
	at com.firebase.core.namespace.NamespaceActor.handleNewRules(NamespaceActor.scala:1801)
	at com.firebase.core.namespace.NamespaceActor.handleAllowedAdminMessage(NamespaceActor.scala:780)
	at com.firebase.core.namespace.NamespaceActor.handleAdminMessage(NamespaceActor.scala:771)
	at com.firebase.core.namespace.NamespaceActor.$anonfun$handleEnvelope$9(NamespaceActor.scala:689)
	at scala.concurrent.Future$.$anonfun$apply$1(Future.scala:659)
	at scala.util.Success.$anonfun$map$1(Try.scala:255)
	at scala.util.Success.map(Try.scala:213)
	at scala.concurrent.Future.$anonfun$map$1(Future.scala:292)
	at scala.concurrent.impl.Promise.liftedTree1$1(Promise.scala:33)
	at scala.concurrent.impl.Promise.$anonfun$transform$1(Promise.scala:33)
	at scala.concurrent.impl.CallbackRunnable.run(Promise.scala:64)
	at com.firebase.core.util.LoggingExecutionContextExecutor.$anonfun$execute$3(LoggingExecutionContextExecutor.scala:23)
	at scala.runtime.java8.JFunction0$mcV$sp.apply(JFunction0$mcV$sp.java:23)
	at com.firebase.core.util.LoggingExecutionContextExecutor.wrapExecution(LoggingExecutionContextExecutor.scala:29)
	at com.firebase.core.util.LoggingExecutionContextExecutor.$anonfun$execute$2(LoggingExecutionContextExecutor.scala:23)
	at akka.dispatch.TaskInvocation.run(AbstractDispatcher.scala:48)
	at akka.dispatch.ForkJoinExecutorConfigurator$AkkaForkJoinTask.exec(ForkJoinExecutorConfigurator.scala:48)
	at java.base/java.util.concurrent.ForkJoinTask.doExec(ForkJoinTask.java:511)
	at java.base/java.util.concurrent.ForkJoinPool$WorkQueue.topLevelExec(ForkJoinPool.java:1450)
	at java.base/java.util.concurrent.ForkJoinPool.runWorker(ForkJoinPool.java:2019)
	at java.base/java.util.concurrent.ForkJoinWorkerThread.run(ForkJoinWorkerThread.java:187)
13:31:46.424 [NamespaceSystem-blocking-namespace-operation-dispatcher-12] ERROR com.firebase.core.namespace.rules.util.ValidationContext - invalid path (attendance.manage) found while validating ruleset (thread: NamespaceSystem-blocking-namespace-operation-dispatcher-12)
com.firebase.core.namespace.rules.util.ExpressionValidationException: String can't contain ".", "#", "$", "/", "[", or "]"
	at com.firebase.core.namespace.rules.ast.Helpers$.validationError(Helpers.scala:29)
	at com.firebase.core.namespace.rules.util.ValidationContext.maybeValidateStringLiteralAsPath(ValidationContext.scala:59)
	at com.firebase.core.namespace.rules.ast.StringLiteral.validate(Literals.scala:51)
	at com.firebase.core.namespace.rules.ast.members.data.Child$.validate(Child.scala:15)
	at com.firebase.core.namespace.rules.ast.FunctionCall.validate(FunctionCall.scala:32)
	at com.firebase.core.namespace.rules.ast.PropertyGet.validate(PropertyGet.scala:77)
	at com.firebase.core.namespace.rules.ast.FunctionCall.validate(FunctionCall.scala:23)
	at com.firebase.core.namespace.rules.ast.Equals.validate(EqualityOperators.scala:51)
	at com.firebase.core.namespace.rules.ast.Or.validate(LogicalOperators.scala:53)
	at com.firebase.core.namespace.rules.ast.And.validate(LogicalOperators.scala:25)
	at com.firebase.core.namespace.rules.tree.RuleExpression.validate(RuleExpression.scala:76)
	at com.firebase.core.namespace.rules.tree.RuleNode.$anonfun$validateRule$2(RuleNode.scala:69)
	at com.firebase.core.namespace.rules.tree.RuleNode.$anonfun$validateRule$2$adapted(RuleNode.scala:69)
	at scala.Option.foreach(Option.scala:407)
	at com.firebase.core.namespace.rules.tree.RuleNode.validateRule(RuleNode.scala:69)
	at com.firebase.core.namespace.rules.tree.RuleNode.validateRule(RuleNode.scala:85)
	at com.firebase.core.namespace.rules.tree.RuleNode.$anonfun$validateRule$6(RuleNode.scala:81)
	at com.firebase.core.namespace.rules.tree.RuleNode.$anonfun$validateRule$6$adapted(RuleNode.scala:80)
	at scala.collection.IndexedSeqOptimized.foreach(IndexedSeqOptimized.scala:36)
	at scala.collection.IndexedSeqOptimized.foreach$(IndexedSeqOptimized.scala:33)
	at scala.collection.mutable.ArrayOps$ofRef.foreach(ArrayOps.scala:198)
	at com.firebase.core.namespace.rules.tree.RuleNode.validateRule(RuleNode.scala:80)
	at com.firebase.core.namespace.rules.tree.RuleNodeParser$.$anonfun$parse$1(RuleNodeParser.scala:38)
	at scala.util.DynamicVariable.withValue(DynamicVariable.scala:62)
	at com.firebase.core.namespace.rules.tree.RuleNodeParser$.parse(RuleNodeParser.scala:29)
	at com.firebase.core.namespace.NamespaceManager.parseUntrustedRules(NamespaceManager.scala:266)
	at com.firebase.core.namespace.NamespaceManager.updateRules(NamespaceManager.scala:310)
	at com.firebase.core.namespace.NamespaceActor.$anonfun$new$5(NamespaceActor.scala:1811)
	at com.firebase.core.namespace.NamespaceActor.$anonfun$new$5$adapted(NamespaceActor.scala:1807)
	at com.firebase.util.misc.MutableProvider.$anonfun$set$1(Provider.scala:28)
	at com.firebase.util.misc.MutableProvider.$anonfun$set$1$adapted(Provider.scala:27)
	at scala.collection.immutable.HashSet$HashSet1.foreach(HashSet.scala:330)
	at scala.collection.immutable.HashSet$HashTrieSet.foreach(HashSet.scala:1104)
	at com.firebase.util.misc.MutableProvider.set(Provider.scala:27)
	at com.firebase.core.namespace.NamespaceActor.persistMetadataResult(NamespaceActor.scala:1877)
	at com.firebase.core.namespace.NamespaceActor.$anonfun$handleNewRules$1(NamespaceActor.scala:1802)
	at com.firebase.util.result.package$Result.flatMap(package.scala:59)
	at com.firebase.util.result.package$Result.flatMap$(package.scala:57)
	at com.firebase.util.result.package$Value.flatMap(package.scala:203)
	at com.firebase.core.namespace.NamespaceActor.handleNewRules(NamespaceActor.scala:1801)
	at com.firebase.core.namespace.NamespaceActor.handleAllowedAdminMessage(NamespaceActor.scala:780)
	at com.firebase.core.namespace.NamespaceActor.handleAdminMessage(NamespaceActor.scala:771)
	at com.firebase.core.namespace.NamespaceActor.$anonfun$handleEnvelope$9(NamespaceActor.scala:689)
	at scala.concurrent.Future$.$anonfun$apply$1(Future.scala:659)
	at scala.util.Success.$anonfun$map$1(Try.scala:255)
	at scala.util.Success.map(Try.scala:213)
	at scala.concurrent.Future.$anonfun$map$1(Future.scala:292)
	at scala.concurrent.impl.Promise.liftedTree1$1(Promise.scala:33)
	at scala.concurrent.impl.Promise.$anonfun$transform$1(Promise.scala:33)
	at scala.concurrent.impl.CallbackRunnable.run(Promise.scala:64)
	at com.firebase.core.util.LoggingExecutionContextExecutor.$anonfun$execute$3(LoggingExecutionContextExecutor.scala:23)
	at scala.runtime.java8.JFunction0$mcV$sp.apply(JFunction0$mcV$sp.java:23)
	at com.firebase.core.util.LoggingExecutionContextExecutor.wrapExecution(LoggingExecutionContextExecutor.scala:29)
	at com.firebase.core.util.LoggingExecutionContextExecutor.$anonfun$execute$2(LoggingExecutionContextExecutor.scala:23)
	at akka.dispatch.TaskInvocation.run(AbstractDispatcher.scala:48)
	at akka.dispatch.ForkJoinExecutorConfigurator$AkkaForkJoinTask.exec(ForkJoinExecutorConfigurator.scala:48)
	at java.base/java.util.concurrent.ForkJoinTask.doExec(ForkJoinTask.java:511)
	at java.base/java.util.concurrent.ForkJoinPool$WorkQueue.topLevelExec(ForkJoinPool.java:1450)
	at java.base/java.util.concurrent.ForkJoinPool.runWorker(ForkJoinPool.java:2019)
	at java.base/java.util.concurrent.ForkJoinWorkerThread.run(ForkJoinWorkerThread.java:187)
13:31:46.425 [NamespaceSystem-blocking-namespace-operation-dispatcher-12] ERROR com.firebase.core.namespace.rules.util.ValidationContext - invalid path (events.read) found while validating ruleset (thread: NamespaceSystem-blocking-namespace-operation-dispatcher-12)
com.firebase.core.namespace.rules.util.ExpressionValidationException: String can't contain ".", "#", "$", "/", "[", or "]"
	at com.firebase.core.namespace.rules.ast.Helpers$.validationError(Helpers.scala:29)
	at com.firebase.core.namespace.rules.util.ValidationContext.maybeValidateStringLiteralAsPath(ValidationContext.scala:59)
	at com.firebase.core.namespace.rules.ast.StringLiteral.validate(Literals.scala:51)
	at com.firebase.core.namespace.rules.ast.members.data.Child$.validate(Child.scala:15)
	at com.firebase.core.namespace.rules.ast.FunctionCall.validate(FunctionCall.scala:32)
	at com.firebase.core.namespace.rules.ast.PropertyGet.validate(PropertyGet.scala:77)
	at com.firebase.core.namespace.rules.ast.FunctionCall.validate(FunctionCall.scala:23)
	at com.firebase.core.namespace.rules.ast.Equals.validate(EqualityOperators.scala:51)
	at com.firebase.core.namespace.rules.ast.Or.validate(LogicalOperators.scala:53)
	at com.firebase.core.namespace.rules.ast.And.validate(LogicalOperators.scala:25)
	at com.firebase.core.namespace.rules.ast.Or.validate(LogicalOperators.scala:54)
	at com.firebase.core.namespace.rules.tree.RuleExpression.validate(RuleExpression.scala:76)
	at com.firebase.core.namespace.rules.tree.RuleNode.$anonfun$validateRule$1(RuleNode.scala:68)
	at com.firebase.core.namespace.rules.tree.RuleNode.$anonfun$validateRule$1$adapted(RuleNode.scala:68)
	at scala.Option.foreach(Option.scala:407)
	at com.firebase.core.namespace.rules.tree.RuleNode.validateRule(RuleNode.scala:68)
	at com.firebase.core.namespace.rules.tree.RuleNode.validateRule(RuleNode.scala:85)
	at com.firebase.core.namespace.rules.tree.RuleNode.$anonfun$validateRule$6(RuleNode.scala:81)
	at com.firebase.core.namespace.rules.tree.RuleNode.$anonfun$validateRule$6$adapted(RuleNode.scala:80)
	at scala.collection.IndexedSeqOptimized.foreach(IndexedSeqOptimized.scala:36)
	at scala.collection.IndexedSeqOptimized.foreach$(IndexedSeqOptimized.scala:33)
	at scala.collection.mutable.ArrayOps$ofRef.foreach(ArrayOps.scala:198)
	at com.firebase.core.namespace.rules.tree.RuleNode.validateRule(RuleNode.scala:80)
	at com.firebase.core.namespace.rules.tree.RuleNodeParser$.$anonfun$parse$1(RuleNodeParser.scala:38)
	at scala.util.DynamicVariable.withValue(DynamicVariable.scala:62)
	at com.firebase.core.namespace.rules.tree.RuleNodeParser$.parse(RuleNodeParser.scala:29)
	at com.firebase.core.namespace.NamespaceManager.parseUntrustedRules(NamespaceManager.scala:266)
	at com.firebase.core.namespace.NamespaceManager.updateRules(NamespaceManager.scala:310)
	at com.firebase.core.namespace.NamespaceActor.$anonfun$new$5(NamespaceActor.scala:1811)
	at com.firebase.core.namespace.NamespaceActor.$anonfun$new$5$adapted(NamespaceActor.scala:1807)
	at com.firebase.util.misc.MutableProvider.$anonfun$set$1(Provider.scala:28)
	at com.firebase.util.misc.MutableProvider.$anonfun$set$1$adapted(Provider.scala:27)
	at scala.collection.immutable.HashSet$HashSet1.foreach(HashSet.scala:330)
	at scala.collection.immutable.HashSet$HashTrieSet.foreach(HashSet.scala:1104)
	at com.firebase.util.misc.MutableProvider.set(Provider.scala:27)
	at com.firebase.core.namespace.NamespaceActor.persistMetadataResult(NamespaceActor.scala:1877)
	at com.firebase.core.namespace.NamespaceActor.$anonfun$handleNewRules$1(NamespaceActor.scala:1802)
	at com.firebase.util.result.package$Result.flatMap(package.scala:59)
	at com.firebase.util.result.package$Result.flatMap$(package.scala:57)
	at com.firebase.util.result.package$Value.flatMap(package.scala:203)
	at com.firebase.core.namespace.NamespaceActor.handleNewRules(NamespaceActor.scala:1801)
	at com.firebase.core.namespace.NamespaceActor.handleAllowedAdminMessage(NamespaceActor.scala:780)
	at com.firebase.core.namespace.NamespaceActor.handleAdminMessage(NamespaceActor.scala:771)
	at com.firebase.core.namespace.NamespaceActor.$anonfun$handleEnvelope$9(NamespaceActor.scala:689)
	at scala.concurrent.Future$.$anonfun$apply$1(Future.scala:659)
	at scala.util.Success.$anonfun$map$1(Try.scala:255)
	at scala.util.Success.map(Try.scala:213)
	at scala.concurrent.Future.$anonfun$map$1(Future.scala:292)
	at scala.concurrent.impl.Promise.liftedTree1$1(Promise.scala:33)
	at scala.concurrent.impl.Promise.$anonfun$transform$1(Promise.scala:33)
	at scala.concurrent.impl.CallbackRunnable.run(Promise.scala:64)
	at com.firebase.core.util.LoggingExecutionContextExecutor.$anonfun$execute$3(LoggingExecutionContextExecutor.scala:23)
	at scala.runtime.java8.JFunction0$mcV$sp.apply(JFunction0$mcV$sp.java:23)
	at com.firebase.core.util.LoggingExecutionContextExecutor.wrapExecution(LoggingExecutionContextExecutor.scala:29)
	at com.firebase.core.util.LoggingExecutionContextExecutor.$anonfun$execute$2(LoggingExecutionContextExecutor.scala:23)
	at akka.dispatch.TaskInvocation.run(AbstractDispatcher.scala:48)
	at akka.dispatch.ForkJoinExecutorConfigurator$AkkaForkJoinTask.exec(ForkJoinExecutorConfigurator.scala:48)
	at java.base/java.util.concurrent.ForkJoinTask.doExec(ForkJoinTask.java:511)
	at java.base/java.util.concurrent.ForkJoinPool$WorkQueue.topLevelExec(ForkJoinPool.java:1450)
	at java.base/java.util.concurrent.ForkJoinPool.runWorker(ForkJoinPool.java:2019)
	at java.base/java.util.concurrent.ForkJoinWorkerThread.run(ForkJoinWorkerThread.java:187)
13:31:46.426 [NamespaceSystem-blocking-namespace-operation-dispatcher-12] ERROR com.firebase.core.namespace.rules.util.ValidationContext - invalid path (events.manage) found while validating ruleset (thread: NamespaceSystem-blocking-namespace-operation-dispatcher-12)
com.firebase.core.namespace.rules.util.ExpressionValidationException: String can't contain ".", "#", "$", "/", "[", or "]"
	at com.firebase.core.namespace.rules.ast.Helpers$.validationError(Helpers.scala:29)
	at com.firebase.core.namespace.rules.util.ValidationContext.maybeValidateStringLiteralAsPath(ValidationContext.scala:59)
	at com.firebase.core.namespace.rules.ast.StringLiteral.validate(Literals.scala:51)
	at com.firebase.core.namespace.rules.ast.members.data.Child$.validate(Child.scala:15)
	at com.firebase.core.namespace.rules.ast.FunctionCall.validate(FunctionCall.scala:32)
	at com.firebase.core.namespace.rules.ast.PropertyGet.validate(PropertyGet.scala:77)
	at com.firebase.core.namespace.rules.ast.FunctionCall.validate(FunctionCall.scala:23)
	at com.firebase.core.namespace.rules.ast.Equals.validate(EqualityOperators.scala:51)
	at com.firebase.core.namespace.rules.ast.Or.validate(LogicalOperators.scala:53)
	at com.firebase.core.namespace.rules.ast.And.validate(LogicalOperators.scala:25)
	at com.firebase.core.namespace.rules.tree.RuleExpression.validate(RuleExpression.scala:76)
	at com.firebase.core.namespace.rules.tree.RuleNode.$anonfun$validateRule$2(RuleNode.scala:69)
	at com.firebase.core.namespace.rules.tree.RuleNode.$anonfun$validateRule$2$adapted(RuleNode.scala:69)
	at scala.Option.foreach(Option.scala:407)
	at com.firebase.core.namespace.rules.tree.RuleNode.validateRule(RuleNode.scala:69)
	at com.firebase.core.namespace.rules.tree.RuleNode.validateRule(RuleNode.scala:85)
	at com.firebase.core.namespace.rules.tree.RuleNode.$anonfun$validateRule$6(RuleNode.scala:81)
	at com.firebase.core.namespace.rules.tree.RuleNode.$anonfun$validateRule$6$adapted(RuleNode.scala:80)
	at scala.collection.IndexedSeqOptimized.foreach(IndexedSeqOptimized.scala:36)
	at scala.collection.IndexedSeqOptimized.foreach$(IndexedSeqOptimized.scala:33)
	at scala.collection.mutable.ArrayOps$ofRef.foreach(ArrayOps.scala:198)
	at com.firebase.core.namespace.rules.tree.RuleNode.validateRule(RuleNode.scala:80)
	at com.firebase.core.namespace.rules.tree.RuleNodeParser$.$anonfun$parse$1(RuleNodeParser.scala:38)
	at scala.util.DynamicVariable.withValue(DynamicVariable.scala:62)
	at com.firebase.core.namespace.rules.tree.RuleNodeParser$.parse(RuleNodeParser.scala:29)
	at com.firebase.core.namespace.NamespaceManager.parseUntrustedRules(NamespaceManager.scala:266)
	at com.firebase.core.namespace.NamespaceManager.updateRules(NamespaceManager.scala:310)
	at com.firebase.core.namespace.NamespaceActor.$anonfun$new$5(NamespaceActor.scala:1811)
	at com.firebase.core.namespace.NamespaceActor.$anonfun$new$5$adapted(NamespaceActor.scala:1807)
	at com.firebase.util.misc.MutableProvider.$anonfun$set$1(Provider.scala:28)
	at com.firebase.util.misc.MutableProvider.$anonfun$set$1$adapted(Provider.scala:27)
	at scala.collection.immutable.HashSet$HashSet1.foreach(HashSet.scala:330)
	at scala.collection.immutable.HashSet$HashTrieSet.foreach(HashSet.scala:1104)
	at com.firebase.util.misc.MutableProvider.set(Provider.scala:27)
	at com.firebase.core.namespace.NamespaceActor.persistMetadataResult(NamespaceActor.scala:1877)
	at com.firebase.core.namespace.NamespaceActor.$anonfun$handleNewRules$1(NamespaceActor.scala:1802)
	at com.firebase.util.result.package$Result.flatMap(package.scala:59)
	at com.firebase.util.result.package$Result.flatMap$(package.scala:57)
	at com.firebase.util.result.package$Value.flatMap(package.scala:203)
	at com.firebase.core.namespace.NamespaceActor.handleNewRules(NamespaceActor.scala:1801)
	at com.firebase.core.namespace.NamespaceActor.handleAllowedAdminMessage(NamespaceActor.scala:780)
	at com.firebase.core.namespace.NamespaceActor.handleAdminMessage(NamespaceActor.scala:771)
	at com.firebase.core.namespace.NamespaceActor.$anonfun$handleEnvelope$9(NamespaceActor.scala:689)
	at scala.concurrent.Future$.$anonfun$apply$1(Future.scala:659)
	at scala.util.Success.$anonfun$map$1(Try.scala:255)
	at scala.util.Success.map(Try.scala:213)
	at scala.concurrent.Future.$anonfun$map$1(Future.scala:292)
	at scala.concurrent.impl.Promise.liftedTree1$1(Promise.scala:33)
	at scala.concurrent.impl.Promise.$anonfun$transform$1(Promise.scala:33)
	at scala.concurrent.impl.CallbackRunnable.run(Promise.scala:64)
	at com.firebase.core.util.LoggingExecutionContextExecutor.$anonfun$execute$3(LoggingExecutionContextExecutor.scala:23)
	at scala.runtime.java8.JFunction0$mcV$sp.apply(JFunction0$mcV$sp.java:23)
	at com.firebase.core.util.LoggingExecutionContextExecutor.wrapExecution(LoggingExecutionContextExecutor.scala:29)
	at com.firebase.core.util.LoggingExecutionContextExecutor.$anonfun$execute$2(LoggingExecutionContextExecutor.scala:23)
	at akka.dispatch.TaskInvocation.run(AbstractDispatcher.scala:48)
	at akka.dispatch.ForkJoinExecutorConfigurator$AkkaForkJoinTask.exec(ForkJoinExecutorConfigurator.scala:48)
	at java.base/java.util.concurrent.ForkJoinTask.doExec(ForkJoinTask.java:511)
	at java.base/java.util.concurrent.ForkJoinPool$WorkQueue.topLevelExec(ForkJoinPool.java:1450)
	at java.base/java.util.concurrent.ForkJoinPool.runWorker(ForkJoinPool.java:2019)
	at java.base/java.util.concurrent.ForkJoinWorkerThread.run(ForkJoinWorkerThread.java:187)
13:32:31.318 [Thread-0] INFO com.firebase.server.forge.App$ - Attempting graceful shutdown.
13:32:31.333 [NamespaceSystem-akka.actor.default-dispatcher-9] INFO com.firebase.core.namespace.Terminator$Terminator - 2 actors left to terminate: site-amm-test, site-amm-test-default-rtdb
13:32:31.348 [NamespaceSystem-akka.actor.default-dispatcher-11] INFO com.firebase.core.namespace.NamespaceActor - stopped namespace actor for site-amm-test-default-rtdb
13:32:31.349 [NamespaceSystem-akka.actor.default-dispatcher-9] INFO com.firebase.core.namespace.NamespaceActor - stopped namespace actor for site-amm-test
13:32:31.358 [Thread-0] INFO com.firebase.server.forge.App$ - Graceful shutdown complete.
